threshold,precision,recall,f1
0.039924342,0.12299603174603174,1.0,0.21904980653348927
0.04056156,0.1229786305283835,0.9998386836586546,0.21901833987047173
0.043167066,0.12300059535622147,0.9998386836586546,0.21905317287792608
0.043220427,0.12301768453645079,0.9998386836586546,0.2190802728781054
0.04371661,0.12303722084367245,0.9998386836586546,0.21911125251862973
0.043717,0.12306164995532612,0.9998386836586546,0.21914998939235134
0.04390501,0.12308120023035526,0.9998386836586546,0.2191809887543136
0.044493202,0.1231007567181076,0.9998386836586546,0.21921199688740467
0.044816762,0.12311787374359381,0.9998386836586546,0.2192391362018528
0.045205627,0.12313499552994935,0.9998386836586546,0.21926628223704248
0.04613072,0.12315212207916071,0.9998386836586546,0.2192934349954705
0.046331104,0.12317170111287758,0.9998386836586546,0.2193244749551294
0.047110543,0.12318638947410264,0.9998386836586546,0.2193477606920348
0.04721046,0.12320597940603506,0.9998386836586546,0.21937881603378392
0.047798444,0.12322802552836153,0.9998386836586546,0.21941376380609176
0.04869909,0.12324027678358387,0.9998386836586546,0.21943318404682094
0.048906162,0.123250079541839,0.9998386836586546,0.21944872271476554
0.049176976,0.12325253047507308,0.9998386836586546,0.21945260772561273
0.05031552,0.12327459326146625,0.9998386836586546,0.21948757901427063
0.0508796,0.12328685377837009,0.9998386836586546,0.21950701232449643
0.051336452,0.12328930617441121,0.9998386836586546,0.21951089939949645
0.05280404,0.12329175866801934,0.9998386836586546,0.21951478661216509
0.053441353,0.12331138212999622,0.9998386836586546,0.2195458892704644
0.05429831,0.1233334659927568,0.9998386836586546,0.2195808902979286
0.054349974,0.12333592024356754,0.9998386836586546,0.21958477998988454
0.05476684,0.12333837459205604,0.9998386836586546,0.21958866981964825
0.05514249,0.12336046812491293,0.9998386836586546,0.21962368449007766
0.055506967,0.12338256957439185,0.9998386836586546,0.21965871032886725
0.056076437,0.12339730827426933,0.9998386836586546,0.21968206709534374
0.0579165,0.12341696535244923,0.9998386836586546,0.2197132171784144
0.05826142,0.12342679624024215,0.9998386836586546,0.21972879553290725
0.058548022,0.12344154550886277,0.9998386836586546,0.21975216720716487
0.058659237,0.12344400406301659,0.9998386836586546,0.21975606296959582
0.059141528,0.1234685949919321,0.9998386836586546,0.2197950281922934
0.059218034,0.12347597418120966,0.9998386836586546,0.21980672045374525
0.05947911,0.12349319572017772,0.9998386836586546,0.21983400723538632
0.05974903,0.12350796086324053,0.9998386836586546,0.21985740129809092
0.06003061,0.12351042206368817,0.9998386836586546,0.2198613007926245
0.0604486,0.12351288336222874,0.9998386836586546,0.21986520042548713
0.060517706,0.12351534475886808,0.9998386836586546,0.21986910019668607
0.06086076,0.123535039464243,0.9998386836586546,0.21990030334727015
0.060863353,0.12354981461547662,0.9998386836586546,0.21992371152291254
0.06101787,0.12356705675950477,0.9998386836586546,0.21995102736060476
0.061161015,0.12358183957091301,0.9998386836586546,0.21997444633711252
0.06139238,0.12359169674370377,0.9998386836586546,0.21999006175887278
0.061472744,0.1236064854516084,0.9998386836586546,0.2200134890488262
0.062287867,0.12361388113282808,0.9998386836586546,0.2200252045650254
0.06261148,0.12361634655657273,0.9998386836586546,0.22002911001435915
0.06265153,0.12361881207866289,0.9998386836586546,0.22003301560233884
0.06399036,0.12364593931414208,0.9998386836586546,0.22007598622286273
0.064101696,0.12365827381189896,0.9998386836586546,0.22009552387189443
0.0645461,0.1236730784579775,0.9998386836586546,0.2201189736302755
0.064573154,0.12369282350123732,0.9998386836586546,0.22015024774875178
0.06459348,0.12371010558671483,0.9998386836586546,0.22017761989323206
0.06550506,0.12372492264697076,0.9998386836586546,0.22020108714941142
0.06575454,0.12375456741808598,0.9998386836586546,0.22024803667227474
0.065832205,0.12375703845693063,0.9998386836586546,0.2202519500362283
0.06587807,0.12375950959445697,0.9998386836586546,0.22025586353924956
0.06604491,0.1237743384922616,0.9998386836586546,0.22027934747821315
0.06621408,0.12380153403643336,0.9998386836586546,0.22032241437514827
0.066500716,0.12382132012146396,0.9998386836586546,0.2203537463334631
0.0667404,0.12382379382679053,0.9998386836586546,0.22035766345484706
0.0667822,0.12383616383616383,0.9998386836586546,0.22037725115093543
0.06766895,0.12386338655848438,0.9998386836586546,0.22042035634249024
0.06768489,0.1238930977272273,0.9998386836586546,0.22046739942355795
0.067698814,0.12391291309302466,0.9998386836586546,0.2204987726349029
0.06794791,0.12394016957286834,0.9998386836586546,0.22054192538276315
0.067961,0.1239426480292759,0.9998386836586546,0.22054584919739828
0.06854626,0.12392512898452186,0.9996773673173093,0.2205141891288848
0.068961,0.12393256404615723,0.9996773673173093,0.22052595993005533
0.06950564,0.12393504259829607,0.9996773673173093,0.22052988380970034
0.070076875,0.12393752124957501,0.9996773673173093,0.2205338078289852
0.070161134,0.12394991599327947,0.9996773673173093,0.22055343002026817
0.070277005,0.1239747129196175,0.9996773673173093,0.2205926848801098
0.0704617,0.12397719315794739,0.9996773673173093,0.22059661113464635
0.070613824,0.12399207667220233,0.9996773673173093,0.22062017159722613
0.0706623,0.12400944528936204,0.9996773673173093,0.22064766516510245
0.07069741,0.12401192691761222,0.9996773673173093,0.22065159337705126
0.07071779,0.12403178351980465,0.9996773673173093,0.2206830241086316
0.07143383,0.12406158034874176,0.9996773673173093,0.22073018699891309
0.071713,0.1240764841325458,0.9996773673173093,0.22075377600436324
0.07174052,0.12408642197793396,0.9996773673173093,0.2207695048092086
0.07209013,0.12410878795161419,0.9996773673173093,0.2208049028164289
0.07210692,0.12411873097260054,0.9996773673173093,0.22082063890799383
0.07228789,0.12412867558689207,0.9996773673173093,0.22083637724264507
0.07230788,0.12411113114195861,0.9995160509759639,0.22080467552811678
0.07243878,0.1241260492417413,0.9995160509759639,0.22082828426810486
0.07254918,0.12414594562103028,0.9995160509759639,0.22085977044252106
0.07295037,0.12415589620278529,0.9995160509759639,0.22087551689699436
0.07297422,0.12416833667334669,0.9995160509759639,0.2208952031228537
0.07314615,0.12419322509520946,0.9995160509759639,0.22093458610403058
0.07317651,0.12421065292785118,0.9995160509759639,0.22096216254750137
0.07328716,0.12421314301752134,0.9995160509759639,0.22096610260139743
0.07344986,0.12424552327096994,0.9995160509759639,0.22101733609169172
0.07350487,0.12427293513578563,0.9995160509759639,0.22106070606684222
0.07355163,0.12430035909884246,0.9995160509759639,0.22110409306621298
0.073682666,0.12431282853818065,0.9995160509759639,0.22112382006011624
0.07377639,0.12433777492374377,0.9995160509759639,0.22116328461010817
0.073795415,0.1243502518714753,0.9995160509759639,0.2211830221680822
0.07422003,0.12436772380570052,0.9995160509759639,0.22121066066850487
0.07438934,0.12437022019711355,0.9995160509759639,0.22121460958957784
0.07442254,0.12438769774351562,0.9995160509759639,0.22124225598523456
0.074446715,0.12440767809814472,0.9995160509759639,0.22127386032871404
0.07451499,0.12443016367105131,0.9995160509759639,0.22130942600973272
0.07464222,0.12444765807021772,0.9995160509759639,0.22133709611140037
0.07483515,0.12443007210717658,0.9993547346346184,0.22130532633138594
0.07568908,0.12444256960347114,0.9993547346346184,0.22132509244188162
0.07575948,0.12444506940398947,0.9993547346346184,0.22132904608769155
0.07614967,0.12446007031642391,0.9993547346346184,0.22135277092916306
0.0762,0.12447757595241922,0.9993547346346184,0.22138045634014641
0.076276116,0.1245050947605362,0.9993547346346184,0.22142397598093097
0.076506,0.12450759707371975,0.9993547346346184,0.2214279331603784
0.07725681,0.12451760733236855,0.9993547346346184,0.22144376329268423
0.077758595,0.12452011014853973,0.9993547346346184,0.22144772117942763
0.07820885,0.12454514384511771,0.9993547346346184,0.2214873078296206
0.07846817,0.12452754322476879,0.9991934182932731,0.22145551404188446
0.078481026,0.12454757500201077,0.9991934182932731,0.22148718957266944
0.07854031,0.12456510809451986,0.9991934182932731,0.2215149130961479
0.078723125,0.1245801403889861,0.9991934182932731,0.2215386816407771
0.0787435,0.12460269563468115,0.9991934182932731,0.22157434402312645
0.07889208,0.12462275159953322,0.9991934182932731,0.22160605355877308
0.079285115,0.12463027425099096,0.9991934182932731,0.2216179469746498
0.079365715,0.1246478306367222,0.9991934182932731,0.2216457032436166
0.079657406,0.12465786507808727,0.9991934182932731,0.2216615670905394
0.079789475,0.12468546812408157,0.9991934182932731,0.22170520438093236
0.07989602,0.12469550862641676,0.9991934182932731,0.22172107674665265
0.07996608,0.12467788693831534,0.9990321019519277,0.22168924844711882
0.08005145,0.12470550331245847,0.9990321019519277,0.2217329036875936
0.080282636,0.12473564422244154,0.9990321019519277,0.22178054719934423
0.080604166,0.12474820723551688,0.9990321019519277,0.22180040470585352
0.08068659,0.12475072014181254,0.9990321019519277,0.22180437663387734
0.080763906,0.12476579970586457,0.9990321019519277,0.22182821118971588
0.08116604,0.12477585477404146,0.9990321019519277,0.22184410373959337
0.08127718,0.12477836879432624,0.9990321019519277,0.221848077232881
0.081365384,0.12479848460422377,0.9990321019519277,0.2218798703041574
0.08137545,0.12481106027932848,0.9990321019519277,0.22189974560157974
0.08157847,0.12483118663199694,0.9990321019519277,0.22193155348484106
0.081643246,0.12483370288248337,0.9990321019519277,0.22193553011143327
0.08183502,0.12485383653884924,0.9990321019519277,0.2219673482552101
0.08200978,0.12486894104363255,0.9990321019519277,0.2219912178508644
0.082060926,0.12489160465444572,0.9990321019519277,0.22202703187159822
0.08233913,0.12490671829934855,0.9990321019519277,0.22205091430600535
0.0825049,0.1249167960949634,0.9990321019519277,0.2220668387835087
0.08273385,0.12492939562656338,0.9990321019519277,0.22208674759263738
0.083053105,0.12493191583788908,0.9990321019519277,0.22209072978283986
0.08328238,0.12493947708198838,0.9990321019519277,0.22210267721033908
0.0834047,0.1249546023162907,0.9990321019519277,0.2221265759220419
0.08346418,0.12496720947595698,0.9990321019519277,0.22214649544423878
0.08350852,0.12497981917985147,0.9990321019519277,0.2221664185393801
0.083568096,0.12499243142874443,0.9990321019519277,0.22218634520842714
0.083744794,0.1250151398926077,0.9990321019519277,0.2222222222220245
0.083955675,0.12503785660925923,0.9990321019519277,0.22225811082380456
0.08426376,0.12504038119851396,0.9990321019519277,0.22226209916178835
0.084279746,0.12506058158319872,0.9990321019519277,0.22229401101938265
0.08472167,0.12508078849571821,0.9990321019519277,0.2223259320419483
0.08490419,0.12510858366497646,0.9990321019519277,0.22236983841990984
0.08543101,0.12512627793267872,0.9990321019519277,0.22239778787260484
0.085582726,0.12514397720613493,0.9990321019519277,0.22242574435206303
0.0855996,0.1251465060825284,0.9990321019519277,0.22242973870861063
0.085643575,0.12516674077367718,0.9990321019519277,0.22246169872638574
0.08574544,0.12517939077880863,0.9990321019519277,0.22248167840187133
0.08581866,0.12518192108667528,0.9990321019519277,0.22248567476763448
0.085894026,0.12520216723273492,0.9990321019519277,0.2225176508630326
0.08604428,0.125232548734126,0.9990321019519277,0.22256563224360718
0.08606078,0.12524774501476357,0.9990321019519277,0.2225896306943837
0.086065546,0.12526801246005098,0.9990321019519277,0.2226216366804282
0.08608938,0.12528828646570908,0.9990321019519277,0.22265365187202688
0.08616978,0.12530603160471845,0.9990321019519277,0.22268167271922945
0.086233065,0.1253237817710863,0.9990321019519277,0.22270970062013817
0.086313136,0.1253313905247607,0.9990321019519277,0.22272171473762828
0.08639129,0.1253491478767761,0.9990321019519277,0.22274975271988098
0.08655784,0.12538213916951796,0.9990321019519277,0.2228018419914553
0.08657106,0.12538467768059605,0.9990321019519277,0.22280584986758617
0.08677272,0.12541260808813107,0.9990321019519277,0.22284994602355135
0.08708949,0.12541514783313082,0.9990321019519277,0.2228539556305256
0.087478384,0.1254278481012658,0.9990321019519277,0.22287400582986616
0.08756445,0.12544055094186754,0.9990321019519277,0.22289405963736952
0.08757554,0.12545833924194236,0.9990321019519277,0.2229221410314421
0.087579876,0.12548121732787615,0.9990321019519277,0.2229582560795814
0.08769439,0.12550664721141375,0.9990321019519277,0.22299839763766782
0.087989405,0.12552191008958613,0.9990321019519277,0.22302248951129852
0.088094346,0.1255346319907567,0.9990321019519277,0.22304257004950273
0.0882495,0.1255524469853627,0.9990321019519277,0.223070688878685
0.08837431,0.12557026703704455,0.9990321019519277,0.2230988147986056
0.08847405,0.12555253659921328,0.9988707856105824,0.2230668083648069
0.0886485,0.1255729061042385,0.9988707856105824,0.22309895692570547
0.08868075,0.12559328221978824,0.9988707856105824,0.22313111475449068
0.08883788,0.12560856864654332,0.9988707856105824,0.22315523921054126
0.08884256,0.12561621325543182,0.9988707856105824,0.2231673033948855
0.08896141,0.12561876166517894,0.9988707856105824,0.2231713250795442
0.08908677,0.12563405429533742,0.9988707856105824,0.22319545823175607
0.08956617,0.12565955028817274,0.9988707856105824,0.2232356917528434
0.08966201,0.1256697515830492,0.9988707856105824,0.22325178922299913
0.089787856,0.12567230216557407,0.9988707856105824,0.22325581395328986
0.08998973,0.12570036540803897,0.9988707856105824,0.2233000955658953
0.090009555,0.12571312557100803,0.9988707856105824,0.22332022937910678
0.09018556,0.1257156779144841,0.9988707856105824,0.22332425657744373
0.09057351,0.12573610039394062,0.9988707856105824,0.2233564793937954
0.09058151,0.1257463141220909,0.9988707856105824,0.22337259428922618
0.090733446,0.125761637825981,0.9988707856105824,0.22339677099285626
0.091007955,0.12577696526508228,0.9988707856105824,0.22342095293057765
0.09123853,0.12578718563360825,0.9988707856105824,0.22343707713105979
0.09130622,0.12580763135438255,0.9988707856105824,0.22346933251509443
0.091332056,0.12581785670744097,0.9988707856105824,0.22348546369965513
0.09142339,0.12584598500091457,0.9988707856105824,0.22352983646779878
0.09161642,0.12585877474694093,0.9988707856105824,0.22355001173328862
0.091897935,0.12586900841566045,0.9988707856105824,0.22356615456806794
0.091975436,0.1258792437487294,0.9988707856105824,0.22358229973440555
0.09198705,0.1258894807465539,0.9988707856105824,0.2235984472328065
0.09198934,0.12590995973809427,0.9988707856105824,0.22363074922782003
0.09201461,0.12592788432205976,0.9988707856105824,0.22365902113037728
0.09213783,0.1259458140102514,0.9988707856105824,0.22368730018223343
0.092258096,0.12596631133534056,0.9988707856105824,0.22371962785636332
0.09227905,0.1259893788023684,0.9988707856105824,0.223756007660698
0.092348404,0.12600476180785902,0.9988707856105824,0.22378026743745913
0.09247606,0.1260124547193618,0.9988707856105824,0.22379239929864264
0.092556514,0.12603040849972522,0.9988707856105824,0.22382071209089083
0.092721835,0.1260534994503481,0.9988707856105824,0.22385712478062564
0.09272937,0.1260688981187393,0.9988707856105824,0.22388140648990312
0.092731416,0.12609200317673652,0.9988707856105824,0.22391783893228567
0.09281815,0.12609457092819615,0.9988707856105824,0.22392188771338922
0.092824645,0.1260767742592404,0.998709469269237,0.22388977289145434
0.09287415,0.1260998859377546,0.998709469269237,0.2239262139431954
0.09295224,0.12611529843145244,0.998709469269237,0.22395051456870246
0.09304358,0.12613071469317905,0.998709469269237,0.22397482046902287
0.093073584,0.12613328443656663,0.998709469269237,0.22397887196535926
0.0931349,0.12614356445730354,0.998709469269237,0.223995079416567
0.09322314,0.12615898763067268,0.998709469269237,0.2240193949918402
0.093451716,0.1261692718416923,0.998709469269237,0.2240356083084061
0.09351433,0.1261847013024071,0.998709469269237,0.22405993268410462
0.09374317,0.12618727324609677,0.998709469269237,0.2240639872602557
0.09379045,0.12619498970627205,0.998709469269237,0.22407615186921337
0.09380769,0.12619756206938726,0.998709469269237,0.22408020703239392
0.0939232,0.12621814475025483,0.998709469269237,0.22411265362249078
0.09392783,0.12622071805745275,0.998709469269237,0.22411671010695394
0.09400778,0.1262413082930609,0.998709469269237,0.22414916726989487
0.09406303,0.12625160593021595,0.998709469269237,0.22416539937701843
0.094111964,0.12627478175736315,0.998709469269237,0.22420193021509396
0.094190314,0.12628766089386614,0.998709469269237,0.22422223027034502
0.094236985,0.12630311932594815,0.998709469269237,0.22424659518960074
0.09432632,0.12631600424385864,0.998709469269237,0.2242669033342811
0.09436921,0.1263392037222211,0.998709469269237,0.2243034672654794
0.09440377,0.12636241172388454,0.998709469269237,0.22434004312121086
0.094475016,0.12638046828750485,0.998709469269237,0.22436849925685853
0.09471926,0.1263985300122499,0.998709469269237,0.22439696261238865
0.094814755,0.12641401560011434,0.998709469269237,0.22442136552279182
0.09483935,0.12643983334694878,0.998709469269237,0.22446204883688328
0.095053196,0.12646307833724849,0.998709469269237,0.22449867643306
0.095071,0.12647857974626653,0.998709469269237,0.22452310147220197
0.095192015,0.12649666952719546,0.998709469269237,0.2245516040693675
0.09521573,0.1264992542040416,0.998709469269237,0.22455567645972058
0.09525569,0.1265225210496199,0.998709469269237,0.22459233462097541
0.09536372,0.12655873093748723,0.998709469269237,0.22464938222307088
0.09546881,0.1265794316090779,0.998709469269237,0.2246819938665008
0.09549795,0.12660531697341512,0.998709469269237,0.22472277173794436
0.0958084,0.12662344302865441,0.998709469269237,0.2247513250560698
0.09581974,0.12663898377891872,0.998709469269237,0.22477580510454556
0.09588694,0.12664157427484352,0.998709469269237,0.2247798856310973
0.09589548,0.12665452834434648,0.998709469269237,0.22480029048636524
0.09613385,0.12665711947626843,0.998709469269237,0.22480437190197716
0.096181355,0.12665971071421264,0.998709469269237,0.2248084534657939
0.09621177,0.12668303662778801,0.998709469269237,0.22484519421069926
0.09626849,0.12669859201047806,0.998709469269237,0.22486969471312854
0.09627054,0.12672193224849043,0.998709469269237,0.22490645547987426
0.0964546,0.12673490276356192,0.998709469269237,0.2249268833219313
0.09662554,0.1267530659459902,0.998709469269237,0.2249554885358271
0.09688553,0.12676604283549694,0.998709469269237,0.22497592528642543
0.09688733,0.12679200458753173,0.998709469269237,0.22501680992947093
0.09692505,0.12681537925807576,0.998709469269237,0.22505361881546038
0.09716399,0.12681797697570568,0.998709469269237,0.22505770943506548
0.09739654,0.12683356551667624,0.998709469269237,0.22508225627581754
0.09746457,0.12685435620031146,0.998709469269237,0.2251149937274149
0.09750555,0.12683646497141568,0.9985481529278916,0.22508272426437215
0.09788637,0.12684686161601672,0.9985481529278916,0.2250990945123277
0.09788839,0.12684946104348538,0.9985481529278916,0.22510318744638796
0.09790586,0.12686245977906668,0.9985481529278916,0.22512365434952353
0.09797472,0.12686505984587637,0.9985481529278916,0.22512774817677436
0.09816777,0.12686766001926586,0.9985481529278916,0.2251318421529187
0.098345935,0.12687806177875255,0.9985481529278916,0.22514821954659367
0.09835663,0.12689366761649,0.9985481529278916,0.22517279010529276
0.09836304,0.12689626896268963,0.9985481529278916,0.2251768857198021
0.09850001,0.12690927729369553,0.9985481529278916,0.22519736602737653
0.09861259,0.12691968587890345,0.9985481529278916,0.22521375295595777
0.098629825,0.12694050817217972,0.9985481529278916,0.22524653396872382
0.09864862,0.1269613372987386,0.9985481529278916,0.22527932452576704
0.09865613,0.12697435897435896,0.9985481529278916,0.2252998234724745
0.09871772,0.1269978047229232,0.9985481529278916,0.22533673097904985
0.099106126,0.127008227835115,0.9985481529278916,0.22535313819697467
0.099160016,0.1270290791930883,0.9985481529278916,0.2253859598017223
0.099275716,0.1270421147689024,0.9985481529278916,0.2254064781601333
0.09930889,0.12704472220511873,0.9985481529278916,0.22541058228012453
0.099436454,0.1270551530203822,0.9985481529278916,0.22542700025472523
0.09950106,0.12707341106914108,0.9985481529278916,0.22545573746588118
0.09951418,0.12708645574558072,0.9985481529278916,0.22547626853147196
0.099556334,0.12710994291346667,0.9985481529278916,0.22551323387414612
0.09979929,0.12712821671356103,0.9985481529278916,0.22554199307686282
0.099845156,0.1271491074913214,0.9985481529278916,0.22557486972029084
0.10010098,0.1271673925548525,0.9985481529278916,0.2256036446467244
0.10011411,0.12718568287821816,0.9985481529278916,0.22563242691530586
0.100142896,0.1271882962110627,0.9985481529278916,0.2256365392674832
0.10020364,0.1272092067406494,0.9985481529278916,0.22566944348218165
0.10066116,0.12723273930648907,0.9985481529278916,0.22570647219670015
0.10078463,0.1272147995889003,0.9983868365865463,0.2256741235025069
0.10083242,0.12719685913379514,0.9982255202452008,0.22564177362873764
0.10135079,0.1272047033671833,0.9982255202452008,0.22565411614530043
0.101468176,0.1271867612293144,0.9980642039038554,0.22562176354731606
0.10150742,0.12721029689941607,0.9980642039038554,0.22565879456531418
0.101524204,0.12723122480875215,0.9980642039038554,0.22569172123203898
0.10157502,0.12725215960510078,0.9980642039038554,0.2257246575090571
0.10169142,0.12728095620152646,0.9980642039038554,0.2257699605894943
0.10193373,0.1273045267489712,0.9980642039038554,0.2258070402742569
0.10195549,0.1273071462375769,0.9980642039038554,0.22581116099107637
0.10200785,0.12732286543329285,0.9980642039038554,0.22583588845066802
0.1020612,0.12733596772865727,0.9980642039038554,0.2258564988042602
0.10207964,0.12734907272091062,0.9980642039038554,0.22587711292010157
0.1021734,0.12736742424242425,0.9980642039038554,0.22590597900481982
0.10224311,0.12738578105375856,0.9980642039038554,0.22593485246839398
0.10224965,0.12738840388733322,0.9980642039038554,0.2259389778514252
0.10231577,0.12737043671628884,0.9979028875625101,0.22590658437696753
0.10232774,0.12737305934192644,0.9979028875625101,0.22591070939448563
0.10236763,0.12739929153966553,0.9979028875625101,0.22595196785661592
0.10240017,0.12741766050794043,0.9979028875625101,0.22598085774802742
0.10243156,0.12743340955441568,0.9979028875625101,0.22600562639269672
0.10252828,0.1274570404252689,0.9979028875625101,0.22604278954175736
0.10254081,0.1274911893819171,0.9979028875625101,0.22609649122786926
0.10257094,0.1275174702644761,0.9979028875625101,0.2261378175834218
0.10274401,0.1275200989486704,0.9979028875625101,0.2261419510499005
0.10275291,0.12752798565155546,0.9979028875625101,0.22615435235603054
0.1027734,0.12754113232444023,0.9979028875625101,0.2261750242223909
0.10288206,0.1275595422208475,0.9979028875625101,0.22620397118493815
0.10291057,0.1275753263626802,0.9979028875625101,0.2262287887651589
0.10301974,0.12759637796250078,0.9979028875625101,0.22626188734434907
0.103160426,0.12761480381235302,0.9979028875625101,0.2262908565469063
0.103218585,0.12762533525892306,0.9979028875625101,0.22630741370775043
0.10324802,0.12765430570172723,0.9979028875625101,0.22635295839564207
0.10328675,0.12767274828696443,0.9979028875625101,0.22638195092475905
0.103297114,0.12765474396813276,0.9977415712211647,0.22634949679760308
0.10340307,0.12767846083976714,0.9977415712211647,0.22638677915830618
0.103448465,0.12770218652571594,0.9977415712211647,0.22642407380269822
0.10359777,0.12772592103089378,0.9977415712211647,0.22646138073685096
0.10362067,0.12773911067969185,0.9977415712211647,0.22648211212400687
0.10368123,0.12776549815117025,0.9977415712211647,0.22652358628752212
0.10376078,0.12779189652678774,0.9977415712211647,0.22656507564359515
0.10394419,0.12777387495351047,0.9975802548798193,0.2265325933657345
0.10409085,0.12778707664331618,0.9975802548798193,0.22655334114868494
0.104120016,0.12778971730864605,0.9975802548798193,0.2265574911613454
0.104245335,0.12780292227251122,0.9975802548798193,0.2265782435054595
0.10449843,0.12778489645765304,0.997418938538474,0.22654575432791074
0.10452887,0.12780602753317624,0.997418938538474,0.22657896183353812
0.10467055,0.12782716559851148,0.997418938538474,0.22661217907583076
0.10470455,0.12784831065712748,0.997418938538474,0.22664540605907163
0.10478223,0.1278509542813424,0.997418938538474,0.22664956011710063
0.10482544,0.1278668183228208,0.997418938538474,0.22667448766339787
0.1048337,0.12786946271249536,0.997418938538474,0.22667864278754624
0.10495373,0.12789062176808835,0.997418938538474,0.22671188926554237
0.10509617,0.1279064956557716,0.997418938538474,0.22673683052474394
0.10551654,0.12792502017255292,0.997418938538474,0.22676593559724584
0.1056012,0.1279276669701233,0.997418938538474,0.22677009407472834
0.105604805,0.1279541409709863,0.997418938538474,0.22681168723957762
0.10561577,0.1279647336396374,0.997418938538474,0.22682832877797768
0.10564864,0.1279673820808411,0.997418938538474,0.22683248954415236
0.105676666,0.12798592423928792,0.997418938538474,0.2268616191819518
0.10567817,0.12802037393626933,0.997418938538474,0.22691573693461928
0.105691984,0.12802302468113302,0.997418938538474,0.22691990090813857
0.10585659,0.12804158296920623,0.997418938538474,0.2269490530022943
0.10589868,0.12805484218374616,0.997418938538474,0.22696988051298592
0.105924055,0.12805749435619163,0.997418938538474,0.22697404647386316
0.10597689,0.1280919825978869,0.997418938538474,0.227028217885201
0.10601186,0.12810790651417206,0.997418938538474,0.2270532287973305
0.106074035,0.12812383439015293,0.997418938538474,0.22707824522079828
0.10628823,0.12813445517470054,0.997418938538474,0.22709492589919772
0.106292635,0.12816898488837297,0.997418938538474,0.22714915503286212
0.10636174,0.12818758552058715,0.997418938538474,0.2271783660645016
0.106615625,0.1281902431944934,0.997418938538474,0.22718253968233784
0.10662281,0.12819290097860342,0.997418938538474,0.22718671345352856
0.10668212,0.12822214387922273,0.997418938538474,0.22723263506043753
0.10678199,0.12824341982452866,0.997418938538474,0.22726604425474187
0.10681034,0.12826204206945194,0.997418938538474,0.22729528535959956
0.10685927,0.1282780082987552,0.997418938538474,0.22732035515338544
0.10705414,0.12829930278884463,0.997418938538474,0.22735379014890358
0.107123785,0.12831527829660067,0.997418938538474,0.2273788728507679
0.10716945,0.1283339214180452,0.997418938538474,0.2274081429988049
0.107319236,0.1283578991073282,0.997418938538474,0.22744578712113547
0.10732818,0.1283738892118595,0.997418938538474,0.22747089012727437
0.107534386,0.12840054824105993,0.997418938538474,0.22751274078687495
0.10771755,0.1284032147529749,0.997418938538474,0.22751692669982734
0.107727915,0.12842188343787647,0.997418938538474,0.22754623240388286
0.10778627,0.12844055755208875,0.997418938538474,0.22757554565845292
0.10781463,0.12845389953047742,0.997418938538474,0.2275964883218121
0.10782753,0.12845656825878296,0.997418938538474,0.22760067731703262
0.10802312,0.12849127182044887,0.997418938538474,0.2276551482904511
0.10829076,0.12849394210187245,0.997418938538474,0.2276593394452855
0.10852988,0.12850729517396184,0.997418938538474,0.22768029753445795
0.10854506,0.12852332252432028,0.997418938538474,0.22770545233559236
0.108719684,0.12853935387301985,0.997418938538474,0.2277306126956965
0.108848624,0.12852123656472839,0.9972576221971285,0.22769797421710897
0.10886011,0.12852390852390852,0.9972576221971285,0.2277021676271942
0.1089839,0.12853726998648507,0.9972576221971285,0.2277231369946774
0.10914203,0.1285533074091788,0.9972576221971285,0.2277483053343099
0.10933205,0.12855598070204624,0.9972576221971285,0.22775250059846772
0.1093322,0.12856667498544214,0.9972576221971285,0.22776928320079978
0.10939477,0.12858539426336918,0.9972576221971285,0.22779865870714527
0.1094259,0.128604118993135,0.9972576221971285,0.22782804179161245
0.109631404,0.12862820166038993,0.9972576221971285,0.22786583118298964
0.10972347,0.12863890796346006,0.9972576221971285,0.2278826304922777
0.109760836,0.12867371576055284,0.9972576221971285,0.2279372453586457
0.1098293,0.1286763940636513,0.9972576221971285,0.22794144758653845
0.10991179,0.12868978725175903,0.9972576221971285,0.22796246105037188
0.110035054,0.12869246622395236,0.9972576221971285,0.22796666420807246
0.11005542,0.12871658199383693,0.9972576221971285,0.22800449960331604
0.11021148,0.12875143184421534,0.9972576221971285,0.22805917290716454
0.11023596,0.128762158671971,0.9972576221971285,0.22807600073766865
0.11027975,0.12874401166423663,0.9970963058557832,0.22804331384067258
0.110294156,0.12876010332472293,0.9970963058557832,0.22806855709073334
0.110489145,0.12876278565922963,0.9970963058557832,0.22807276484242317
0.110518746,0.12878156513042754,0.9970963058557832,0.2281022234521454
0.110613726,0.1288137712570857,0.9970963058557832,0.22815274163462748
0.11064458,0.12883256560435208,0.9970963058557832,0.22818222090942525
0.110734515,0.1288567378252168,0.9970963058557832,0.22822013402974173
0.1107759,0.12887285767899587,0.9970963058557832,0.22824541644336366
0.11087281,0.1288889815664359,0.9970963058557832,0.22827070445921932
0.11090829,0.12891048636022356,0.9970963058557832,0.22830443053149793
0.110957816,0.12891855250808218,0.9970963058557832,0.22831708037804782
0.11105204,0.12893199833124738,0.9970963058557832,0.22833816657103045
0.11114072,0.12895351748310105,0.9970963058557832,0.22837191258223605
0.11118399,0.12895620788216394,0.9970963058557832,0.22837613153499023
0.111326165,0.12896697060112253,0.9970963058557832,0.22839300890494435
0.111430794,0.1289885014294956,0.9970963058557832,0.22842677112955065
0.11146921,0.12900196184831156,0.9970963058557832,0.22844787758928578
0.111536734,0.12902081115494604,0.9970963058557832,0.22847743318650462
0.11158575,0.12903697208826537,0.9970963058557832,0.22850277264305033
0.11162518,0.1290558316281789,0.9970963058557832,0.2285323424470638
0.11166012,0.12907469668177168,0.9970963058557832,0.228561919905133
0.11168742,0.12910974641767975,0.9970963058557832,0.22861686978693663
0.11175615,0.1291286272379719,0.9970963058557832,0.22864646913011918
0.11176678,0.12914211691947683,0.9970963058557832,0.22866761621111378
0.11184079,0.12914751358127874,0.9970963058557832,0.22867607613883026
0.11186469,0.1291637062732478,0.9970963058557832,0.2287014596782607
0.11211077,0.1291772032853351,0.9970963058557832,0.2287226169328934
0.1121367,0.12919610384181263,0.9970963058557832,0.2287522436666424
0.11216007,0.129212308721465,0.9970963058557832,0.22877764411934898
0.112304226,0.12924202822791428,0.9970963058557832,0.22882422626960286
0.112366825,0.1292447306791569,0.9970963058557832,0.2288284619511879
0.11244636,0.12926094776025765,0.9970963058557832,0.2288538793340805
0.11250115,0.12926365100278145,0.9970963058557832,0.2288581161135409
0.112607606,0.12928798527443106,0.9970963058557832,0.22889625418906853
0.11278307,0.12930962343096233,0.9970963058557832,0.22893016537322958
0.11281447,0.12933397501621643,0.9970963058557832,0.22896832746784634
0.11281875,0.12935833577497802,0.9970963058557832,0.2290065022876387
0.11284327,0.12936916572481058,0.9970963058557832,0.22902347296050216
0.11291256,0.12937187349561505,0.9970963058557832,0.22902771602173239
0.11295761,0.12937458137977226,0.9970963058557832,0.2290319592401857
0.113021776,0.1293962485345838,0.9970963058557832,0.229065910648897
0.11310396,0.1294179229480737,0.9970963058557832,0.2290998721249286
0.11310836,0.12944502617801046,0.9970963058557832,0.2291423381339603
0.11317887,0.12946400519447876,0.9970963058557832,0.22917207370859488
0.11321438,0.12947214076246336,0.9970963058557832,0.22918481988893058
0.11338872,0.12947756504252378,0.9970963058557832,0.22919331813020793
0.11354007,0.12949112773133892,0.9970963058557832,0.2292145664909335
0.113604315,0.1294938406100729,0.9970963058557832,0.22921881663586854
0.11361664,0.12951012026987385,0.9970963058557832,0.22924432081574453
0.11362992,0.12951283394447355,0.9970963058557832,0.2292485720641834
0.11369859,0.12952640402347024,0.9970963058557832,0.22926983067173032
0.11374369,0.1295481220657277,0.9970963058557832,0.22930385264582417
0.113795705,0.12956441537752064,0.9970963058557832,0.22932937575343706
0.11387433,0.12958071278825997,0.9970963058557832,0.22935490454348
0.11391723,0.12959429709613168,0.9970963058557832,0.22937618287729666
0.114002354,0.12960516659327756,0.9970963058557832,0.22939320838725236
0.11407099,0.12962419260129185,0.9970963058557832,0.22942300911213237
0.11408959,0.1296377860273915,0.9970963058557832,0.22944430008517444
0.114099585,0.12965682161436481,0.9970963058557832,0.22947411408715315
0.114145145,0.12969490956397667,0.9970963058557832,0.2295337653413489
0.114161685,0.12972212894560106,0.9970963058557832,0.22957639237077324
0.11422434,0.12972485151216237,0.9970963058557832,0.22958065594452753
0.11438145,0.12972757419300676,0.9970963058557832,0.2295849196766465
0.11461831,0.1297466361594492,0.9970963058557832,0.22961477023643206
0.11487969,0.12975208346453387,0.9970963058557832,0.22962330039358472
0.114907764,0.1297657037285858,0.9970963058557832,0.22964462855954798
0.11491634,0.12976842812454073,0.9970963058557832,0.22964889466819668
0.11499305,0.12978477690288714,0.9970963058557832,0.2296744946490233
0.115064636,0.1298011298011298,0.9970963058557832,0.22970010033797297
0.11518178,0.12983112082003026,0.9970963058557832,0.2297470589326487
0.115380816,0.12985566923674868,0.9970963058557832,0.22978549388432712
0.11542833,0.12983738812555148,0.9969349895144378,0.22975258843409535
0.115433805,0.12986194288596103,0.9969349895144378,0.22979103145662658
0.11546991,0.1298783178866402,0.9969349895144378,0.22981666728624878
0.11547384,0.12989469701746642,0.9969349895144378,0.22984230883645176
0.11558617,0.12991381122556234,0.9969349895144378,0.22987223121108874
0.11559428,0.12993839490338724,0.9969349895144378,0.22991071428551024
0.115598835,0.1299657210153309,0.9969349895144378,0.22995348837188895
0.115618326,0.12998485613326602,0.9969349895144378,0.22998343970357124
0.11562647,0.12999852752476915,0.9969349895144378,0.23000483828927448
0.11567938,0.13002040773389997,0.9969349895144378,0.23003908431023698
0.11579075,0.13000210393435724,0.9967736731730924,0.23000614193431912
0.11585625,0.13002946127946127,0.9967736731730924,0.23004895846886633
0.11586499,0.13004314427023045,0.9967736731730924,0.2300703727145443
0.11610731,0.1300677809118848,0.9967736731730924,0.23010892840497224
0.116174534,0.1300896879868626,0.9967736731730924,0.230143210979925
0.11623503,0.1301116024426195,0.9967736731730924,0.230177503771518
0.11625808,0.1300932847606814,0.9966123568317471,0.23014453881666352
0.11631273,0.1300960242587601,0.9966123568317471,0.2301488256000341
0.1163246,0.13012342558658746,0.9966123568317471,0.2301917022186231
0.11642343,0.13012616635423468,0.9966123568317471,0.23019599075916677
0.116471484,0.1301480966525522,0.9966123568317471,0.2302303048369426
0.11653144,0.13016729172811933,0.9966123568317471,0.2302603380479125
0.116737016,0.13018374915711395,0.9966123568317471,0.23028608703735035
0.11673707,0.13020844310493815,0.9966123568317471,0.23032472132104972
0.11677087,0.13021118745521224,0.9966123568317471,0.23032901481944323
0.11689917,0.1302249109420122,0.9966123568317471,0.2303504847126964
0.11700059,0.13020657672849917,0.9964510404904017,0.2303174928687901
0.11701851,0.1301882417420266,0.9962897241490563,0.23028449979471705
0.11709881,0.13019098612926347,0.9962897241490563,0.23028879318360526
0.11711387,0.13021569082207088,0.9962897241490563,0.23032744088888332
0.11713504,0.1302431514793648,0.9962897241490563,0.2303703980004669
0.11718227,0.13025963343386834,0.9962897241490563,0.23039617995950598
0.117271885,0.13028161586330556,0.9962897241490563,0.23043056488301314
0.117324054,0.1302981075550117,0.9962897241490563,0.2304563603117473
0.11736513,0.13031735313977041,0.9962897241490563,0.23048646227890943
0.117383055,0.13033935505655916,0.9962897241490563,0.23052087415764388
0.11738714,0.1303641160949868,0.9962897241490563,0.2305595998056713
0.117486954,0.13039163939617862,0.9962897241490563,0.2306026435663699
0.117540315,0.1304136664062335,0.9962897241490563,0.23063709014842473
0.11757121,0.13044947617438324,0.9962897241490563,0.23069308779838701
0.11769605,0.13047427907468048,0.9962897241490563,0.23073187133390066
0.11772768,0.130485305613657,0.9962897241490563,0.23074911264690895
0.11786907,0.13049909140852808,0.9962897241490563,0.23077066791198575
0.11788827,0.13050184891706287,0.9962897241490563,0.23077497944826691
0.11791149,0.13051839641581606,0.9962897241490563,0.23080085204957282
0.117955506,0.13054598490773425,0.9962897241490563,0.23084398594582192
0.1182195,0.1305276063245117,0.996128407807711,0.23081092193524283
0.11825803,0.13053036548502336,0.996128407807711,0.23081523567429896
0.11837035,0.13054968287526428,0.996128407807711,0.2308454363630916
0.11837816,0.1305579635071992,0.996128407807711,0.23085838193489303
0.11868697,0.1305745279228606,0.996128407807711,0.23088427743482964
0.118830845,0.13059385838761525,0.996128407807711,0.23091449619484763
0.11884523,0.1306076693669494,0.996128407807711,0.23093608586688052
0.118889265,0.13062700964630225,0.996128407807711,0.230966318190964
0.11890148,0.13060861839182586,0.9959670914663655,0.23093323358872336
0.119125366,0.1306307259378372,0.9959670914663655,0.23096779020592267
0.119367756,0.13063348990732512,0.9959670914663655,0.23097211051026054
0.11938064,0.13061509489854214,0.9958057751250201,0.23093901982770365
0.11943791,0.13064273771983662,0.9958057751250201,0.23098222637958912
0.11951498,0.13067039224402532,0.9958057751250201,0.23102544910159128
0.11960821,0.1306842238970277,0.9958057751250201,0.23104706652922316
0.11965623,0.13069252429445516,0.9958057751250201,0.23106003892777813
0.11966412,0.1307035931313388,0.9958057751250201,0.23107733772533204
0.11967584,0.13072019990258985,0.9958057751250201,0.23110329077887462
0.11969267,0.1307561957212455,0.9958057751250201,0.23115954239901593
0.11984619,0.13076727534635427,0.9958057751250201,0.23117685609941088
0.119890556,0.13078112751848478,0.9958057751250201,0.23119850187245392
0.1199381,0.13079498262564623,0.9958057751250201,0.2312201516993921
0.11996271,0.13077656531412227,0.9956444587836748,0.23118702475913103
0.12004673,0.13080428102151107,0.9956444587836748,0.23123033118516859
0.120131776,0.13081259802467043,0.9956444587836748,0.2312433262769345
0.12020182,0.13083478187136982,0.9956444587836748,0.23127798699696553
0.12021502,0.13084865059679027,0.9956444587836748,0.23129965522389898
0.12038365,0.13086807175268225,0.9956444587836748,0.23132999756355843
0.12039222,0.13084964271325883,0.9954831424423294,0.23129685157400748
0.120403096,0.13086906731136277,0.9954831424423294,0.2313271980954968
0.120430104,0.13089405027044226,0.9954831424423294,0.23136622675444365
0.120595865,0.1308968267435941,0.9954831424423294,0.2313705640850541
0.12078702,0.13091904276985744,0.9954831424423294,0.23140526858515129
0.12088916,0.13093293161613376,0.9954831424423294,0.23142696418505607
0.120898955,0.13093570973901975,0.9954831424423294,0.23143130379322777
0.12092153,0.13094682340958283,0.9954831424423294,0.23144866385352167
0.121047035,0.13094960212201592,0.9954831424423294,0.23145300427554275
0.121134125,0.13098017574394022,0.9954831424423294,0.2315007596644166
0.1214088,0.13100520114637512,0.9954831424423294,0.23153984691559815
0.12146183,0.13102745397796037,0.9954831424423294,0.2315746022213495
0.121474735,0.13103023611347037,0.9954831424423294,0.2315789473682155
0.12153814,0.13105249745158,0.9954831424423294,0.23161371441419187
0.121565744,0.13107755050022302,0.9954831424423294,0.23165283982110893
0.12160231,0.13108033476358383,0.9954831424423294,0.23165718790451867
0.12162255,0.13108311914523016,0.9954831424423294,0.23166153615115706
0.12164912,0.1310859036451695,0.9954831424423294,0.23166588456103318
0.12170592,0.13110261312938176,0.9954831424423294,0.23169197844879844
0.1217327,0.13113883162972564,0.9954831424423294,0.23174853537608986
0.121734984,0.1311416184971098,0.9954831424423294,0.23175288705265318
0.12176535,0.13114440548294548,0.9954831424423294,0.23175723889264738
0.12182893,0.13115834218916048,0.9954831424423294,0.23177900054440542
0.121932544,0.1311778585549391,0.9954831424423294,0.23180947372354616
0.12197955,0.13118064708133156,0.9954831424423294,0.23181382768898115
0.12201038,0.1312029595611685,0.9954831424423294,0.23184866530139278
0.12205135,0.13120574915484873,0.9954831424423294,0.2318530207391991
0.1222302,0.13121969890278132,0.9954831424423294,0.2318748003830583
0.12228766,0.13122248920832713,0.9954831424423294,0.23187915680286034
0.12239623,0.1312252796325437,0.9954831424423294,0.23188351338636068
0.122411735,0.13124481592547693,0.9954831424423294,0.23191401405518894
0.12247387,0.13126435803624606,0.9954831424423294,0.23194452274884975
0.12251396,0.13128111304939796,0.9954831424423294,0.2319706794472145
0.12254753,0.13129787234042553,0.9954831424423294,0.2319968420456972
0.12254968,0.13131743025556997,0.9954831424423294,0.23202737253701772
0.122616075,0.13134817589715211,0.9954831424423294,0.2320753652618237
0.1226611,0.1313705454080981,0.9954831424423294,0.23211028153365518
0.12266339,0.1313901249813699,0.9954831424423294,0.23214084189122838
0.12267054,0.13142370354594826,0.9954831424423294,0.23219324980225475
0.12275366,0.13142650253439536,0.9954831424423294,0.2321976181963209
0.12277389,0.1314080037484293,0.9953218261009841,0.23216435881978192
0.122812316,0.13142199880719094,0.9953218261009841,0.23218620053792405
0.12282515,0.13143319700068165,0.9953218261009841,0.23220367687163024
0.12286305,0.1314527984319407,0.9953218261009841,0.23223426678690623
0.122959875,0.1314780088646437,0.9953218261009841,0.23227360852276704
0.1229915,0.13148081062075137,0.9953218261009841,0.23227798064956984
0.12299256,0.131506031800162,0.9953218261009841,0.23231733719880732
0.12301833,0.1315256549636546,0.9953218261009841,0.23234795707002537
0.12309432,0.13154808860840458,0.9953218261009841,0.2323829610935379
0.12310406,0.13156772432616853,0.9953218261009841,0.23241359826705055
0.12316844,0.13158736590671585,0.9953218261009841,0.2324442435199866
0.12328147,0.13159578552233075,0.9953218261009841,0.23245737967390126
0.12341244,0.13161824309910833,0.9953218261009841,0.2324924166774507
0.12352281,0.13164632585132713,0.9953218261009841,0.23253622778730756
0.123534136,0.1316772307232644,0.9953218261009841,0.23258443908302642
0.123593815,0.1316940940428166,0.9953218261009841,0.232610744580378
0.123648934,0.13172502134927414,0.9953218261009841,0.23265898678310395
0.12371537,0.1317278336429044,0.9953218261009841,0.23266337343016422
0.12372054,0.13175033631568833,0.9953218261009841,0.23269847256249387
0.12379087,0.1317644043907231,0.9953218261009841,0.2327204148984262
0.123897865,0.13178129004698846,0.9953218261009841,0.2327467511644703
0.12389946,0.1317841047438006,0.9953218261009841,0.2327511411216766
0.1239186,0.13180099544998183,0.9953218261009841,0.23277748434296106
0.124001876,0.13180944242683187,0.9953218261009841,0.23279065818991213
0.12400355,0.13183478985491762,0.9953218261009841,0.23283018867903868
0.12401006,0.13184887597230532,0.9953218261009841,0.23285215586355415
0.124039315,0.1318770572393451,0.9953218261009841,0.23289610267036048
0.12422616,0.13187987602864165,0.9953218261009841,0.23290049826342013
0.12425261,0.1318826949384405,0.9953218261009841,0.23290489402240439
0.12426716,0.1319052505558406,0.9953218261009841,0.23294006606869377
0.12442007,0.1319306348493596,0.9953218261009841,0.2329796473207162
0.124429666,0.13191207287345508,0.9951605097596387,0.23294628528252714
0.12455296,0.13192617779773744,0.9951605097596387,0.2329682779454126
0.12457527,0.13192899914456802,0.9951605097596387,0.23297267697632235
0.12465797,0.1319515742642026,0.9951605097596387,0.23300787520517177
0.12467294,0.13195439669739684,0.9951605097596387,0.23301227573161576
0.12488477,0.1319572192513369,0.9951605097596387,0.2330166764242772
0.12491863,0.1319600419260305,0.9951605097596387,0.2330210772831656
0.12494948,0.13199674768914754,0.9951605097596387,0.23307830357965525
0.12501918,0.13200804587862708,0.9951605097596387,0.23309591732612372
0.1251226,0.13202217133563035,0.9951605097596387,0.23311793825320357
0.12512675,0.13202499678979582,0.9951605097596387,0.23312234293791315
0.12515642,0.13205325798441647,0.9951605097596387,0.23316639894149205
0.12523958,0.13208153128077763,0.9951605097596387,0.2332104715998309
0.12538753,0.13208435927630874,0.9951605097596387,0.23321487978204017
0.12548102,0.1321183046709357,0.9951605097596387,0.2332677909700721
0.12550955,0.13212962368009595,0.9951605097596387,0.23328543336842106
0.12564903,0.13214377516922285,0.9951605097596387,0.2333074901194912
0.12565026,0.1321635923474088,0.9951605097596387,0.23333837657895937
0.12567604,0.1321890803119911,0.9951605097596387,0.23337809975956753
0.12578107,0.1322145781092608,0.9951605097596387,0.23341783646730965
0.12579036,0.13223441653090973,0.9951605097596387,0.2334487521520701
0.12582576,0.1322158153094253,0.9949991934182932,0.23341532639525173
0.12593341,0.1322271528715673,0.9949991934182932,0.2334329939823081
0.12603961,0.13223849237827756,0.9949991934182932,0.23345066424414398
0.12607555,0.13226401338079513,0.9949991934182932,0.23349043211608378
0.12623899,0.13226684965582314,0.9949991934182932,0.23349485160488065
0.12630615,0.13229521909787015,0.9949991934182932,0.23353905569628286
0.12645362,0.13229805671142378,0.9949991934182932,0.23354347702597555
0.1264828,0.13232360071224766,0.9949991934182932,0.23358327652785463
0.12653874,0.13230498584055608,0.9948378770769479,0.23354982863397886
0.12654379,0.1323248578478704,0.9948378770769479,0.2335807893339341
0.12656993,0.13234757602420757,0.9948378770769479,0.23361618304396276
0.12657575,0.13232895527513092,0.9946765607356025,0.23358272563669014
0.12659748,0.1323317952570018,0.9946765607356025,0.23358715005472316
0.12661746,0.13233463536077605,0.9946765607356025,0.23359157464037003
0.12662733,0.13235167854383104,0.9946765607356025,0.23361812567467477
0.12668148,0.1323772515511282,0.9946765607356025,0.23365796354520935
0.12678638,0.13239714850124537,0.9946765607356025,0.23368895795018205
0.12683545,0.13241989519800704,0.9946765607356025,0.23372439019746896
0.12684344,0.13245118467123493,0.9946765607356025,0.23377312708502154
0.12684944,0.1324711038542517,0.9946765607356025,0.23380415205211977
0.12687024,0.1324910290294162,0.9946765607356025,0.23383518525520613
0.12688193,0.13251950396526896,0.9946765607356025,0.23387953269589323
0.12701195,0.1325451418744626,0.9946765607356025,0.23391945977710235
0.12708454,0.13256508932986477,0.9946765607356025,0.2339505235997317
0.1270974,0.13256793945648435,0.9946765607356025,0.2339549619621912
0.12727036,0.1325793411886127,0.9946765607356025,0.23397271709619327
0.12731692,0.13256068978863397,0.9945152443942571,0.23393920995691303
0.12741144,0.13258634779990539,0.9945152443942571,0.2339791638990656
0.1274117,0.13261772108331363,0.9945152443942571,0.23402801503224877
0.12744449,0.13263198657544856,0.9945152443942571,0.23405022683679236
0.12748465,0.13265481774755777,0.9945152443942571,0.23408577449526435
0.12751512,0.13267480147201238,0.9945152443942571,0.23411688755533094
0.12760186,0.13268336776859505,0.9945152443942571,0.23413022425591137
0.12775075,0.13270907329673878,0.9945152443942571,0.23417024347607132
0.12776034,0.1327119300813708,0.9945152443942571,0.23417469090059562
0.1277843,0.13269325985404604,0.9943539280529118,0.23414115323233803
0.12782104,0.13271611583593498,0.9943539280529118,0.23417673429049962
0.1278265,0.1327361212799862,0.9943539280529118,0.23420787658850356
0.12784229,0.1327647109502886,0.9943539280529118,0.2342523799568484
0.1280394,0.13276757059469704,0.9943539280529118,0.2342568312239019
0.12813759,0.1327847310484479,0.9943539280529118,0.23428354237911558
0.12818119,0.1328076185551462,0.9943539280529118,0.23431916672981568
0.12825018,0.13278893389640611,0.9941926117115664,0.23428560567160983
0.12831427,0.13277024843248367,0.9940312953702211,0.23425204333756053
0.12840931,0.13278741514922962,0.9940312953702211,0.23427876207111745
0.1285043,0.1328131735494439,0.9940312953702211,0.2343188516016553
0.12857552,0.13283607829611108,0.9940312953702211,0.2343544982598183
0.12871853,0.1328561264310817,0.9940312953702211,0.23438569798381634
0.12873502,0.1328876428725469,0.9940312953702211,0.2344347429091111
0.12877315,0.13291344017601,0.9940312953702211,0.2344748858445408
0.12878922,0.13291630716134598,0.9940312953702211,0.23447934701933187
0.12879643,0.13293064394347967,0.9940312953702211,0.2345016554399106
0.12882797,0.1329119385597791,0.9938699790288756,0.23446806081458843
0.12895034,0.13291480594567773,0.9938699790288756,0.23447252245374228
0.1290883,0.13292340884573894,0.9938699790288756,0.2344859083900562
0.12930459,0.13295209322399654,0.9938699790288756,0.23453053921827713
0.12931003,0.13295496234273507,0.9938699790288756,0.23453500323554502
0.12932964,0.13296357044198895,0.9938699790288756,0.2345483963070156
0.1293319,0.13298366034233416,0.9938699790288756,0.23457965275641682
0.12936157,0.1329894014289723,0.9938699790288756,0.23458858470070185
0.12946722,0.13299227215818332,0.9938699790288756,0.2345930509279213
0.12949666,0.13297355639503508,0.9937086626875302,0.23455943949411817
0.1295502,0.13299365257567253,0.9937086626875302,0.2345907039623182
0.12973796,0.13301088270858524,0.9937086626875302,0.234617508712252
0.12978625,0.13301375483146552,0.9937086626875302,0.23462197676612193
0.12980904,0.13304822998336896,0.9937086626875302,0.2346756066895703
0.12990661,0.13306834874276333,0.9937086626875302,0.2347069021353959
0.12994833,0.13309134906231096,0.9937086626875302,0.23474267858142764
0.1299763,0.13309422466132273,0.9937086626875302,0.23474715140408267
0.12997822,0.13309710038459877,0.9937086626875302,0.23475162439719258
0.13001768,0.13311148086522462,0.9937086626875302,0.23477399191990744
0.13004443,0.13313737356272154,0.9937086626875302,0.23481426420395804
0.13013782,0.13314888466194016,0.9937086626875302,0.23483216743207716
0.13014857,0.13316615504345194,0.9937086626875302,0.23485902739365702
0.13016103,0.13317479191438764,0.9937086626875302,0.23487245967874837
0.13023297,0.13319782904837071,0.9937086626875302,0.23490828661840882
0.13026565,0.1332323996971991,0.9937086626875302,0.23496204752620564
0.1303223,0.13323528139464463,0.9937086626875302,0.234966528712625
0.13035083,0.13325833946264007,0.9937086626875302,0.23500238435839896
0.13042828,0.1332814055130036,0.9937086626875302,0.23503825094891098
0.13046542,0.13329871029169912,0.9937086626875302,0.23506515807729422
0.13050948,0.1333189048804242,0.9937086626875302,0.2350965575144849
0.13052009,0.13332179032118432,0.9937086626875302,0.23510104383315972
0.13053124,0.13330303227063178,0.9935473463461849,0.23506736384086613
0.13056849,0.13332900376672296,0.9935473463461849,0.2351077434006274
0.13061525,0.1333549853848652,0.9935473463461849,0.23514813683546634
0.13066769,0.133372312089911,0.9935473463461849,0.23517507350393427
0.13070334,0.13340408941258014,0.9935473463461849,0.2352244734277134
0.1307454,0.13341564855731738,0.9935473463461849,0.23524244218224832
0.13078612,0.13343299103080722,0.9935473463461849,0.23526940046200256
0.130925,0.13343588188140476,0.9935473463461849,0.23527389410934882
0.13093932,0.13345612134344528,0.9935473463461849,0.23530535444782266
0.1310277,0.13347636694623236,0.9935473463461849,0.2353368232010445
0.13103406,0.13347925967665034,0.9935473463461849,0.23534131942433406
0.1310568,0.13349372520970154,0.9935473463461849,0.2353638031181036
0.13110264,0.13351108798855432,0.9935473463461849,0.23539078922203455
0.13110587,0.13354003599228118,0.9935473463461849,0.23543577981630484
0.13110998,0.13355741082077416,0.9935473463461849,0.23546278242896876
0.13118717,0.13358058429305744,0.9935473463461849,0.2354987955490588
0.13126285,0.1335834815425324,0.9935473463461849,0.2355032979636568
0.1312987,0.13361535958346893,0.9935473463461849,0.2355528358891856
0.13130337,0.1336501529848317,0.9935473463461849,0.23560690103647663
0.13133524,0.13367335865436789,0.9935473463461849,0.23564295825819856
0.13136677,0.13367625992967835,0.9935473463461849,0.2356474661869239
0.13137472,0.13370527961097603,0.9935473463461849,0.23569255496219257
0.1314342,0.1337197941770338,0.9935473463461849,0.2357151058209092
0.1314919,0.13374883276509805,0.9935473463461849,0.23576022048669945
0.13150446,0.13375173731758166,0.9935473463461849,0.23576473290311545
0.13151023,0.13375464199622125,0.9935473463461849,0.23576924549226871
0.13152152,0.13375754680102506,0.9935473463461849,0.23577375825416924
0.13153093,0.13376335678915818,0.9935473463461849,0.23578278429625157
0.13164662,0.13377497827975673,0.9935473463461849,0.23580083845381944
0.13166809,0.13378078978235372,0.9935473463461849,0.23580986656946368
0.13168791,0.1337836957230054,0.9935473463461849,0.2358143808865356
0.1318166,0.13378660178990356,0.9935473463461849,0.23581889537645398
0.13186182,0.13378950798305636,0.9935473463461849,0.23582341003922871
0.13187112,0.1338069477937822,0.9935473463461849,0.23585050164641713
0.13189764,0.13380985487094813,0.9935473463461849,0.23585501751946453
0.13195673,0.13382729998696274,0.9935473463461849,0.23588211638974882
0.13198285,0.13384765837226992,0.9935473463461849,0.235913739609857
0.13232571,0.13387093268415676,0.9935473463461849,0.2359498908169381
0.1323719,0.1338738425422771,0.9935473463461849,0.23595441049686955
0.1324125,0.13388839373057107,0.9935473463461849,0.23597701149404354
0.13241984,0.13390294808244196,0.9935473463461849,0.2359996168213253
0.13253944,0.13392624162825084,0.9935473463461849,0.23603579435470662
0.13259804,0.1339291538913171,0.9935473463461849,0.23604031732627662
0.13262247,0.13393206628104207,0.9935473463461849,0.23604484047119048
0.13268709,0.13394371710669392,0.9935473463461849,0.2360629347844824
0.13273616,0.13394663012983624,0.9935473463461849,0.23606745879626434
0.13279206,0.1339641109298532,0.9935473463461849,0.23609460650877975
0.13289025,0.1339452734154087,0.9933860300048395,0.23606079773041755
0.13292481,0.13395401448739422,0.9933860300048395,0.23607437224437555
0.13309358,0.13396858547622156,0.9933860300048395,0.23609699990394087
0.13317484,0.13399773696579337,0.9933860300048395,0.2361422682386938
0.13321716,0.13401231746860787,0.9933860300048395,0.2361649089163773
0.13348229,0.1340473236248068,0.9933860300048395,0.2362192642600229
0.1335418,0.13405024163002308,0.9933860300048395,0.2362237950014208
0.13359262,0.13406191492140898,0.9933860300048395,0.23624191970515943
0.13364348,0.13406483356192717,0.9933860300048395,0.23624645131568092
0.1336603,0.13408234807411762,0.9933860300048395,0.23627364463010925
0.13370165,0.13409986716317154,0.9933860300048395,0.23630084420546962
0.13384424,0.13412323307124344,0.9933860300048395,0.2363371200489153
0.13386035,0.13412615438229658,0.9933860300048395,0.23634165531248827
0.13390516,0.13414368492136103,0.9933860300048395,0.23636887054964162
0.1339184,0.13416414300965163,0.9933860300048395,0.23640062958249983
0.13391915,0.13418753132422478,0.9933860300048395,0.23643693607197303
0.13398944,0.13419045543691435,0.9933860300048395,0.23644147516729208
0.13400269,0.13421092779460803,0.9933860300048395,0.23647325371508535
0.13414262,0.1342314063998605,0.9933860300048395,0.23650504080631932
0.13415182,0.13425189125553205,0.9933860300048395,0.2365368364444395
0.13429211,0.1342548181738903,0.9933860300048395,0.23654137937636266
0.13432397,0.13428409437829822,0.9933860300048395,0.2365868182951203
0.13446262,0.13430459531962224,0.9933860300048395,0.23661863592678337
0.1345185,0.13430752453653216,0.9933860300048395,0.23662318200136556
0.13458402,0.13433389323967626,0.9933860300048395,0.23666410453476316
0.13460584,0.13435440939040888,0.9933860300048395,0.23669594295906596
0.13461503,0.1343355224401632,0.9932247136634941,0.23666205412033128
0.13464673,0.13433845348228313,0.9932247136634941,0.2366666026020849
0.13468637,0.13435604242133287,0.9932247136634941,0.23669389716461464
0.13474317,0.13436777093972327,0.9932247136634941,0.23671209703752483
0.1347684,0.13437070338927565,0.9932247136634941,0.23671664744308105
0.13477075,0.13437363596682672,0.9932247136634941,0.23672119802358907
0.13482836,0.13439710119619314,0.9932247136634941,0.23675760896712383
0.13496594,0.13442057462230372,0.9932247136634941,0.2367940311133796
0.13498162,0.134438185073584,0.9932247136634941,0.23682135507796756
0.13504872,0.13445286397484332,0.9932247136634941,0.2368441298659232
0.13508792,0.13446754608194286,0.9932247136634941,0.23686690903474097
0.1351051,0.13449104412407165,0.9932247136634941,0.2369033648201981
0.13513531,0.13450573457127252,0.9932247136634941,0.2369261553851749
0.13515827,0.1345233673447093,0.9932247136634941,0.23695350985200658
0.13520457,0.13454688490199077,0.9932247136634941,0.23698999230156043
0.13521475,0.1345762934143516,0.9932247136634941,0.2370356111643711
0.1352241,0.1346027720694329,0.9932247136634941,0.23707668315952873
0.13526909,0.13462043029560958,0.9932247136634941,0.23710407239797976
0.13535982,0.1346410374160817,0.9932247136634941,0.23713603450911033
0.13536903,0.13464398180545836,0.9932247136634941,0.23714060122843758
0.13543169,0.1346763785900212,0.9932247136634941,0.23719084675223592
0.13544032,0.1346793245253303,0.9932247136634941,0.23719541558295448
0.1354875,0.13469994968168195,0.9932247136634941,0.23722740232698392
0.13554174,0.13472058115618574,0.9932247136634941,0.23725939769925594
0.1356272,0.13473827030812324,0.9932247136634941,0.23728682917408386
0.13566606,0.13476186307126597,0.9932247136634941,0.23732341434249585
0.13570994,0.13478251351765505,0.9932247136634941,0.23735543562045264
0.13573708,0.13480907339288842,0.9932247136634941,0.23739661853423072
0.13575584,0.13483859664491263,0.9932247136634941,0.237442394091689
0.13578282,0.13485927061658087,0.9932247136634941,0.23747444748696497
0.13586552,0.13488586075450204,0.9932247136634941,0.2375156717135516
0.13589688,0.13490654922325204,0.9932247136634941,0.2375477448973549
0.13595806,0.13492428724826333,0.9932247136634941,0.23757524309285935
0.13596155,0.1349272440392707,0.9932247136634941,0.23757982674440167
0.1359957,0.13494498750712314,0.9932247136634941,0.23760733236833734
0.13600191,0.13494794520547945,0.9932247136634941,0.23761191725820247
0.13600953,0.13495681907851476,0.9932247136634941,0.23762567298950396
0.13603424,0.13497457032620133,0.9932247136634941,0.23765318923070702
0.13607466,0.13500712641157767,0.9932247136634941,0.2377036522274165
0.13638233,0.1350100868344882,0.9932247136634941,0.23770824083526215
0.13647294,0.13502785209877627,0.9932247136634941,0.23773577620304426
0.13649568,0.13505747126436782,0.9932247136634941,0.23778168266146107
0.13663666,0.13508710342709201,0.9932247136634941,0.23782760685225265
0.13664643,0.1350900673585361,0.9932247136634941,0.23783220024700796
0.13667934,0.13509303142004564,0.9932247136634941,0.23783679381920012
0.1367334,0.1350959956116292,0.9932247136634941,0.23784138756883932
0.1369655,0.13513157605952197,0.9932247136634941,0.23789652640912418
0.13697325,0.1351553067720338,0.9932247136634941,0.23793329984134726
0.13710684,0.13517904582080048,0.9932247136634941,0.23797008464401276
0.13711058,0.13519685558068553,0.9932247136634941,0.2379976807110376
0.13712151,0.13522357902134763,0.9932247136634941,0.23803908681427163
0.13715015,0.1352473420613303,0.9932247136634941,0.23807590433635106
0.13721327,0.13526814157347805,0.9932247136634941,0.23810812901208694
0.13726194,0.1352800298815723,0.9932247136634941,0.238126547029492
0.13728163,0.13528300228511161,0.9932247136634941,0.23813115197905838
0.13746198,0.13532165542099828,0.9932247136634941,0.23819103253489668
0.13746355,0.13533950278064757,0.9932247136634941,0.23821867987288342
0.13752833,0.13535437917692578,0.9932247136634941,0.23824172422444886
0.13752854,0.1353752116268332,0.9932247136634941,0.2382739938078384
0.13756652,0.13539902799463419,0.9932247136634941,0.2383108840375656
0.13760014,0.13540200562983815,0.9932247136634941,0.23831549611946914
0.13768259,0.13538299135712872,0.9930633973221488,0.23828140119971142
0.13768286,0.13538596877061798,0.9930633973221488,0.23828601288952925
0.13768882,0.13541277138646313,0.9930633973221488,0.23832752613219296
0.137702,0.13539375274967003,0.9929020809808033,0.23829342418531307
0.13771717,0.1354205628038987,0.9929020809808033,0.23833494675680714
0.1378151,0.13543546186683098,0.9929020809808033,0.23835802110541368
0.13783284,0.13543844207283529,0.9929020809808033,0.23836263651129053
0.13783328,0.13544142240999912,0.9929020809808033,0.2383672520959102
0.13787746,0.1354444028783311,0.9929020809808033,0.2383718678592829
0.13787779,0.13548614321248542,0.9929020809808033,0.23843650732139712
0.1379223,0.13548912564937923,0.9929020809808033,0.23844112576731338
0.13795616,0.13551298987230295,0.9929020809808033,0.238478079776615
0.1379716,0.1355219411233679,0.9929020809808033,0.23849194048335962
0.13797219,0.13554283197533584,0.9929020809808033,0.23852428839909884
0.13797888,0.13556074354682407,0.9929020809808033,0.2385520221690423
0.13798314,0.1355816463642972,0.9929020809808033,0.23858438638633017
0.13800693,0.1355846330073134,0.9929020809808033,0.2385890105628276
0.13805607,0.13560554319328472,0.9929020809808033,0.23862138481796327
0.13821492,0.13562048298959986,0.9929020809808033,0.2386445146654729
0.13822256,0.13564140423562598,0.9929020809808033,0.23867690398613875
0.13826278,0.13565934187035772,0.9929020809808033,0.23870467325943553
0.13827178,0.13566831246693706,0.9929020809808033,0.2387185603193727
0.13837342,0.13570121480697578,0.9929020809808033,0.2387694933662249
0.13839975,0.13571916826530836,0.9929020809808033,0.2387972841898951
0.1384881,0.13574311360077632,0.9929020809808033,0.2388343486862965
0.13850859,0.13576107814809096,0.9929020809808033,0.2388621546101578
0.1385237,0.1357640727016058,0.9929020809808033,0.2388667895602812
0.13864419,0.1357820427972645,0.9929020809808033,0.2388946030388537
0.13865775,0.1358030139222911,0.9929020809808033,0.23892706028471514
0.13866796,0.1358179972637804,0.9929020809808033,0.2389502494320146
0.13872008,0.13582099432883907,0.9929020809808033,0.23895488780163623
0.13874127,0.13582399152617178,0.9929020809808033,0.23895952635133638
0.13877073,0.13583897949725232,0.9929020809808033,0.23898272180138017
0.13877247,0.1358629671324195,0.9929020809808033,0.23901984388934594
0.13879807,0.13587796370700694,0.9929020809808033,0.2390430510513058
0.13881697,0.1358989644741781,0.9929020809808033,0.23907554865001152
0.13882303,0.13587988518436742,0.9927407646394579,0.23904134863736123
0.13887177,0.13590088995870414,0.9927407646394579,0.23907385105452572
0.13897794,0.13592190122802367,0.9927407646394579,0.23910636231158997
0.13905308,0.13594291899533897,0.9927407646394579,0.23913888241216086
0.13909322,0.1359609393986258,0.9927407646394579,0.23916676382552354
0.13915575,0.13596394326366487,0.9927407646394579,0.23917141135984715
0.1392365,0.13598196924164752,0.9927407646394579,0.2391993003593255
0.13927135,0.13601202316226849,0.9927407646394579,0.23924579648146746
0.13931046,0.13603306881230798,0.9927407646394579,0.2392783545236809
0.13935368,0.13605412097629996,0.9927407646394579,0.23931092142849825
0.13935849,0.13603502022948863,0.9925794482981126,0.23927668675848912
0.13937967,0.13603802785761662,0.9925794482981126,0.23928133932196027
0.13938689,0.1360410356187402,0.9925794482981126,0.23928599206636653
0.13954373,0.13604404351286814,0.9925794482981126,0.2392906449917183
0.1396022,0.13607112054667286,0.9925794482981126,0.23933252946417788
0.13962922,0.13607412977133,0.9925794482981126,0.2393371841995662
0.1396535,0.13609519807126585,0.9925794482981126,0.23936977241760546
0.13970296,0.13611928411831073,0.9925794482981126,0.23940702696371927
0.13972329,0.13613735424917583,0.9925794482981126,0.23943497548426135
0.13980643,0.13615844213321532,0.9925794482981126,0.23946759034013304
0.13981198,0.13618857901726428,0.9925794482981126,0.23951419840769766
0.1399006,0.13620666755213176,0.9925794482981126,0.2395421719578202
0.13993166,0.13622476089266738,0.9925794482981126,0.23957015204292834
0.13994524,0.1362519099182887,0.9925794482981126,0.2396121344286985
0.14001352,0.13625492714469198,0.9925794482981126,0.23961680004651942
0.14005564,0.13626397962573358,0.9925794482981126,0.23963079799020714
0.14005627,0.136266997386721,0.9925794482981126,0.23963546433488006
0.14007697,0.13629416325174437,0.9925794482981126,0.23967746961649067
0.14007832,0.13629718234981392,0.9925794482981126,0.239682137779037
0.14009142,0.13630020158164055,0.9925794482981126,0.23968680612342913
0.14012744,0.13631831978199704,0.9925794482981126,0.23971482000913782
0.14013728,0.13633644279984933,0.9925794482981126,0.2397428404439723
0.14027168,0.13635457063711912,0.9925794482981126,0.2397708674302295
0.14033115,0.13637270329572906,0.9925794482981126,0.23979890097020728
0.14040509,0.13637572587437385,0.9925794482981126,0.23980357386419893
0.1404212,0.13641200727175987,0.9925794482981126,0.23985966280068416
0.14044221,0.1364210806376516,0.9925794482981126,0.23987368913471405
0.14052011,0.13645738617462463,0.9925794482981126,0.23992981087910117
0.14054598,0.1364725191855565,0.9925794482981126,0.23995320269063272
0.14068137,0.136475546190529,0.9925794482981126,0.23995788160028667
0.14069718,0.136496738985758,0.9925794482981126,0.2399906390777366
0.1407451,0.13649976706524392,0.9925794482981126,0.23999531944748226
0.14094895,0.13652399653864075,0.9925794482981126,0.24003276897848755
0.14095496,0.13653308480894688,0.9925794482981126,0.24004681556596313
0.14118339,0.13653611450127592,0.9925794482981126,0.24005149812712817
0.14119901,0.13656641882144047,0.9925794482981126,0.24009833378836967
0.14127046,0.1365846078714289,0.9925794482981126,0.24012644395857596
0.14130832,0.1366210005106912,0.9925794482981126,0.24018268405006443
0.1413754,0.13665134252781663,0.9925794482981126,0.24022957092080388
0.14141002,0.13667258996001777,0.9925794482981126,0.24026240262381346
0.14142941,0.13670295489891135,0.9925794482981126,0.24030932062702068
0.14145291,0.13673333333333335,0.9925794482981126,0.24035625695793086
0.1414781,0.1367515668755834,0.9925794482981126,0.24038442755824238
0.1415261,0.13677588583114747,0.9925794482981126,0.2404219986321989
0.14175202,0.1367789263087696,0.9925794482981126,0.24042669584223783
0.14184205,0.13679717201360636,0.9925794482981126,0.24045488295730788
0.14194117,0.13681238048650332,0.9925794482981126,0.24047837726905016
0.14197798,0.13682759234139075,0.9925794482981126,0.24050187617239493
0.1420132,0.13684280757939685,0.9925794482981126,0.24052537966868834
0.1420753,0.1368236105242088,0.9924181319567672,0.24049098940598693
0.14208071,0.13683882734997108,0.9924181319567672,0.24051449459485708
0.14214276,0.13686318131256953,0.9924181319567672,0.24055211245555347
0.14220549,0.1368662261674342,0.9924181319567672,0.2405568155155452
0.14223047,0.1368814524741901,0.9924181319567672,0.24058033357427416
0.14225239,0.1369088683654167,0.9924181319567672,0.24062267767022144
0.14231433,0.13694848849116245,0.9924181319567672,0.24068386768625621
0.14236516,0.136978981118632,0.9924181319567672,0.24073095811056533
0.14236803,0.13700948732795867,0.9924181319567672,0.2407780669652082
0.1424271,0.13704611271998218,0.9924181319567672,0.24083462193405836
0.14245905,0.13706443276000357,0.9924181319567672,0.24086290938255595
0.14246182,0.13704520642559545,0.9922568156154219,0.24082847186854678
0.14247537,0.13706047506573377,0.9922568156154219,0.2408520469093546
0.14262488,0.13707880192547692,0.9922568156154219,0.2408803430516165
0.1426292,0.13709407805291193,0.9922568156154219,0.24090392824950274
0.14265603,0.13711547035220686,0.9922568156154219,0.24093695528680756
0.14265615,0.13711852693996746,0.9922568156154219,0.2409416741742549
0.14274383,0.13709929109634847,0.9920954992740765,0.240907221340641
0.14281392,0.1371023474597053,0.9920954992740765,0.24091193983056067
0.14285341,0.13713291858987223,0.9920954992740765,0.24095913489772178
0.1429031,0.13713597645274941,0.9920954992740765,0.2409638554214734
0.14292535,0.13716044426602436,0.9920954992740765,0.2410016262709232
0.14295182,0.13717574108357683,0.9920954992740765,0.24102523906547083
0.1429522,0.13719410176902314,0.9920954992740765,0.2410535805273607
0.14297193,0.1372094060952211,0.9920954992740765,0.24107720350422585
0.14298487,0.13723083788909962,0.9920954992740765,0.24111028345138796
0.1430072,0.13726759368792268,0.9920954992740765,0.24116701305809787
0.14315021,0.13729210849425158,0.9920954992740765,0.24120484762891925
0.1432275,0.1373196981199482,0.9920954992740765,0.2412474257132315
0.14331712,0.13734729883645622,0.9920954992740765,0.24129001883217807
0.14337362,0.1373687737324101,0.9920954992740765,0.24132315721299435
0.14338107,0.13734950523799952,0.9919341829327311,0.2412886517028157
0.14341018,0.13737712243074174,0.9919341829327311,0.24133126631191962
0.14348368,0.1373578498179137,0.9917728665913857,0.24129675418951116
0.14349687,0.13737319569200518,0.9917728665913857,0.2413204325552786
0.14354424,0.13737626527830538,0.9917728665913857,0.24132516878609497
0.1436247,0.1373946856772521,0.9917728665913857,0.24135359007555277
0.14363006,0.13740696868783944,0.9917728665913857,0.24137254132128913
0.14364013,0.1374346134930925,0.9917728665913857,0.24141519250759055
0.14370586,0.13746226942425938,0.9917728665913857,0.24145785876971781
0.14379744,0.1374653429925767,0.9917728665913857,0.24146260039646356
0.14382638,0.13748686181988953,0.9917728665913857,0.24149579699876483
0.1439261,0.1375083873853724,0.9917728665913857,0.24152900273014816
0.14400895,0.13754222689545628,0.9917728665913857,0.2415812016187102
0.14414994,0.13754530404044923,0.9917728665913857,0.24158594809102918
0.14416917,0.1375483813231313,0.9917728665913857,0.24159069474986464
0.14417124,0.1375290853767675,0.9916115502500403,0.2415561450042069
0.14420713,0.137559862149219,0.9916115502500403,0.24160361599664165
0.14428808,0.13758449348672724,0.9916115502500403,0.2416416062265682
0.14432597,0.13758757302415112,0.9916115502500403,0.2416463558453713
0.14440633,0.13760605314409796,0.9916115502500403,0.24167485747963652
0.1444277,0.13763378263400655,0.9916115502500403,0.2417176225396495
0.14443569,0.13763686437831665,0.9916115502500403,0.24172237514724954
0.14446624,0.13768002329383833,0.9916115502500403,0.24178893128248263
0.14447248,0.13770469768588006,0.9916115502500403,0.24182697981803203
0.14452659,0.13772320928461004,0.9916115502500403,0.24185552407910593
0.14455004,0.13774481244117778,0.9916115502500403,0.24188883423490629
0.14456785,0.13776024741713544,0.9916115502500403,0.24191263282150952
0.14459379,0.1377911277487615,0.9916115502500403,0.24196024404623329
0.14461444,0.13780348375815454,0.9916115502500403,0.24197929378398447
0.14472076,0.13780657310675695,0.9916115502500403,0.24198405668711967
0.14479624,0.13783438347870933,0.9916115502500403,0.24202693125421518
0.14483377,0.13784983853606028,0.9916115502500403,0.24205075702366785
0.14485627,0.13785292996344553,0.9916115502500403,0.24205552274048267
0.1449621,0.13785602152949092,0.9916115502500403,0.24206028864496476
0.14509764,0.13785911323420574,0.9916115502500403,0.24206505473712517
0.14513946,0.13788385186514435,0.9916115502500403,0.24210319023216062
0.14514895,0.13790550545160857,0.9916115502500403,0.24213656864847682
0.14516917,0.13792097646346116,0.9916115502500403,0.2421604160098707
0.14517206,0.1379550249113515,0.9916115502500403,0.24221289674309188
0.14548585,0.13798289523895038,0.9916115502500403,0.24225585244717263
0.1455316,0.13798599263715544,0.9916115502500403,0.24226062624370143
0.14564542,0.1380169742691634,0.9916115502500403,0.2423083745587858
0.1456868,0.13803556992724333,0.9916115502500403,0.24233703258341283
0.14572719,0.13805107013722012,0.9916115502500403,0.2423609194493774
0.14574195,0.1380696749848386,0.9916115502500403,0.24238958990514817
0.14576413,0.13809759166067578,0.9916115502500403,0.24243260830961957
0.1458865,0.1381224159626101,0.9916115502500403,0.2424708597122284
0.14593391,0.13814104004674368,0.9916115502500403,0.24249955618654198
0.14597501,0.1381596691540052,0.9916115502500403,0.24252825945412632
0.14616382,0.13817519724863445,0.9916115502500403,0.2425521840348246
0.14621995,0.13820315661675436,0.9916115502500403,0.242595260176986
0.14629559,0.138224910615907,0.9916115502500403,0.24262877442252062
0.14630763,0.13822801888913874,0.9916115502500403,0.24263356292780827
0.14631341,0.1382591093117409,0.9916115502500403,0.24268145837835567
0.14633223,0.13829332493419424,0.9916115502500403,0.24273416521854996
0.14635006,0.1383151073309032,0.9916115502500403,0.24276771785685747
0.14655879,0.13834000990232706,0.9916115502500403,0.24280607508915372
0.14667,0.13834312335426371,0.9916115502500403,0.2428108705954558
0.14670289,0.13834623694634499,0.9916115502500403,0.2428156662911876
0.14676826,0.13832684387027075,0.9914502339086949,0.2427809599049796
0.1468735,0.13835486920895051,0.9914502339086949,0.2428241243750443
0.14697056,0.13838290590592844,0.9914502339086949,0.24286730419641825
0.14705785,0.13841407112132062,0.9914502339086949,0.2429152997903071
0.14719424,0.13841718841493628,0.9914502339086949,0.2429201003930579
0.14721972,0.13842030584896736,0.9914502339086949,0.24292490118555574
0.14723746,0.13844836907550911,0.9914502339086949,0.2429681168585148
0.14726722,0.13845148791421685,0.9914502339086949,0.242972919549103
0.14738427,0.1384670842157437,0.9914502339086949,0.24299693585033347
0.14743836,0.1384702038977132,0.9914502339086949,0.24300173968031633
0.1474495,0.13848892494197707,0.9914502339086949,0.24303056664931635
0.14749947,0.13850765104906138,0.9914502339086949,0.24305940045853677
0.14759748,0.13853887248382663,0.9914502339086949,0.24310747201434124
0.14764723,0.13854199540146972,0.9914502339086949,0.24311228021576153
0.14771621,0.1385576121018103,0.9914502339086949,0.24313632407605668
0.14772734,0.1385607358643701,0.9914502339086949,0.2431411334188334
0.1477287,0.13858260614670004,0.9914502339086949,0.24317480414633855
0.14784282,0.13858573103634889,0.9914502339086949,0.24317961501155602
0.14787377,0.13860448333408507,0.9914502339086949,0.24320848420073052
0.1478845,0.13862324070732587,0.9914502339086949,0.24323736024515924
0.14790978,0.1386482584371052,0.9914502339086949,0.24327587230568054
0.14796315,0.13867015635928792,0.9914502339086949,0.24330958036399689
0.14799443,0.13869832099656978,0.9914502339086949,0.24335293302427435
0.14799453,0.13871084228581745,0.9914502339086949,0.24337220583263947
0.1480699,0.13874528749125223,0.9914502339086949,0.24342522179953113
0.1481423,0.13876721607586362,0.9914502339086949,0.24345897126085134
0.148169,0.1387477703267177,0.9912889175673496,0.24342418000295363
0.14817888,0.13877910521917838,0.9912889175673496,0.24347240381927018
0.14825265,0.13875965490762907,0.9911276012260042,0.24343760524573813
0.14825849,0.1387402037175057,0.9909662848846588,0.24340280529338942
0.14828168,0.1387621414050147,0.9909662848846588,0.24343656501989588
0.14829302,0.13877154539498948,0.9909662848846588,0.24345103634108356
0.14835958,0.13878408603122247,0.9909662848846588,0.24347033411258226
0.14838254,0.13880290123596267,0.9909662848846588,0.2434992865068401
0.14841598,0.13882172154301597,0.9909662848846588,0.24352824578769322
0.14848909,0.138849961574974,0.9909662848846588,0.24357169762671482
0.14855021,0.13885310006555004,0.9909662848846588,0.24357652656600165
0.14856642,0.13886565544679794,0.9909662848846588,0.2435958442380269
0.14859341,0.13886879464689394,0.9909662848846588,0.24360067413480968
0.14866427,0.13888763282839703,0.9909662848846588,0.2436296575381056
0.14868213,0.1389158996856697,0.9909662848846588,0.24367314557693626
0.14870273,0.13893789297507578,0.9909662848846588,0.24370698034215632
0.14871126,0.13894103544206454,0.9909662848846588,0.24371181464709044
0.14875057,0.13896932404307302,0.9909662848846588,0.24375533202367175
0.14877118,0.13897246793204082,0.9909662848846588,0.24376016824707603
0.14880235,0.13900076933520386,0.9909662848846588,0.2438037028950276
0.14881203,0.13900391464711606,0.9909662848846588,0.24380854103804425
0.14884007,0.13901964334208383,0.9909662848846588,0.24383273463371757
0.14886223,0.13904481665912177,0.9909662848846588,0.24387145437561536
0.14893557,0.13902532877611534,0.9908049685433135,0.24383659533901952
0.1489382,0.13903477001086562,0.9908049685433135,0.2438511166250943
0.14898114,0.13904736031875395,0.9908049685433135,0.24387048103053596
0.14898567,0.13907254777646952,0.9908049685433135,0.24390921906933913
0.1490352,0.13909459428856127,0.9908049685433135,0.24394312495013756
0.14903592,0.13911664779161947,0.9908049685433135,0.2439770402587763
0.14906678,0.1391197988629414,0.9908049685433135,0.24398188607271645
0.14909828,0.1391418603597481,0.9908049685433135,0.24401581216084559
0.14921124,0.13916077578394054,0.9908049685433135,0.24404489917530803
0.14931959,0.1391639288546505,0.9908049685433135,0.2440497476852451
0.14933684,0.13919231292208675,0.9908049685433135,0.24409339294563595
0.14937288,0.13919546742209632,0.9908049685433135,0.24409824338266292
0.14939211,0.1391986220650893,0.9908049685433135,0.24410309401246205
0.14945377,0.13922702028788395,0.9908049685433135,0.24414675835729874
0.14948273,0.13925543010021313,0.9908049685433135,0.24419043832599405
0.14956409,0.13928701015965167,0.9908049685433135,0.24423898995902435
0.14963485,0.13929016895339608,0.9908049685433135,0.24424384618421938
0.14968866,0.13930596507144477,0.9908049685433135,0.24426813020718505
0.14973055,0.13932808565660232,0.9908049685433135,0.24430213595300765
0.14975475,0.13935337492909813,0.9908049685433135,0.24434101125808827
0.1497941,0.13936286077328008,0.9908049685433135,0.2443555926874168
0.14983279,0.1393691853868845,0.9908049685433135,0.2443653146071959
0.14987913,0.1393881626724764,0.9908049685433135,0.24439448500863717
0.14988215,0.13940398102544316,0.9908049685433135,0.24441879899695831
0.149956,0.1394071451268782,0.9908049685433135,0.24442366237517424
0.1499801,0.13943562850461985,0.9908049685433135,0.24446744148999228
0.15004802,0.13944512555056077,0.9908049685433135,0.24448203801351634
0.15004855,0.13946095683567586,0.9908049685433135,0.24450636942653528
0.15007047,0.13947679171586883,0.9908049685433135,0.24453070568307214
0.15022624,0.13949896659020192,0.9908049685433135,0.24456478458208833
0.15023145,0.1395021350049968,0.9908049685433135,0.2445696537716593
0.15030174,0.1395243179391654,0.9908049685433135,0.24460374352825828
0.15033431,0.13954967850407834,0.9908049685433135,0.24464271488865474
0.15036985,0.13958773664234903,0.9908049685433135,0.244701195218907
0.15041997,0.13960994681092875,0.9908049685433135,0.24473532165818207
0.15042964,0.13961312026913372,0.9908049685433135,0.24474019764084184
0.1504319,0.13963216404846887,0.9908049685433135,0.24476945761744573
0.15044008,0.13965756383728598,0.9908049685433135,0.24480848180455841
0.15046524,0.13967344339837176,0.9908049685433135,0.24483287824106853
0.15053712,0.13967661974393378,0.9908049685433135,0.2448377581118778
0.15058924,0.1396925036390102,0.9908049685433135,0.24486216038409983
0.15059379,0.1397052133563825,0.9908049685433135,0.24488168570438643
0.15060638,0.1397274609277248,0.9908049685433135,0.24491586250875533
0.15061639,0.13974971558589305,0.9908049685433135,0.24495004885419716
0.15065613,0.1397751581630331,0.9908049685433135,0.24498913065134595
0.1507136,0.13979742801866393,0.9908049685433135,0.24502333745540222
0.15089706,0.13981970497177199,0.9908049685433135,0.24505755381309738
0.15091762,0.13984835720303285,0.9908049685433135,0.24510156031743352
0.15092285,0.13985472596033427,0.9908049685433135,0.24511134168706866
0.15104693,0.13988657844990549,0.9908049685433135,0.24516026024805687
0.15121055,0.1399120708899975,0.9908049685433135,0.2451994091578333
0.15121631,0.13994394950898859,0.9908049685433135,0.24524836288111196
0.15122361,0.1399694628654771,0.9908049685433135,0.24528753993588528
0.15123902,0.13997265268915224,0.9908049685433135,0.24529243794782518
0.1512581,0.1399758426582192,0.9908049685433135,0.24529733615538032
0.15130311,0.14001094191665908,0.9908049685433135,0.2453512293524505
0.15130365,0.1400141336312034,0.9908049685433135,0.24535612990830377
0.15150419,0.14003328697476117,0.9908049685433135,0.24538553735495675
0.15152416,0.1400652208615539,0.9908049685433135,0.24543456543434838
0.15155488,0.14007480386790733,0.9908049685433135,0.2454492776787647
0.15161301,0.1400875832497035,0.9908049685433135,0.24546889674857897
0.15162088,0.14010036496350364,0.9908049685433135,0.24548851895499785
0.15162553,0.14010356075640412,0.9908049685433135,0.2454934249967852
0.1516794,0.14012913234925053,0.9908049685433135,0.24553268039154783
0.1517419,0.14014192164647363,0.9908049685433135,0.24555231279712827
0.15181762,0.14016750724571533,0.9908049685433135,0.24559158702845255
0.15190092,0.1401803035490129,0.9908049685433135,0.24561122885570316
0.15197535,0.14016067923494774,0.990643652201968,0.24557615020073056
0.15199271,0.14017027687110542,0.990643652201968,0.24559088182341807
0.15199989,0.1401734763752568,0.990643652201968,0.24559579275708646
0.15202612,0.1401990776676864,0.990643652201968,0.24563508729803682
0.15203086,0.14020868056348318,0.990643652201968,0.2456498259928225
0.15208562,0.14024710530522758,0.990643652201968,0.2457087984633525
0.1521081,0.1402631218308894,0.990643652201968,0.2457333786836826
0.1522117,0.14028875588248732,0.990643652201968,0.245772717267107
0.15222141,0.14031760539243687,0.990643652201968,0.24581698823130926
0.15226904,0.14032081162599397,0.990643652201968,0.2458219082118596
0.15231133,0.14034646677027152,0.990643652201968,0.2458612751474155
0.15234746,0.1403657142857143,0.990643652201968,0.24589080862457988
0.15236153,0.14037854889589904,0.990643652201968,0.24591050155148944
0.15236536,0.14039780521262002,0.990643652201968,0.24594004685694826
0.15244812,0.1404010151123711,0.990643652201968,0.24594497176477112
0.1525022,0.14040422515890072,0.990643652201968,0.24594989686983879
0.15253922,0.14040743535221895,0.990643652201968,0.24595482217216313
0.15256009,0.1404266995952528,0.990643652201968,0.2459843781291636
0.15269768,0.14044918122770103,0.990643652201968,0.2460188690581323
0.1527176,0.1404523934771173,0.990643652201968,0.24602379712329514
0.15273772,0.14043273409267645,0.9904823358606227,0.2459886620858785
0.1528942,0.14045522131991306,0.9904823358606227,0.24602315983469847
0.15289676,0.14048414405344803,0.9904823358606227,0.24606752830355955
0.15301795,0.14049378761183443,0.9904823358606227,0.2460823213496281
0.15302834,0.14049700242551827,0.9904823358606227,0.2460872527602481
0.15307884,0.14050021738632984,0.9904823358606227,0.24609218436851985
0.15310007,0.140513078701055,0.9904823358606227,0.24611191277836184
0.1531004,0.14053237508869104,0.9904823358606227,0.24614151132469714
0.1531408,0.14054524229175727,0.9904823358606227,0.2461612476444121
0.15323856,0.1405774206103899,0.9904823358606227,0.24621060229347067
0.15350081,0.14058063925267883,0.9904823358606227,0.24621553884690006
0.1535194,0.14058385804235832,0.9904823358606227,0.24622047559829052
0.15361233,0.14060639369790234,0.9904823358606227,0.24625503840193197
0.15364064,0.14063537873061682,0.9904823358606227,0.2462994905529532
0.15368053,0.14065793090809126,0.9904823358606227,0.24633407554490663
0.15372472,0.14063824425557261,0.9903210195192773,0.24629889668985241
0.15373437,0.14066080102648704,0.9903210195192773,0.24633348714943207
0.15398614,0.14068014116137312,0.9903210195192773,0.24636314384872973
0.15407063,0.14070593628237452,0.9903210195192773,0.24640269722428992
0.15415561,0.1407188373905469,0.9903210195192773,0.24642247867514583
0.1542233,0.1407414200233843,0.9903210195192773,0.24645710385782538
0.15430266,0.140751100513573,0.9903210195192773,0.24647194620072554
0.15430383,0.14078660704047702,0.9903210195192773,0.24652638342280028
0.15436885,0.14081244122301995,0.9903210195192773,0.2465659892358652
0.15444352,0.1407927332782824,0.9901597031779319,0.24653077618212962
0.15448831,0.1408121128699243,0.9901597031779319,0.2465604852475275
0.15454108,0.1408476559810918,0.9901597031779319,0.24661497046866376
0.15458184,0.1408702836684109,0.9901597031779319,0.24664965542161388
0.15463984,0.14089615278670461,0.9901597031779319,0.246689307316463
0.15472843,0.1409252669039146,0.9901597031779319,0.2467339309400078
0.15474169,0.14093497428361498,0.9901597031779319,0.24674880906894628
0.15477787,0.14095763003789183,0.9901597031779319,0.24678353168199474
0.15480389,0.14097381717960497,0.9901597031779319,0.24680833953214074
0.15484552,0.14099000803950845,0.9901597031779319,0.24683315237039344
0.15485507,0.14100296340538926,0.9901597031779319,0.2468530062334435
0.15488419,0.14101916096126454,0.9901597031779319,0.24687782805408037
0.1549244,0.14104508479249966,0.9901597031779319,0.2469175533517539
0.15500955,0.14104832594158603,0.9901597031779319,0.24692251991288813
0.15501235,0.141083988415391,0.9901597031779319,0.2469771652749049
0.15506615,0.14108723135271808,0.9901597031779319,0.24698213423445092
0.15513481,0.14110344827586208,0.9901597031779319,0.24700698203161323
0.15516065,0.14110669210786456,0.9901597031779319,0.2470119521910167
0.1551903,0.1411456297284246,0.9901597031779319,0.24707160970875391
0.15520167,0.14114887550016098,0.9901597031779319,0.24707658246933983
0.15527791,0.1411586137111055,0.9901597031779319,0.24709150195219892
0.1552852,0.14117484704908229,0.9901597031779319,0.2471163717613613
0.15528612,0.1411780941647308,0.9901597031779319,0.2471213463239623
0.15533707,0.14119433198380565,0.9901597031779319,0.24714622214147383
0.15543208,0.1412105735385465,0.9901597031779319,0.24717110296760658
0.15545963,0.1412365677995352,0.9901597031779319,0.24721092271112705
0.15547974,0.14125932062966032,0.9901597031779319,0.24724577551286275
0.15548201,0.14129508989203748,0.9901597031779319,0.24730056406102233
0.15548442,0.14129834254143647,0.9901597031779319,0.24730554604220775
0.15555477,0.14131460803499482,0.9901597031779319,0.24733045895936553
0.15561943,0.14134715025906736,0.9901597031779319,0.24738029985469026
0.1556534,0.14132737656595432,0.9899983868365866,0.24734498115771217
0.15566699,0.1413469068128426,0.9899983868365866,0.24737489166997495
0.15571077,0.14136318614239973,0.9899983868365866,0.2473998226233401
0.15572125,0.14140227183705445,0.9899983868365866,0.2474596774191361
0.15574,0.14141204663809392,0.9899983868365866,0.24747464564367105
0.15578203,0.14144137915139782,0.9899983868365866,0.24751956118393864
0.1558475,0.14147724653049934,0.9899983868365866,0.2475744801014412
0.15597722,0.14150334332487896,0.9899983868365866,0.2476144364419123
0.15603745,0.14152618591887092,0.9899983868365866,0.2476494088210555
0.15609162,0.14152944974862783,0.9899983868365866,0.24765440568166808
0.15610223,0.1415457711557534,0.9899983868365866,0.24767939300970923
0.15614131,0.14154903588891965,0.9899983868365866,0.24768439108039858
0.15614168,0.14157189323859834,0.9899983868365866,0.24771938322412915
0.15616688,0.1415849578959511,0.9899983868365866,0.24773938317433303
0.15617444,0.14161763009115033,0.9899983868365866,0.24778939718151477
0.15622236,0.14162089814002862,0.9899983868365866,0.24779439969291492
0.15628505,0.14163724064714164,0.9899983868365866,0.24781941528002652
0.15629461,0.14164050960118169,0.9899983868365866,0.24782441900355676
0.15630077,0.14164377870611858,0.9899983868365866,0.2478294229291514
0.15630166,0.14166012649462167,0.9899983868365866,0.24785444558852107
0.15649772,0.1416993765873932,0.9899983868365866,0.24791452059199645
0.1565376,0.14170264841026114,0.9899983868365866,0.24791952815684645
0.15659119,0.14170592038422464,0.9899983868365866,0.24792453592399366
0.15660779,0.1417255554015981,0.9899983868365866,0.24795458677580565
0.1566157,0.14173537495092264,0.9899983868365866,0.24796961493371758
0.15662315,0.1417517438906084,0.9899983868365866,0.24799466591213207
0.15664205,0.14177466675907316,0.9899983868365866,0.24802974578646794
0.15665375,0.14178776886999514,0.9899983868365866,0.24804979588515325
0.15666126,0.1418041499145062,0.9899983868365866,0.24807486306746881
0.15670937,0.14180742657762785,0.9899983868365866,0.248079877111916
0.15676534,0.1418369233613756,0.9899983868365866,0.24812501263446649
0.15683557,0.14185987378932527,0.9899983868365866,0.24816012939727372
0.15687956,0.14188283164562815,0.9899983868365866,0.2481952561015339
0.15693703,0.1418992346643853,0.9899983868365866,0.24822035269351955
0.15694605,0.14190907829625862,0.9899983868365866,0.24823541308502695
0.15695299,0.14194190026829495,0.9899983868365866,0.24828562759156783
0.1569859,0.14194518330056666,0.9899983868365866,0.24829065015958968
0.15701102,0.14198130668147327,0.9899983868365866,0.24834591182221147
0.15701993,0.14196145570645258,0.9898370704952412,0.24831046902167367
0.15705304,0.1419877357399051,0.9898370704952412,0.2483506698504301
0.15706974,0.14201073875208295,0.9898370704952412,0.24838585625496704
0.15727715,0.1420403250075233,0.9898370704952412,0.24843111057105866
0.1573076,0.14205676714358476,0.9898370704952412,0.24845625898384704
0.15737931,0.1420369041279837,0.9896757541538957,0.2484207968899651
0.15739469,0.14205663741403662,0.9896757541538957,0.2484509780097428
0.15739654,0.142036771175844,0.9895144378125504,0.2484155107824067
0.15744391,0.14206966833425977,0.9895144378125504,0.24846582278459056
0.15745969,0.142092705413607,0.9895144378125504,0.24850105331366795
0.15755513,0.1421157499652472,0.9895144378125504,0.24853629383499437
0.15756626,0.14211904265424805,0.9895144378125504,0.24854132901112558
0.15764824,0.14212233549582948,0.9895144378125504,0.24854636439127936
0.15765955,0.14213221493616332,0.9895144378125504,0.24856147175600046
0.15768337,0.1421486837226548,0.9895144378125504,0.24858665477881212
0.1577395,0.14216845130487182,0.9895144378125504,0.24861688114275324
0.15777555,0.14220140949554896,0.9895144378125504,0.2486672747540115
0.1578588,0.14221459705091347,0.9895144378125504,0.2486874379191413
0.1578891,0.14223438297082966,0.9895144378125504,0.24871768879856376
0.15797995,0.1422376811594203,0.9895144378125504,0.24872273132732864
0.15798233,0.14227397133181796,0.9895144378125504,0.24877821264147706
0.15809241,0.14225407649664834,0.989353121471205,0.24874269954552963
0.15823825,0.14227057622715042,0.989353121471205,0.2487679234183617
0.15831752,0.1423002853894522,0.989353121471205,0.248813339283321
0.1583375,0.14232340109533093,0.989353121471205,0.24884867419993834
0.1583748,0.14232670395210137,0.989353121471205,0.2488537228644585
0.15838379,0.14233991691229372,0.989353121471205,0.24887391957126084
0.15845497,0.14235643656283367,0.989353121471205,0.24889917006532258
0.15849423,0.14238287598087013,0.989353121471205,0.24893958151501147
0.1585113,0.14240601852926835,0.989353121471205,0.24897495229954048
0.15855646,0.1424258609879009,0.989353121471205,0.24900527811589854
0.15857202,0.14245232620258752,0.989353121471205,0.24904572403129135
0.15860412,0.1424887319362483,0.989353121471205,0.24910135862369087
0.15861261,0.14252184420896077,0.989353121471205,0.24915195709998095
0.15877904,0.1425317808919566,0.989353121471205,0.2491671406514415
0.15879476,0.14254503195816387,0.989353121471205,0.24918738826566642
0.15880422,0.14255828548848237,0.989353121471205,0.24920763917084848
0.15881267,0.14257817040567244,0.989353121471205,0.2492380217009217
0.15886496,0.14260469225939965,0.989353121471205,0.24927854326686108
0.15888694,0.14262127342914283,0.989353121471205,0.2493038759372607
0.15889324,0.14264781132251012,0.989353121471205,0.24934441892117098
0.15890475,0.14265112925359943,0.989353121471205,0.24934948772136048
0.15895051,0.1426743590936584,0.989353121471205,0.2493849750938124
0.15896976,0.14270423715010355,0.989353121471205,0.24943061656070373
0.15897888,0.14270755770662696,0.989353121471205,0.24943568886607348
0.159023,0.14272748429136606,0.989353121471205,0.24946612703103915
0.15905215,0.14276403082008426,0.989353121471205,0.2495219496315791
0.15917426,0.1427872974483144,0.989353121471205,0.24955748611399897
0.15922356,0.1427906218714349,0.989353121471205,0.2495625635806544
0.15923034,0.1427706635622817,0.9891918051298596,0.24952694866608
0.15927209,0.142793936147917,0.9891918051298596,0.24956249236883243
0.15932657,0.14282054268079655,0.9891918051298596,0.24960312614460795
0.1593853,0.1428338496657427,0.9891918051298596,0.24962344799489447
0.15944351,0.14283717679944094,0.9891918051298596,0.24962852897451943
0.15950572,0.14287378550292412,0.9891918051298596,0.2496844334050484
0.15972139,0.14287711449741367,0.9891918051298596,0.24968951686766627
0.15974818,0.14288044364703964,0.9891918051298596,0.24969460053728249
0.15980372,0.14289709172259507,0.9891918051298596,0.24972002199077936
0.15981124,0.1429137436781877,0.9891918051298596,0.24974544862112913
0.15981802,0.14291707453503005,0.9891918051298596,0.24975053456856053
0.15984249,0.1429437269802788,0.9891918051298596,0.24979122960647623
0.15985326,0.14296038980719464,0.9891918051298596,0.24981667074042951
0.15986791,0.14299039268724933,0.9891918051298596,0.2498624778434319
0.15988228,0.14299372711797215,0.9891918051298596,0.24986756855851772
0.15996161,0.14301040160455245,0.9891918051298596,0.24989302524582122
0.16004558,0.14302707998040726,0.9891918051298596,0.24991848712074438
0.16006467,0.14306378610424153,0.9891918051298596,0.2499745215138128
0.16011603,0.14308381556841515,0.9891918051298596,0.2500050963202358
0.16013399,0.14310385064177364,0.9891918051298596,0.2500356786068863
0.16019122,0.14312723198655555,0.9891918051298596,0.2500713673991511
0.16020134,0.14310723122169833,0.9890304887885143,0.25003568442709506
0.16026822,0.14311057164865432,0.9890304887885143,0.2500407830340369
0.16041218,0.14311391223155928,0.9890304887885143,0.25004588184891957
0.1606023,0.1431373006793827,0.9890304887885143,0.25008157937651265
0.16060355,0.14315735400565063,0.9890304887885143,0.2501121853708067
0.16068806,0.14317741295158917,0.9890304887885143,0.2501427988573882
0.16072677,0.14320416695863405,0.9890304887885143,0.25018362849892206
0.16081814,0.14321754771192974,0.9890304887885143,0.25020404831842086
0.16084523,0.1432376235310609,0.9890304887885143,0.250234684298379
0.16088232,0.14326440004673444,0.9890304887885143,0.2502755439439354
0.1608837,0.14329118657536166,0.9890304887885143,0.2503164169352298
0.16088593,0.14330458359628825,0.9890304887885143,0.2503368584375724
0.16091259,0.1432845589266514,0.9888691724471689,0.2503011371754184
0.16102661,0.14328790818353943,0.9888691724471689,0.25030624744771685
0.16108097,0.1433113573666246,0.9888691724471689,0.2503420251973367
0.16116226,0.14333481422592187,0.9888691724471689,0.2503778131762686
0.16117515,0.1433549262178153,0.9888691724471689,0.250408496731805
0.16117534,0.14337504385451993,0.9888691724471689,0.2504391878087423
0.16125278,0.14341529607187142,0.9888691724471689,0.25050059253788504
0.16126025,0.1434488568553577,0.9888691724471689,0.25055178615199
0.16129804,0.14346900086596298,0.9888691724471689,0.25058251236539203
0.16134197,0.14347235875111172,0.9888691724471689,0.2505876341336571
0.16136634,0.1434857918636768,0.9888691724471689,0.2506081233006106
0.16136973,0.14348915053486574,0.9888691724471689,0.25061324611588653
0.16138394,0.14350258679214364,0.9888691724471689,0.2506337394715261
0.16144101,0.1435328275732884,0.9888691724471689,0.25067986177825613
0.1615086,0.14355971896955502,0.9888691724471689,0.25072087363727624
0.16152787,0.14358325720844167,0.9888691724471689,0.2507567700235043
0.16156176,0.1436269915651359,0.9888691724471689,0.25082346201823225
0.16168733,0.14364381956649092,0.9888691724471689,0.2508491222324584
0.1617054,0.14364718563996812,0.9888691724471689,0.25085425490535007
0.16172116,0.14366738539420643,0.9888691724471689,0.25088505535410754
0.16175655,0.14369095895548628,0.9888691724471689,0.2509209987717801
0.16176288,0.1437010642786816,0.9888691724471689,0.2509364062465803
0.16182028,0.14372464889451594,0.9888691724471689,0.2509723643805358
0.16188261,0.14375498334974907,0.9888691724471689,0.25101861141232107
0.16198707,0.14378533061243637,0.9888691724471689,0.25106487549125933
0.16200446,0.14378870332144866,0.9888691724471689,0.25107001699717746
0.16200526,0.14379207618868897,0.9888691724471689,0.2510751587136837
0.16202874,0.14377199155524278,0.9887078561058236,0.2510393413747809
0.16205126,0.14375190597949752,0.9885465397644781,0.2510035225687961
0.16206037,0.14378226184889722,0.9885465397644781,0.25104979618568946
0.16208269,0.1438193808819733,0.9885465397644781,0.25110637600371205
0.1621058,0.1438227562898986,0.9885465397644781,0.25111152088817534
0.16212851,0.1438328834643821,0.9885465397644781,0.25112695680659736
0.16216369,0.14383625950614964,0.9885465397644781,0.25113210253445845
0.16217528,0.14387002864253182,0.9885465397644781,0.2511835714137105
0.162217,0.14390381363892543,0.9885465397644781,0.25123506139411633
0.16223687,0.14392071208811855,0.9885465397644781,0.2512608143013075
0.1623679,0.1439240922542158,0.9885465397644781,0.25126596551631253
0.16243011,0.143927472579092,0.9885465397644781,0.25127111694253684
0.16248603,0.14394437658554918,0.9885465397644781,0.25129687724240174
0.16253203,0.1439477578633342,0.9885465397644781,0.2513020299362144
0.1625471,0.14395113929997652,0.9885465397644781,0.2513071828413373
0.16256529,0.14396466663534277,0.9885465397644781,0.2513277965751908
0.16265678,0.14399511243743685,0.9885465397644781,0.25137418984307935
0.16273743,0.144028956213129,0.9885465397644781,0.2514257580106917
0.16278674,0.1440323414657077,0.9885465397644781,0.25143091599116174
0.16304433,0.14406620274590934,0.9885465397644781,0.251482507437964
0.16307071,0.14409669151362664,0.9885465397644781,0.2515289578456918
0.163071,0.14410007995108876,0.9885465397644781,0.25153412006134795
0.16308469,0.14407995296884185,0.9883852234231327,0.251498234955857
0.16315405,0.14411384217335058,0.9883852234231327,0.2515498624623143
0.16316542,0.1441274023193997,0.9883852234231327,0.2515705194003116
0.16326557,0.1441579219801421,0.9883852234231327,0.25161700991743857
0.16332772,0.1441613138514388,0.9883852234231327,0.2516221765911536
0.16337588,0.14419524134522604,0.9883852234231327,0.25167385500080464
0.16339384,0.1442190000941531,0.9883852234231327,0.25171004251975393
0.16348495,0.14423937096850134,0.9883852234231327,0.2517410686769764
0.16350879,0.14424276667372932,0.9883852234231327,0.25174624044681526
0.16355032,0.14428012998634202,0.9883852234231327,0.2518031439430634
0.16358072,0.1442971197098514,0.9883852234231327,0.2518290176734316
0.16358583,0.14430051813471503,0.9883852234231327,0.25183419305758814
0.16360481,0.14433791137600416,0.9883852234231327,0.25189113632603977
0.16363388,0.14434131172257822,0.9883852234231327,0.251896314263761
0.16368748,0.14436171716695725,0.9883852234231327,0.2519273863610777
0.16376778,0.14437872611164784,0.9883852234231327,0.2519532856318197
0.16387893,0.14441275602800105,0.9883852234231327,0.2520051001519595
0.1639673,0.144439991513237,0.9883852234231327,0.25204656711483775
0.16402209,0.14447064371610469,0.9883852234231327,0.25209323376307224
0.16406539,0.1444876783398184,0.9883852234231327,0.25211916714651433
0.16417302,0.14450471698113207,0.9883852234231327,0.2521451058661533
0.1642633,0.14453198716739007,0.9883852234231327,0.2521866189209768
0.1643148,0.14455585702489088,0.9883852234231327,0.2522229540587268
0.16431653,0.14455926764816912,0.9883852234231327,0.2522281456474319
0.16433616,0.14453908406672486,0.9882239070817874,0.25219216993926113
0.16438255,0.14451889953282054,0.988062590740442,0.25215619275002954
0.1644346,0.14454959526113326,0.988062590740442,0.25220291525959776
0.16446157,0.1445530067025394,0.988062590740442,0.25220810771837476
0.16452976,0.14458030403172506,0.988062590740442,0.2522496550869836
0.16459337,0.1445837169227864,0.988062590740442,0.2522548494705569
0.16475603,0.14456352391294083,0.9879012743990966,0.2522188587547452
0.16479751,0.14459424361910608,0.9879012743990966,0.25226561212698106
0.16485423,0.14460790101301094,0.9879012743990966,0.2522863969677265
0.16494623,0.14463180766142364,0.9879012743990966,0.25232277868171615
0.16501133,0.14465230536659107,0.9879012743990966,0.25235397136065074
0.16501819,0.1446762267003709,0.9879012743990966,0.25239037256819125
0.16512673,0.14469331821188924,0.9879012743990966,0.25241637986087395
0.16543594,0.14471383335696394,0.9879012743990966,0.25244759568788644
0.16547316,0.1447411959347672,0.9879012743990966,0.25248922880267965
0.16548061,0.14476172465960666,0.9879012743990966,0.2525204626515718
0.16550465,0.1447822592084732,0.9879012743990966,0.2525517042289046
0.16551085,0.14479937578322655,0.9879012743990966,0.25257774478242156
0.16553785,0.14480279958384565,0.9879012743990966,0.2525829535375469
0.16562986,0.14482334578820413,0.9879012743990966,0.2526142105803689
0.16565426,0.14482677072247843,0.9879012743990966,0.2526194208396416
0.16569579,0.14484047207965753,0.9879012743990966,0.25264026402617956
0.16578715,0.14487816418263544,0.9879012743990966,0.25269760052794954
0.16580692,0.14490558894515168,0.9879012743990966,0.2527393161509087
0.16595343,0.14492616433169253,0.9879012743990966,0.25277061190773265
0.16596696,0.14494674556213016,0.9879012743990966,0.2528019154159876
0.16601709,0.14495017633553456,0.9879012743990966,0.25280713342117705
0.16603114,0.1449810606060606,0.9879012743990966,0.25285410516297174
0.16607735,0.14499479117340658,0.9879012743990966,0.25287498709588496
0.16614558,0.1450085243417314,0.9879012743990966,0.2528958724781481
0.16616614,0.14502569446088995,0.9879012743990966,0.2529219840579273
0.16618493,0.14505317511073212,0.9879012743990966,0.25296377380290774
0.16619694,0.1450737924336105,0.9879012743990966,0.252995125175353
0.16625677,0.14510129131619476,0.9879012743990966,0.2530369390957191
0.16628526,0.14512536139153515,0.9879012743990966,0.2530735376157446
0.16632445,0.14515976106949843,0.9879012743990966,0.25312583958478907
0.1663929,0.14519073472581143,0.9879012743990966,0.2531729298439206
0.16640967,0.14521827796352943,0.9879012743990966,0.25321480256334894
0.16650106,0.14523205350155335,0.9879012743990966,0.2532357441175452
0.16653232,0.14521178200445856,0.9877399580577513,0.25319962782981886
0.1665383,0.14522555855984062,0.9877399580577513,0.25322057029402184
0.16661939,0.14524967382279683,0.9877399580577513,0.2532572279436901
0.16663809,0.14525311951416237,0.9877399580577513,0.2532624656172149
0.16665044,0.14527724393195246,0.9877399580577513,0.2532991353987753
0.16669445,0.14529792838328467,0.9877399580577513,0.253330575092867
0.16682446,0.1453013763644993,0.9877399580577513,0.25333581580068254
0.16686478,0.14530482450936189,0.9877399580577513,0.2533410567253339
0.16687368,0.1453220676888024,0.9877399580577513,0.25336726460160125
0.16690916,0.14532551681579758,0.9877399580577513,0.2533725068275509
0.16694652,0.14537382179064082,0.9877399580577513,0.2534459207746428
0.16699834,0.1453535305570065,0.9875786417164059,0.2534097729575345
0.16700645,0.14537078811768336,0.9875786417164059,0.25343599933741495
0.16701248,0.14537424012158054,0.9875786417164059,0.2534412452648298
0.16702227,0.14539150260051772,0.9875786417164059,0.25346747815983917
0.16730681,0.1454191310957505,0.9875786417164059,0.2535094620893038
0.16731608,0.14543985935903833,0.9875786417164059,0.2535409591648553
0.16737223,0.1454433146441129,0.9875786417164059,0.25354620943838796
0.16738614,0.1454605935324447,0.9875786417164059,0.25357246406803613
0.16739292,0.145491705879557,0.9875786417164059,0.2536197361059965
0.16739987,0.1455159135746714,0.9875786417164059,0.25365651543379314
0.1674887,0.14555397051830718,0.9875786417164059,0.253714333077544
0.16756384,0.14553365510354502,0.9874173253750604,0.25367814662831434
0.16757978,0.14555788071910966,0.9874173253750604,0.2537149489127519
0.16765563,0.14558557701455618,0.9874173253750604,0.2537570217438632
0.1677299,0.14556525462026973,0.9872560090337151,0.25372082417787806
0.1677591,0.14559642194414046,0.9872560090337151,0.2537681670223539
0.16781561,0.14562067242486973,0.9872560090337151,0.2538050014512751
0.1678279,0.14566226347732952,0.9872560090337151,0.25386817107041926
0.16783443,0.1456934723610913,0.9872560090337151,0.2539155689241613
0.16785054,0.14569694084037615,0.9872560090337151,0.2539208364448841
0.16785967,0.1456766022283592,0.9870946926923697,0.25388461299066856
0.16788372,0.1456939450939308,0.9870946926923697,0.253910950661629
0.16790587,0.14569741416257917,0.9870946926923697,0.25391621885157156
0.16791779,0.1457251726601572,0.9870946926923697,0.2539583722424038
0.16795266,0.1457286432160804,0.9870946926923697,0.25396364240037345
0.16795734,0.14576683024441375,0.9870946926923697,0.25402162857772786
0.16799831,0.14577030278485836,0.9870946926923697,0.25402690136144956
0.16800393,0.14577377549075662,0.9870946926923697,0.2540321743640726
0.16801268,0.1457772483621203,0.9870946926923697,0.2540374475856104
0.1680428,0.14578072139896125,0.9870946926923697,0.2540427210260768
0.1680519,0.14580851165228995,0.9870946926923697,0.2540849164328703
0.16813295,0.14583631250297918,0.9870946926923697,0.25412712585894465
0.168157,0.14584674055535693,0.9870946926923697,0.2541429580094945
0.16818719,0.14589194602069525,0.9870946926923697,0.2542115867968924
0.16820915,0.1459128195345288,0.9870946926923697,0.25424327412463277
0.1682606,0.14592325853146687,0.9870946926923697,0.25425912075104296
0.1683438,0.1459028903939712,0.9869333763510244,0.2542228501379402
0.16840036,0.14593073180040073,0.9869333763510244,0.2542651123161315
0.16840641,0.1459342127233261,0.9869333763510244,0.2542703960764141
0.16850561,0.1459481380758129,0.9869333763510244,0.25429153331371207
0.16851112,0.14596554850407978,0.9869333763510244,0.2543179598027393
0.16854125,0.14598993008327965,0.9869333763510244,0.25435496611626823
0.16870947,0.14603174603174604,0.9869333763510244,0.25441843057323577
0.16873573,0.1460387176855322,0.9869333763510244,0.25442901106190635
0.1687723,0.14604220376205482,0.9869333763510244,0.25443430163625624
0.16879621,0.1460770736832052,0.9869333763510244,0.2544872194835632
0.1688799,0.146080561591175,0.9869333763510244,0.2544925124789767
0.16896756,0.14610847085233922,0.9869333763510244,0.2545348643698868
0.16897821,0.14611196025983952,0.9869333763510244,0.254540159347407
0.16898334,0.14613639077988774,0.9869333763510244,0.2545772303592959
0.16898772,0.14617479810770775,0.9869333763510244,0.25463550662787343
0.16903025,0.14620973138323295,0.9869333763510244,0.2546885082111692
0.16903706,0.14622720428308517,0.9869333763510244,0.25471501727776347
0.16908555,0.14623069936421434,0.9869333763510244,0.2547203197532985
0.16913275,0.14625866602916568,0.9869333763510244,0.25476274750648986
0.16914737,0.14628664339342928,0.9869333763510244,0.2548051893960809
0.16922443,0.1463041346820671,0.9869333763510244,0.2548317227588554
0.16929217,0.1463076334417448,0.9869333763510244,0.2548370300945372
0.1693031,0.14633912981079725,0.9869333763510244,0.25488480606568353
0.16936633,0.1463601349250018,0.9869333763510244,0.2549166666664417
0.16942284,0.14639515685195378,0.9869333763510244,0.25496978537172754
0.16951223,0.14641617805432572,0.9869333763510244,0.2550016672221825
0.16955087,0.14643720529452595,0.9869333763510244,0.25503355704675484
0.16957352,0.14647226411932293,0.9869333763510244,0.25508672448276354
0.16965547,0.14648629235005386,0.9869333763510244,0.2551079976646902
0.16966797,0.1465073397351469,0.9869333763510244,0.25513991409127157
0.16977358,0.14651084822070023,0.9869333763510244,0.25514523427214386
0.16980499,0.14654945265528063,0.9869333763510244,0.2552037709087141
0.16982004,0.1465529631581469,0.9869333763510244,0.2552090937530338
0.1698229,0.1465564738292011,0.9869333763510244,0.2552144168193977
0.16983692,0.14655998466845535,0.9869333763510244,0.25521974010781984
0.16986641,0.14656349567592172,0.9869333763510244,0.2552250636183139
0.16991921,0.1465951023146595,0.9869333763510244,0.255272985208295
0.1699243,0.14659861500491217,0.9869333763510244,0.2552783109402738
0.16993085,0.14661969468210032,0.9869333763510244,0.25531026999935746
0.16996863,0.146658356505897,0.9869333763510244,0.2553688823956841
0.16998494,0.146682970102376,0.9869333763510244,0.25540619520725566
0.16998507,0.14668648700489115,0.9869333763510244,0.25541152649903365
0.17002654,0.14672166530768863,0.9869333763510244,0.25546485166063027
0.17004646,0.14674278038952318,0.9869333763510244,0.2554968574468941
0.17005278,0.14676038093410415,0.9869333763510244,0.2555235350622146
0.17006816,0.1467744644099513,0.9869333763510244,0.2555448811659748
0.17008418,0.14677798570126194,0.9869333763510244,0.2555502182491846
0.17013365,0.1467991169977925,0.9869333763510244,0.25558224543058394
0.17020674,0.1468026394721056,0.9869333763510244,0.2555875840746377
0.17022118,0.14681673105996976,0.9869333763510244,0.25560894088132874
0.17023629,0.1468378735149406,0.9869333763510244,0.25564098278433073
0.17026693,0.14684139784946237,0.9869333763510244,0.25564632388252323
0.1702765,0.14686959861724602,0.9869333763510244,0.2556890607039851
0.1703473,0.1468978102189781,0.9869333763510244,0.25573181181660726
0.17034769,0.14691897603381202,0.9869333763510244,0.25576388453396054
0.17035133,0.1469542659492698,0.9869333763510244,0.2558173569440156
0.17039213,0.146978978978979,0.9869333763510244,0.2558548009365425
0.17047596,0.1469825100903325,0.9869333763510244,0.25586015097315534
0.17049302,0.14701076509034985,0.9869333763510244,0.25590295932216267
0.17052399,0.14702489666442373,0.9869333763510244,0.25592436886886305
0.17056137,0.1470425649530127,0.9869333763510244,0.2559511358404637
0.17059217,0.14707084304911175,0.9869333763510244,0.2559939746430648
0.17060356,0.14710974319515244,0.9869333763510244,0.25605290141647746
0.17061792,0.1471415858967267,0.9869333763510244,0.2561011344131025
0.17068328,0.14716282202390976,0.9869333763510244,0.2561332998406851
0.17075165,0.1471805234795997,0.9869333763510244,0.256160110536337
0.17076552,0.1471600067361128,0.986772060009679,0.25612360256226624
0.17078741,0.1471918764136869,0.986772060009679,0.25617187009211656
0.1708397,0.14721313053523297,0.986772060009679,0.25620405855352163
0.17086473,0.1472273033599692,0.986772060009679,0.2562255220221001
0.17089348,0.1472485677146021,0.986772060009679,0.2562577239686897
0.1709188,0.14728047576625816,0.986772060009679,0.2563060420679882
0.170943,0.14731239764955206,0.986772060009679,0.25635437839174424
0.17098811,0.1473407842759418,0.986772060009679,0.25639735932074215
0.17110543,0.14735498169204087,0.986772060009679,0.2564188551904008
0.17116942,0.14735853147358532,0.986772060009679,0.25642422972100637
0.1712073,0.1473762829470438,0.986772060009679,0.2564511057538877
0.17120776,0.14737983375496927,0.986772060009679,0.25645648163653384
0.17120908,0.14738338473400153,0.986772060009679,0.25646185774456975
0.17123005,0.14740824637925634,0.986772060009679,0.2564994968129238
0.17124231,0.1474117987275882,0.986772060009679,0.2565048747245877
0.1712475,0.14744733162994744,0.986772060009679,0.25655866624702134
0.17134167,0.14745088586235988,0.986772060009679,0.2565640466401563
0.17137492,0.1474544402661267,0.986772060009679,0.2565694272589647
0.17140639,0.14745799484126026,0.986772060009679,0.25657480810346067
0.17143661,0.1474899937310122,0.986772060009679,0.2566232458622116
0.17146052,0.14752200651151573,0.986772060009679,0.25667170191316746
0.17156929,0.1475326805267474,0.986772060009679,0.25668785799687827
0.17157568,0.14756115212042265,0.986772060009679,0.2567309508318304
0.17159411,0.14759319580166486,0.986772060009679,0.2567794475692472
0.17170209,0.14762169075946618,0.986772060009679,0.25682257116443896
0.17171572,0.14765376074152747,0.986772060009679,0.25687110252565176
0.17172223,0.1476573249330147,0.986772060009679,0.25687649603135293
0.17177731,0.1477036750857198,0.986772060009679,0.2569466322220657
0.17181388,0.1477322127227938,0.986772060009679,0.2569898119943118
0.17182507,0.14773578070281368,0.986772060009679,0.2569952104862872
0.17185721,0.14776433074860498,0.986772060009679,0.2570384065885624
0.17189479,0.1477679002802203,0.986772060009679,0.2570438071223703
0.17189737,0.14779289183116287,0.986772060009679,0.2570816172141972
0.17198068,0.1478107481152136,0.986772060009679,0.25710863123361744
0.17199074,0.1478393271461717,0.986772060009679,0.25715186547533825
0.17208777,0.14786791723070972,0.986772060009679,0.25719511425965935
0.17223233,0.14788221642007543,0.986772060009679,0.25721674410758816
0.17224385,0.14790009429628376,0.986772060009679,0.2572437865341103
0.17227276,0.1479287078909821,0.986772060009679,0.25728706624583003
0.17230602,0.14795375386996903,0.986772060009679,0.25732494794163635
0.17231245,0.14798596830772953,0.986772060009679,0.2573736693732742
0.17234415,0.1479653553974936,0.9866107436683336,0.2573370079731811
0.17236906,0.1480047431212642,0.9866107436683336,0.2573965742180299
0.1723712,0.14800832486326895,0.9866107436683336,0.257401990698622
0.17240824,0.14802981895633652,0.9866107436683336,0.25743449436997196
0.1724416,0.14803340191213846,0.9866107436683336,0.25743991244663084
0.17245114,0.14805490328983997,0.9866107436683336,0.2574724256964978
0.17248397,0.1480799961260956,0.9866107436683336,0.2575103682025477
0.17255148,0.1481050974694273,0.9866107436683336,0.25754832189306476
0.1725873,0.148108684070325,0.9866107436683336,0.25755374476215903
0.17259617,0.14814455963569423,0.9866107436683336,0.25760798601582086
0.1726263,0.14814814814814814,0.9866107436683336,0.2576134113977764
0.17265703,0.14818763326226012,0.9866107436683336,0.2576731056853494
0.17268898,0.14816699377286716,0.9864494273269883,0.25763640193783904
0.1727344,0.14819931171537976,0.9864494273269883,0.25768525736898124
0.17275323,0.14820290346816606,0.9864494273269883,0.25769068689399954
0.1727994,0.14823164375924175,0.9864494273269883,0.257734131332488
0.17285022,0.14827117986518598,0.9864494273269883,0.2577938913595671
0.17289919,0.14828915779518392,0.9864494273269883,0.25782106417044487
0.17289957,0.14829275390435542,0.9864494273269883,0.2578264994200321
0.17292081,0.14831793155303305,0.9864494273269883,0.2578645525847436
0.17295274,0.1483215290579218,0.9864494273269883,0.25786998966810515
0.17296715,0.14835031538088306,0.9864494273269883,0.2579134945905486
0.17297737,0.14836471273291926,0.9864494273269883,0.25793525255698035
0.17301683,0.1483683125075822,0.9864494273269883,0.25794069262220487
0.17305443,0.14838631400145597,0.9864494273269883,0.2579678963907533
0.17313057,0.14841152343275976,0.9864494273269883,0.25800599130815627
0.17317396,0.14843313833531568,0.9864494273269883,0.258038653050663
0.1731892,0.14846557249684375,0.9864494273269883,0.2580876611726681
0.17325594,0.14850162708242265,0.9864494273269883,0.258142136479499
0.17326349,0.1485376991838321,0.9864494273269883,0.258196634787705
0.17326605,0.14856656948493682,0.9864494273269883,0.25824025000505124
0.17330065,0.1485701790616876,0.9864494273269883,0.2582457029433089
0.17333041,0.14857378881383934,0.9864494273269883,0.2582511561118572
0.17334107,0.14859545101088648,0.9864494273269883,0.25828387996006896
0.17334473,0.14862434376822867,0.9864494273269883,0.258327524660229
0.17336784,0.14862795615293004,0.9864494273269883,0.2583329812848892
0.17346947,0.1486749331388281,0.9864494273269883,0.25840393838849807
0.17350268,0.14870385681630272,0.9864494273269883,0.2584476236763641
0.17355683,0.14872193983024054,0.9864494273269883,0.25847493448282244
0.173618,0.1487472634395524,0.9864494273269883,0.25851317931026285
0.17371571,0.14876897625535226,0.9864494273269883,0.258545969600009
0.1737275,0.14878345498783455,0.9864494273269883,0.25856783441487613
0.1738131,0.14881604244238397,0.9864494273269883,0.25861704377223993
0.17383046,0.1488341527527625,0.9864494273269883,0.2586443903984187
0.17383467,0.14883777534379944,0.9864494273269883,0.2586498604176725
0.17384222,0.148863138419592,0.9864494273269883,0.2586881570317327
0.1738686,0.1488957607928121,0.9864494273269883,0.2587374122025308
0.17387293,0.14889938638355898,0.9864494273269883,0.2587428861571335
0.1739234,0.14892839746712128,0.9864494273269883,0.25878668613363015
0.17393918,0.1489501631996882,0.9864494273269883,0.2588195458487128
0.17394298,0.14895379144033322,0.9864494273269883,0.25882502327920986
0.17394476,0.14897556459668185,0.9864494273269883,0.25885789273143184
0.17404264,0.14899008357088908,0.9864494273269883,0.2588798103380303
0.17406788,0.14899371375663953,0.9864494273269883,0.2588852903196212
0.17407687,0.14903002534607135,0.9864494273269883,0.25894010289829195
0.17411382,0.14903365747849187,0.9864494273269883,0.2589455854327594
0.17420055,0.14905908736349455,0.9864494273269883,0.2589839696755655
0.17422839,0.14906272091265876,0.9864494273269883,0.25898945406779106
0.17423557,0.14904197747550096,0.9862881109856428,0.2589525846549041
0.17429478,0.14907104891012826,0.9862881109856428,0.2589964628383969
0.17430492,0.1490746836368956,0.9862881109856428,0.2590019486568929
0.17443042,0.14910740415569212,0.9862881109856428,0.2590513314829403
0.17445572,0.14912558842898607,0.9862881109856428,0.2590787745241161
0.17445956,0.1491365011220607,0.9862881109856428,0.2590952431399349
0.17451927,0.14915469249347418,0.9862881109856428,0.2591226954861036
0.17453535,0.14913393510612344,0.9861267946442974,0.2590858038947472
0.1746034,0.1491557681046262,0.9861267946442974,0.25911875039716065
0.17462185,0.14917032698877503,0.9861267946442974,0.259140719387635
0.17470871,0.14920673663656334,0.9861267946442974,0.2591956581650921
0.17473115,0.1492249481264494,0.9861267946442974,0.2592231362901626
0.17474489,0.14922859095791427,0.9861267946442974,0.2592286326143212
0.17474508,0.14926138444634354,0.9861267946442974,0.2592781100222511
0.17476445,0.14924061141768813,0.9859654783029521,0.2592411935611569
0.17477079,0.14921983737455133,0.9858041619616067,0.2592042755342135
0.17478164,0.14922348114866185,0.9858041619616067,0.2592097728571871
0.1748051,0.14924170268884168,0.9858041619616067,0.259237262970119
0.17496984,0.14924534753089436,0.9858041619616067,0.25924276169242194
0.17497623,0.14926357441195867,0.9858041619616067,0.25927025880333543
0.17499691,0.14928180574555402,0.9858041619616067,0.25929776174794167
0.17502677,0.1492854525467204,0.9858041619616067,0.2593032630370694
0.17504917,0.14931098514464425,0.9858041619616067,0.25934177859802726
0.17522472,0.14931463337161288,0.9858041619616067,0.25934728175506583
0.1753185,0.14933287718097846,0.9858041619616067,0.25937480104389193
0.1753263,0.14931208914738153,0.9856428456202614,0.2593378607807562
0.17539115,0.14933033532114576,0.9856428456202614,0.25936538257432307
0.17541741,0.14930954417695222,0.985481529278916,0.25932843740691164
0.17547455,0.14933874398024788,0.985481529278916,0.25937247908948396
0.17549889,0.14937160741356545,0.985481529278916,0.2594220438666844
0.17550395,0.14939717786309947,0.985481529278916,0.25946060734740356
0.17551267,0.14937637564196626,0.9853202129375705,0.25942364458767936
0.17551437,0.14938002885861723,0.9853202129375705,0.2594291539243381
0.17552017,0.14938368225396204,0.9853202129375705,0.2594346634950036
0.17553763,0.14941657085545146,0.9853202129375705,0.2594842601637545
0.17553867,0.14943119266055047,0.9853202129375705,0.2595063092150494
0.1755485,0.14946044485770915,0.9853202129375705,0.2595504185609407
0.17557764,0.14946410218763764,0.9853202129375705,0.2595559332835277
0.17558241,0.14946775969656184,0.9853202129375705,0.2595614482404648
0.17558712,0.14949702621337838,0.9853202129375705,0.2596055763343513
0.17561087,0.1495006853338555,0.9853202129375705,0.25961109340111005
0.175631,0.1495043446334598,0.9853202129375705,0.25961661070236824
0.1756404,0.14954094748439223,0.9853202129375705,0.2596717966157052
0.17565984,0.14954460875526393,0.9853202129375705,0.2596773164974435
0.17567103,0.14956291779916256,0.9853202129375705,0.25970491942661755
0.1757061,0.14958855799373041,0.9853202129375705,0.2597435733875366
0.17574932,0.14962520209690852,0.9853202129375705,0.2597988132959579
0.17575535,0.1496043702996007,0.9851588965962252,0.2597618034876486
0.1758162,0.14964102815417413,0.9851588965962252,0.2598170601997285
0.17582218,0.14967036737494793,0.9851588965962252,0.2598612824983881
0.17584395,0.14967403558649087,0.9851588965962252,0.25986681134421047
0.17591302,0.1496777039778437,0.9851588965962252,0.25987234042530294
0.17592663,0.14969971810270866,0.9851588965962252,0.2599055198533693
0.17599384,0.14972908034422733,0.9851588965962252,0.25994977227236277
0.17601068,0.1497327514343157,0.9851588965962252,0.25995530488430857
0.1760651,0.14971190388623268,0.9849975802548798,0.2599182700491494
0.17613705,0.1497486204782342,0.9849975802548798,0.25997360241812995
0.17615187,0.14977065907920234,0.9849975802548798,0.26000681314914914
0.17616759,0.14974980376766092,0.9848362639135344,0.2599697660056899
0.17631081,0.1497902200848934,0.9848362639135344,0.26003066700718197
0.17631544,0.1498159509202454,0.9848362639135344,0.26006943704848323
0.17637447,0.14983065822412017,0.9848362639135344,0.26009159654892405
0.17642859,0.1498380129589633,0.9848362639135344,0.2601026777152981
0.17659365,0.14986008149639157,0.9848362639135344,0.26013592688048315
0.17661273,0.1498931964938987,0.9848362639135344,0.26018581656983547
0.17664097,0.14989687684148498,0.9848362639135344,0.2601913610499124
0.17671566,0.14991160003928888,0.9848362639135344,0.26021354133344504
0.17672998,0.1499373725962129,0.9848362639135344,0.26025236593037
0.17685756,0.14991649474408095,0.9846749475721891,0.26021528295831264
0.1769198,0.1498956158663883,0.9845136312308437,0.2601781984053638
0.17711896,0.14992139137270316,0.9845136312308437,0.26021702517724943
0.17717673,0.14992507431154348,0.9845136312308437,0.2602225728049554
0.17719649,0.14995085995085994,0.9845136312308437,0.2602614128230717
0.17725189,0.14995454433769873,0.9845136312308437,0.26026696234358054
0.17728233,0.14997665446145528,0.9845136312308437,0.2603002644372012
0.1773006,0.15001351916033726,0.9845136312308437,0.2603557868689314
0.17730866,0.1500319583067014,0.9845136312308437,0.26038355696800647
0.17732795,0.15005778072828305,0.9845136312308437,0.26042244506057693
0.17735402,0.15007992130825035,0.9845136312308437,0.2604557869577766
0.1773555,0.15010945224684555,0.9845136312308437,0.2605002561035778
0.17737718,0.15014268844715606,0.9845136312308437,0.26055030204685975
0.17754802,0.15017224409448818,0.9845136312308437,0.2605948034755063
0.17763436,0.1502055081095715,0.9845136312308437,0.26064488575676364
0.17764159,0.1502092050209205,0.9845136312308437,0.2606504516429828
0.1776895,0.15022399448628956,0.9845136312308437,0.26067271756517335
0.17769532,0.1502683803614517,0.9845136312308437,0.26073953816224643
0.17779544,0.15027208036835496,0.9845136312308437,0.2607451080917124
0.17786269,0.15029798551938137,0.9845136312308437,0.2607841042621353
0.17789166,0.1503276023449431,0.9845136312308437,0.2608286855992744
0.17790706,0.15033871166399804,0.9845136312308437,0.26084540753065016
0.17790988,0.15036093522875657,0.9845136312308437,0.2608788578265633
0.17794,0.15036834454381945,0.9845136312308437,0.26089000983177113
0.1779533,0.1503868710265635,0.9845136312308437,0.2609178940165717
0.17805381,0.15039057687094945,0.9845136312308437,0.2609234715688167
0.178061,0.1503696402168556,0.9843523148894983,0.26088629513220124
0.17807533,0.1503487025308657,0.984190998548153,0.2608491171061021
0.17808744,0.15037464261066746,0.984190998548153,0.26088815719119207
0.17809665,0.15038576252803865,0.984190998548153,0.26090489223377616
0.17813198,0.15038946953263657,0.984190998548153,0.2609104710584225
0.17814596,0.15040059164304204,0.984190998548153,0.2609272089639305
0.17816202,0.15041171539864898,0.984190998548153,0.2609439490171135
0.17817958,0.1503907694583467,0.9840296822068075,0.260906757912516
0.17820948,0.15039447731755423,0.9840296822068075,0.26091233773154354
0.17822318,0.1504315659679408,0.9840296822068075,0.2609681490510865
0.17828271,0.15043527583910823,0.9840296822068075,0.2609737314963045
0.17830046,0.15041432376442734,0.9838683658654622,0.26093653068623107
0.17834206,0.150418033393346,0.9838683658654622,0.2609421126939042
0.17844063,0.1504402950099899,0.9838683658654622,0.26097560975586753
0.17855537,0.15048855112514806,0.9838683658654622,0.261048216234495
0.17863095,0.15051454801214184,0.9838683658654622,0.26108732876689306
0.17865676,0.15054798578199052,0.9838683658654622,0.2611376335336269
0.17870039,0.15058887434878152,0.9838683658654622,0.26119914346872053
0.1787436,0.1506186254414343,0.9838683658654622,0.26124389617041993
0.17874952,0.15063722584469472,0.9838683658654622,0.26127187439735355
0.17878187,0.1506521094753483,0.9838683658654622,0.261294261294031
0.17881517,0.15067071815015193,0.9838683658654622,0.2613222503104085
0.17885268,0.15069677801937142,0.9838683658654622,0.2613614450084474
0.17886269,0.15070050159373377,0.9838683658654622,0.26136704521082593
0.17888014,0.15072284690473248,0.9838683658654622,0.2614006514655676
0.17889823,0.15074892481091504,0.9838683658654622,0.261439869687062
0.1790001,0.15078619462025317,0.9838683658654622,0.26149591613585543
0.17901492,0.150808565352851,0.9838683658654622,0.26152955554103147
0.17902245,0.1508384033239353,0.9838683658654622,0.26157442154674265
0.17919111,0.15081740162738358,0.9837070495241168,0.2615371418765922
0.17920314,0.15084351654875575,0.9837070495241168,0.2615764075064718
0.17928754,0.1508696405155991,0.9837070495241168,0.26161568492833776
0.17931578,0.1508920396901987,0.9837070495241168,0.2616493606794227
0.1793323,0.15092565092565094,0.9837070495241168,0.2616998905647544
0.17936637,0.15092938643170062,0.9837070495241168,0.2617055062012199
0.17944583,0.15097048920578332,0.9837070495241168,0.2617672941123661
0.17948137,0.15100413540351137,0.9837070495241168,0.2618178695631199
0.17952491,0.15102657453500756,0.9837070495241168,0.26185159738898256
0.17955774,0.1510415376613083,0.9837070495241168,0.2618740874342792
0.17957956,0.15106773026804737,0.9837070495241168,0.2619134543109471
0.1795837,0.15107147281060324,0.9837070495241168,0.2619190791166835
0.17959253,0.15107521553859876,0.9837070495241168,0.26192470416401975
0.17961262,0.15110516404004362,0.9837070495241168,0.26196971324217055
0.17963931,0.15112014274385407,0.9837070495241168,0.26199222358250635
0.17969443,0.15109910535054893,0.9835457331827714,0.2619548872178142
0.17970653,0.15112157640351964,0.9835457331827714,0.26198865589526577
0.17971542,0.15112532222883204,0.9835457331827714,0.2619942848546345
0.17977923,0.15112906823984334,0.9835457331827714,0.2619999140558904
0.17986253,0.15117403486152092,0.9835457331827714,0.26206748334384816
0.17991306,0.15117778328787504,0.9835457331827714,0.26207311569105834
0.17992143,0.15115673584765305,0.9833844168414261,0.26203576341104823
0.17996179,0.15118672651967957,0.9833844168414261,0.2620808254511877
0.1799819,0.1512129781217443,0.9833844168414261,0.2621202674518791
0.18006535,0.1512279831307368,0.9833844168414261,0.26214281106859433
0.18010022,0.151261755291432,0.9833844168414261,0.2621935483868657
0.18010102,0.15128427844645737,0.9833844168414261,0.26222738417837255
0.18010707,0.15130680830996054,0.9833844168414261,0.2622612287039506
0.18018337,0.15131056393963463,0.9833844168414261,0.2622668703075969
0.1802584,0.15133310163348393,0.9833844168414261,0.26230072502719937
0.18027937,0.1513631623379848,0.9833844168414261,0.262345878251657
0.18030913,0.15137443818132154,0.9833844168414261,0.26236281471894246
0.18035193,0.15140451531182475,0.9833844168414261,0.2624079893243781
0.18041103,0.1514383663735281,0.9833844168414261,0.2624588293541699
0.18048356,0.15141728566814897,0.9832231005000807,0.26242142426567755
0.18049867,0.15145491141316503,0.9832231005000807,0.2624779294601709
0.18051472,0.1514338253565926,0.9830617841587352,0.2624405159231984
0.18053192,0.1514375885291121,0.9830617841587352,0.2624461670970985
0.18053526,0.15146017149248167,0.9830617841587352,0.2624800792520407
0.180563,0.1514390813739623,0.9829004678173899,0.26244265931534155
0.1805787,0.15145790350244848,0.9829004678173899,0.26247092271881745
0.18064493,0.15146166848960924,0.9829004678173899,0.2624765761300376
0.18075551,0.15147296457426973,0.9829004678173899,0.2624935378250314
0.18077138,0.15148426234399084,0.9829004678173899,0.2625105017123555
0.18078598,0.1515181657672892,0.9829004678173899,0.26256140653256177
0.1808185,0.1515445455902104,0.9829004678173899,0.2626010128216627
0.18082643,0.15156339394542423,0.9829004678173899,0.262629310344596
0.1808386,0.151589789520824,0.9829004678173899,0.26266893712390355
0.18093151,0.15161242161839356,0.9829004678173899,0.2627029124536887
0.18094516,0.15163128686260358,0.9829004678173899,0.2627312319431947
0.18098961,0.15166525613580922,0.9829004678173899,0.262782222413673
0.18100153,0.15168791077474605,0.9829004678173899,0.2628162270578053
0.18107465,0.1517294618621909,0.9829004678173899,0.26287859176782424
0.18111274,0.1517634751419747,0.9829004678173899,0.2629296394586329
0.18118207,0.15176725533663785,0.9829004678173899,0.262935312648109
0.18122062,0.15178994045987892,0.9829004678173899,0.2629693569268291
0.181261,0.15181263236576553,0.9829004678173899,0.2630034100226456
0.18131451,0.15183533105734007,0.9829004678173899,0.2630374719389842
0.18135472,0.1518391148325359,0.9829004678173899,0.26304314978283205
0.18136193,0.15187317729753982,0.9829004678173899,0.263094261410019
0.18137898,0.15190346787664233,0.9829004678173899,0.26313971064541697
0.1814581,0.1519072550486163,0.9829004678173899,0.26314539290395517
0.18153626,0.1519337705408573,0.9829004678173899,0.2631851755861358
0.18160057,0.15196029529130087,0.9829004678173899,0.2632249702989364
0.181604,0.15196408529741864,0.9829004678173899,0.2632306562403176
0.18165673,0.15197924721259135,0.9829004678173899,0.26325340246250295
0.18165757,0.1519830381641307,0.9829004678173899,0.2632590896322941
0.1816582,0.151994412153566,0.9829004678173899,0.26327615261610987
0.18170105,0.15202475111654482,0.9829004678173899,0.263321664721666
0.18173085,0.15205510219360635,0.9829004678173899,0.263367192565145
0.18173648,0.1520778734556346,0.9829004678173899,0.26340134878067745
0.18181044,0.15210824574980653,0.9829004678173899,0.26344690418517086
0.18187432,0.15213483146067416,0.9829004678173899,0.26348677809226717
0.1818971,0.1521766277879068,0.9829004678173899,0.26354946148166586
0.18191813,0.15218042859283681,0.9829004678173899,0.26355516145055397
0.1819388,0.15218422958763145,0.9829004678173899,0.26356086166600196
0.18196087,0.15221464438282245,0.9829004678173899,0.2636064722676574
0.18197769,0.15219346457479765,0.9827391514760445,0.2635689099441726
0.1820579,0.1522124778252505,0.9827391514760445,0.2635974211412155
0.18210332,0.1522314958268779,0.9827391514760445,0.2636259385072433
0.18210551,0.15225051858146102,0.9827391514760445,0.2636544620442583
0.18211195,0.15227715842623607,0.9827391514760445,0.26369440536715216
0.18213229,0.15228096487939008,0.9827391514760445,0.2637001125441361
0.18219288,0.15230380759518988,0.9827391514760445,0.26373436079460727
0.18229091,0.15230761538076903,0.9827391514760445,0.2637400697012634
0.18230323,0.15233046609321865,0.9827391514760445,0.2637743283321267
0.18239906,0.15236475502088387,0.9827391514760445,0.26382573296932277
0.1824337,0.15239524702939336,0.9827391514760445,0.26387144280307673
0.18250628,0.1523990593886026,0.9827391514760445,0.263877157646011
0.18251717,0.15244100793233742,0.9827391514760445,0.26394003725985155
0.18277976,0.15245626767436624,0.9827391514760445,0.2639629100045337
0.18278217,0.1524600830872416,0.9827391514760445,0.26396862881013206
0.18281776,0.15246389869109292,0.9827391514760445,0.26397434786353374
0.18283448,0.15248679632549875,0.9827391514760445,0.26400866738871653
0.18284518,0.15246558197747184,0.9825778351346991,0.2639710502933815
0.18287332,0.1524884838774284,0.9825778351346991,0.2640053745961308
0.18292034,0.1525228496306498,0.9825778351346991,0.2640568777905507
0.18293385,0.15252666900385636,0.9825778351346991,0.2640626016081605
0.18293445,0.15257251640699362,0.9825778351346991,0.26413130677975905
0.18294945,0.15257633826807945,0.9825778351346991,0.26413703382457215
0.18295002,0.1525916276273267,0.9825778351346991,0.26415994448758057
0.18295732,0.1526222155403543,0.9825778351346991,0.2642057777389881
0.18304484,0.1526528157189043,0.9825778351346991,0.26425162689781495
0.18311962,0.15267194706236215,0.9825778351346991,0.2642802907037481
0.18312782,0.15270256718812675,0.9825778351346991,0.2643261657297995
0.18317507,0.15271405290209353,0.9825778351346991,0.2643433729708634
0.18320164,0.15274852041328116,0.9825778351346991,0.264395008138671
0.18324623,0.15278300348659293,0.9825778351346991,0.26444666348259604
0.18332796,0.15279833429496023,0.9825778351346991,0.26446962789260714
0.18335465,0.1528328398655091,0.9825778351346991,0.2645213124006964
0.18341455,0.15286352456959293,0.9825778351346991,0.2645672711475571
0.18342492,0.15289805959284083,0.9825778351346991,0.2646189938306819
0.18343806,0.15293261022396304,0.9825778351346991,0.2646707367412447
0.18351945,0.15294797107271996,0.9825778351346991,0.26469374008624535
0.18356894,0.15297101813250288,0.9825778351346991,0.26472825260206595
0.18360457,0.15299407213905356,0.9825778351346991,0.2647627741189992
0.1836714,0.1529979151490794,0.9825778351346991,0.26476852858051014
0.18376954,0.15300175835217283,0.9825778351346991,0.2647742832921661
0.18379292,0.15298048180059787,0.9824165187933538,0.26473656755323577
0.18381546,0.15299585479211156,0.9824165187933538,0.26475958612271266
0.18390973,0.15297457541955584,0.9822552024520084,0.26472186596502995
0.18396892,0.15300532716855966,0.9822552024520084,0.2647679095551532
0.18403396,0.15303609128380416,0.9822552024520084,0.2648139691649655
0.18408833,0.15303993766808255,0.9822552024520084,0.26481972774299295
0.18413332,0.15305532513887843,0.9822552024520084,0.264842764559812
0.18415461,0.15303403549343925,0.9820938861106631,0.2648050281635735
0.18418376,0.1530378824061738,0.9820938861106631,0.26481078729859225
0.18423481,0.15304172951231776,0.9820938861106631,0.26481654668412263
0.18427238,0.15302043791950526,0.9819325697693176,0.2647788072554107
0.1842968,0.15302428478053196,0.9819325697693176,0.26478456619590823
0.18435887,0.1530435219872778,0.9819325697693176,0.2648133646565143
0.18438642,0.15302222669214524,0.9817712534279722,0.26477561941200484
0.18438779,0.15302607427522566,0.9817712534279722,0.26478137916008854
0.1843924,0.1530530127753747,0.9817712534279722,0.26482170441418684
0.18441504,0.15306841046277667,0.9817712534279722,0.26484475293172766
0.18443984,0.15307226036872154,0.9817712534279722,0.2648505156880037
0.18448822,0.15310691823899372,0.9817712534279722,0.26490239178195985
0.18451037,0.15308561221665953,0.9816099370866269,0.26486462958103235
0.1845349,0.1530894636208111,0.9816099370866269,0.2648703941495478
0.18456128,0.1531202818319074,0.9816099370866269,0.26491651973245556
0.18469954,0.15315111245343804,0.9816099370866269,0.2649626613831459
0.18476503,0.15316653242045913,0.9816099370866269,0.26498573823653354
0.1848228,0.1531452160998817,0.9814486207452815,0.26494795976112173
0.18488209,0.1531799184248955,0.9814486207452815,0.26499989110763494
0.18492731,0.15318377520960796,0.9814486207452815,0.26500566251392266
0.18492782,0.15319534672911317,0.9814486207452815,0.2650229782412231
0.18497033,0.1532262126630736,0.9814486207452815,0.26506916457878826
0.18497951,0.15323007177937287,0.9814486207452815,0.26507493900290335
0.18498258,0.15325323055996373,0.9814486207452815,0.2651095908316109
0.18503118,0.15327639634192428,0.9814486207452815,0.26514425172119926
0.18505555,0.15328025798649603,0.9814486207452815,0.26515002941729915
0.18505614,0.15328411982565318,0.9814486207452815,0.26515580736520544
0.18508165,0.15330729494771325,0.9814486207452815,0.26519048034149767
0.18510994,0.1533459357277883,0.9814486207452815,0.2652482887908026
0.18514597,0.15334980087714875,0.9814486207452815,0.2652540710219361
0.18515578,0.15337299586568517,0.9814486207452815,0.26528876970347476
0.18521233,0.1533845959914282,0.9814486207452815,0.2653061224487458
0.18522462,0.15338846308995563,0.9814486207452815,0.2653119072016501
0.18527633,0.15341940689933428,0.9814486207452815,0.2653581943079114
0.18544692,0.15342327575337283,0.9814486207452815,0.26536398133182004
0.18546793,0.15345423361162258,0.9814486207452815,0.26541028661146615
0.185479,0.15345810422236797,0.9814486207452815,0.2654160759077168
0.18562338,0.15347746020534295,0.9814486207452815,0.26544502617777654
0.18566243,0.1535123132821962,0.9814486207452815,0.2654971525820793
0.18573348,0.15351618682344628,0.9814486207452815,0.26550294566854193
0.18575071,0.1535200605601817,0.9814486207452815,0.26550873900781774
0.18581016,0.15354330708661418,0.9814486207452815,0.2655435043534749
0.18581219,0.1535588086824836,0.9814486207452815,0.2655666863089391
0.18581644,0.15357819007951534,0.9814486207452815,0.26559566944578683
0.18583858,0.15360533225610987,0.9814486207452815,0.2656362564671181
0.18586315,0.15362860461592848,0.9814486207452815,0.26567105521690093
0.18590598,0.15364412344057782,0.9814486207452815,0.2656942594490748
0.18591243,0.15368293422249166,0.9814486207452815,0.265752287767036
0.18593207,0.15368681637911435,0.9814486207452815,0.26575809199295153
0.18594481,0.15371399696816573,0.9814486207452815,0.2657987286744857
0.18604322,0.15372953305033354,0.9814486207452815,0.2658219552154949
0.1860697,0.15373341756159192,0.9814486207452815,0.2658277624850195
0.18607557,0.1537761601455869,0.9814486207452815,0.26589165920043006
0.18609107,0.1538072605925776,0.9814486207452815,0.26593814883595845
0.18612492,0.15383448380490025,0.9814486207452815,0.2659788406048195
0.18612894,0.15385004425338222,0.9814486207452815,0.26600209863565233
0.18623711,0.15387728261419395,0.9814486207452815,0.2660428099785575
0.18626966,0.1538811745959481,0.9814486207452815,0.2660486269019871
0.1862776,0.1539201052445164,0.9814486207452815,0.2661068101296698
0.18629597,0.15392399939280474,0.9814486207452815,0.26611262985214396
0.18635435,0.15394736842105264,0.9814486207452815,0.26614755353330743
0.18639664,0.15397074454623677,0.9814486207452815,0.26618248638219505
0.18643534,0.15399023007416032,0.9814486207452815,0.2662116040953287
0.18648317,0.1540136192187935,0.9814486207452815,0.26624655376108886
0.1865021,0.15401751810034936,0.9814486207452815,0.26625237959758613
0.18651539,0.15404091553575044,0.9814486207452815,0.26628733997131593
0.18656786,0.15406432008103318,0.9814486207452815,0.2663223095272228
0.18658297,0.15406822153004635,0.9814486207452815,0.2663281386795063
0.18661222,0.1541033434650456,0.9814486207452815,0.26638061253506606
0.18665476,0.15413848141673633,0.9814486207452815,0.2664331070722418
0.18670174,0.154165822015001,0.9814486207452815,0.2664739504629412
0.18673593,0.1541970802919708,0.9814486207452815,0.2665206439599011
0.18678765,0.1542322610084417,0.9814486207452815,0.26657319370786675
0.18680558,0.1542674577818348,0.9814486207452815,0.2666257641823364
0.18683815,0.15429093122337187,0.9814486207452815,0.26666082268609687
0.18686593,0.15431049788216197,0.9814486207452815,0.26669004514946054
0.18691292,0.15432615478274103,0.9814486207452815,0.2667134277319996
0.18696883,0.15435356200527706,0.9814486207452815,0.2667543571191337
0.18704656,0.15440056847020608,0.9814486207452815,0.26682455101614555
0.18704952,0.15442408244073302,0.9814486207452815,0.2668596618196216
0.1871889,0.15442800213214203,0.9814486207452815,0.2668655145185825
0.1872128,0.15440653873489693,0.9812873044039361,0.26682750301544655
0.18722901,0.15443397902967834,0.9812873044039361,0.26686847415963166
0.1872366,0.1544614290792748,0.9812873044039361,0.26690945788792014
0.18725038,0.15446535131154618,0.9812873044039361,0.26691531373385885
0.18727605,0.15448104223277548,0.9812873044039361,0.26693873968731985
0.18727683,0.15452420870802216,0.9812873044039361,0.26700318226685593
0.1872994,0.15450273085227995,0.9811259880625908,0.26696514792356435
0.18731542,0.1545302098683876,0.9811259880625908,0.267006168096874
0.18744731,0.1545537710916853,0.9811259880625908,0.2670413382799343
0.18745816,0.15456948256582292,0.9811259880625908,0.26706479021646407
0.1874936,0.15460484506469407,0.9811259880625908,0.26711757213732024
0.18759061,0.15463236041899725,0.9811259880625908,0.2671586391686826
0.18761513,0.1546520202405472,0.9811259880625908,0.2671879804944271
0.18766785,0.15465595280476022,0.9811259880625908,0.26719384953298825
0.18769129,0.15465988556897647,0.9811259880625908,0.26719971882939303
0.1877237,0.1546795523906409,0.9811259880625908,0.2672290691796676
0.1877527,0.15468348635519724,0.9811259880625908,0.2672349400234916
0.18776636,0.15471496527689452,0.9811259880625908,0.26728191606216856
0.1877783,0.1547189010429916,0.9811259880625908,0.2672877892282689
0.1878373,0.15475433195084096,0.9811259880625908,0.26734065934042395
0.18787444,0.1547582697201018,0.9811259880625908,0.26734653508844786
0.18790583,0.1547819005446124,0.9811259880625908,0.26738179500119336
0.18796036,0.15479371866330713,0.9811259880625908,0.26739942844557685
0.18799026,0.15480947896250669,0.9811259880625908,0.2674229433229849
0.18800959,0.15481341953876698,0.9811259880625908,0.26742882268856305
0.18804504,0.1548173603156421,0.9811259880625908,0.2674347023126658
0.18814462,0.1548567791215786,0.9811259880625908,0.2674935127762961
0.18821782,0.15487255226503016,0.9811259880625908,0.26751704420473477
0.18823168,0.15485103132161956,0.9809646717212454,0.267478941696305
0.18828437,0.1548549746619471,0.9809646717212454,0.26748482449171485
0.18835151,0.154886528616184,0.9809646717212454,0.2675318961722237
0.18837073,0.1549102025219717,0.9809646717212454,0.2675672108062941
0.18838699,0.15492204218893305,0.9809646717212454,0.26758487161975075
0.18846451,0.15496546978925105,0.9809646717212454,0.26764964788708834
0.18849142,0.15494393476044852,0.9808033553798999,0.26761152314067854
0.18850595,0.15494788348326918,0.9808033553798999,0.267617412738001
0.18860386,0.1549518324073602,0.9808033553798999,0.26762330259456596
0.18863113,0.15493029538445854,0.9806420390385546,0.26758517475106286
0.18863413,0.15495399046672276,0.9806420390385546,0.2676205150779065
0.18867582,0.15497374190587876,0.9806420390385546,0.2676499724818777
0.18868771,0.15499349838096937,0.9806420390385546,0.26767943637140673
0.1887537,0.15502116591013412,0.9806420390385546,0.2677206967165634
0.18876788,0.1550251192206666,0.9806420390385546,0.26772659208996064
0.18883857,0.1550290727328369,0.9806420390385546,0.26773248772300307
0.18885471,0.15503302644666037,0.9806420390385546,0.26773838361570784
0.18885584,0.1550646634186159,0.9806420390385546,0.2677855601072484
0.18889694,0.1551002704495586,0.9806420390385546,0.2678386535366531
0.18904305,0.15511610104618526,0.9806420390385546,0.26786225737489905
0.1890689,0.15513193487470014,0.9806420390385546,0.26788586537378634
0.18907623,0.15516361223135433,0.9806420390385546,0.267933093857886
0.18913937,0.15518737873991625,0.9806420390385546,0.26796852615082967
0.18917157,0.15521115253025583,0.9806420390385546,0.26800396781636276
0.18918908,0.15521511553683134,0.9806420390385546,0.2680098756721033
0.1892028,0.15524682687642055,0.9806420390385546,0.2680571478964039
0.18922403,0.15526665304454434,0.9806420390385546,0.2680867015057947
0.18922879,0.15527855117627526,0.9806420390385546,0.2681044367996228
0.18923378,0.15528648427721153,0.9806420390385546,0.26811626163254304
0.18932205,0.15529045113166096,0.9806420390385546,0.26812217444016534
0.18934788,0.15531822478857404,0.9806420390385546,0.268163571396826
0.18937781,0.1553539483772042,0.9806420390385546,0.26821681484235915
0.18937813,0.15535791867924045,0.9806420390385546,0.26822273208589165
0.18939386,0.1553738019169329,0.9806420390385546,0.26824640367110797
0.18940416,0.15539763286382577,0.9806420390385546,0.26828191888409236
0.18943404,0.15543339299411915,0.9806420390385546,0.26833520934007143
0.18944292,0.1554890525885001,0.9806420390385546,0.2684181476981852
0.18944986,0.15550496265220506,0.9806420390385546,0.2684418537896999
0.18945736,0.1555566928529389,0.9806420390385546,0.26851892751422984
0.18947054,0.15557659824947537,0.9806420390385546,0.26854858304042806
0.18947077,0.1555965087409455,0.9806420390385546,0.2685782451177277
0.18948257,0.1556044743645532,0.9806420390385546,0.2685901117834423
0.1895266,0.1556283761296434,0.9806420390385546,0.2686257180731176
0.1895379,0.15565627080452707,0.9806420390385546,0.26866727067795065
0.18956393,0.1556602565743989,0.9806420390385546,0.26867320781378273
0.18958907,0.155664242548397,0.9806420390385546,0.268679145212024
0.18960261,0.15570012550265092,0.9806420390385546,0.2687325936074731
0.18963328,0.15573203535288843,0.9806420390385546,0.26878012114757266
0.18963623,0.15576395828528966,0.9806420390385546,0.2688276655019082
0.18967973,0.15578790907460086,0.9806420390385546,0.2688633348073706
0.1896874,0.15579190158892875,0.9806420390385546,0.26886928061189547
0.18970646,0.15579589430790128,0.9806420390385546,0.2688752266794043
0.18977559,0.1558438229035814,0.9806420390385546,0.2689466000086117
0.18982708,0.15588778336239614,0.9806420390385546,0.2690120588558314
0.18985574,0.1558917809975638,0.9806420390385546,0.2690180112401935
0.18992257,0.15593176862895985,0.9806420390385546,0.26907754957483404
0.18995889,0.15593576852041863,0.9806420390385546,0.26908350485778504
0.1899592,0.1559637735074531,0.9806420390385546,0.2691251992205884
0.19005871,0.1559837832289849,0.9806420390385546,0.2691549888200239
0.19006501,0.15601180546644425,0.9806420390385546,0.2691967053402998
0.19012226,0.15605586075884376,0.9806420390385546,0.26926228600512264
0.19013059,0.1560598670192283,0.9806420390385546,0.26926824946822514
0.19013083,0.1560799014070042,0.9806420390385546,0.269298070746435
0.19014323,0.1561199856181622,0.9806420390385546,0.26935773312336453
0.19020624,0.1561360250680639,0.9806420390385546,0.2693816054769083
0.1902436,0.15616410203714645,0.9806420390385546,0.26942339227915846
0.19028454,0.15619218910585816,0.9806420390385546,0.269465192047459
0.190307,0.15622028627964948,0.9806420390385546,0.2695070047878459
0.19032384,0.1562483935639747,0.9806420390385546,0.26954883050635864
0.19035138,0.15627249357326478,0.9806420390385546,0.2695846914563362
0.19042335,0.15627651096429215,0.9806420390385546,0.26959066920904046
0.19048223,0.1562805285618798,0.9806420390385546,0.2695966472268511
0.19051956,0.15628454636604366,0.9806420390385546,0.2696026255097859
0.19054164,0.1563086575300198,0.9806420390385546,0.26963850077598817
0.19059011,0.15633679662586153,0.9806420390385546,0.26968036732225686
0.19059162,0.1563150991435846,0.9804807226972092,0.26964198571468223
0.1906041,0.15633922370553283,0.9804807226972092,0.2696778773624391
0.19063783,0.1563633557150575,0.9804807226972092,0.2697137785664368
0.1906457,0.15638749517560788,0.9804807226972092,0.2697496893304923
0.19066544,0.15641164209063538,0.9804807226972092,0.26978560965842485
0.19067463,0.15644787644787644,0.9804807226972092,0.26983950809095225
0.19071387,0.15645190352390023,0.9804807226972092,0.26984549813508496
0.19074859,0.1564720420142107,0.9804807226972092,0.2698754523452991
0.19076328,0.1564962150471188,0.9804807226972092,0.26991140617690584
0.19077727,0.15652845737831572,0.9804807226972092,0.26995935952362493
0.19079927,0.15653248860387856,0.9804807226972092,0.2699653548900531
0.19080004,0.15655264784669276,0.9804807226972092,0.2699953357170625
0.1908432,0.15656474588495917,0.9804807226972092,0.27001332740980255
0.19085482,0.15656877897990726,0.9804807226972092,0.270019325173578
0.19091389,0.15659298191374246,0.9804807226972092,0.27005531735252725
0.19091721,0.15663333676940522,0.9804807226972092,0.2701153256447194
0.1909276,0.15668179005980615,0.9804807226972092,0.27018737080725724
0.19095758,0.15670602794822874,0.9804807226972092,0.2702234078023632
0.19097531,0.15672623191769167,0.9804807226972092,0.2702534459757517
0.19106269,0.15673027333677153,0.9804807226972092,0.27025945441182125
0.19106591,0.15675452622891628,0.9804807226972092,0.2702955106394795
0.19107753,0.15677878662814693,0.9804807226972092,0.2703315764891879
0.19110017,0.15681114551083591,0.9804807226972092,0.2703796792630911
0.19116078,0.15678939085115715,0.9803194063558639,0.2703412073488436
0.19117078,0.1568258064516129,0.9803194063558639,0.27039533693718015
0.1912423,0.15685819007795157,0.9803194063558639,0.2704434703275252
0.19126439,0.15689868842300939,0.9803194063558639,0.2705036611691106
0.19132899,0.1568769202964034,0.9801580900145185,0.27046516803893417
0.19134672,0.1568809708236509,0.9801580900145185,0.2704711878739636
0.19138384,0.15691743498360064,0.9801580900145185,0.2705253784503409
0.19141993,0.156937700175638,0.9801580900145185,0.2705554937101038
0.19143485,0.15697013537253282,0.9801580900145185,0.2706036920744942
0.19146614,0.15697419071485777,0.9801580900145185,0.27060971807752443
0.1915004,0.15699447056999638,0.9801580900145185,0.2706398521188685
0.19150828,0.15701069822729857,0.9801580900145185,0.2706639641844514
0.19152203,0.1570472227248055,0.9801580900145185,0.27071823204396084
0.19154643,0.15705128205128205,0.9801580900145185,0.27072426314944886
0.1915586,0.15706346128990564,0.9801580900145185,0.27074235807836455
0.19156098,0.15708376421923476,0.9801580900145185,0.27077252166913957
0.19157425,0.15708782543499056,0.9801580900145185,0.2707785551938436
0.19158648,0.1570918868607477,0.9801580900145185,0.2707845889874393
0.19166121,0.15713251267197684,0.9801580900145185,0.270844941716391
0.19168809,0.15715689824634008,0.9801580900145185,0.27088116626890424
0.19168931,0.15716096324461343,0.9801580900145185,0.27088720463640914
0.19182082,0.1571650284531816,0.9801580900145185,0.2708932432731295
0.1918237,0.15714322667425437,0.9799967736731731,0.2708546970437673
0.19182888,0.15714729163433183,0.9799967736731731,0.2708607352250332
0.19187884,0.15715135680471842,0.9799967736731731,0.27086677367552425
0.19189602,0.1571798188874515,0.9799967736731731,0.2709090503687778
0.19189693,0.1572123596087159,0.9799967736731731,0.27095738275215353
0.19190428,0.15724898402919785,0.9799967736731731,0.2710117773016889
0.19198392,0.15725305446262167,0.9799967736731731,0.27101782248866446
0.19203736,0.15728969784843227,0.9799967736731731,0.2710722413098326
0.19203824,0.15731006266507847,0.9799967736731731,0.27110248343238763
0.1921465,0.15735488382935736,0.9799967736731731,0.2711690398604945
0.19221348,0.15735895974718955,0.9799967736731731,0.2711750920653792
0.19241247,0.1573793425040802,0.9799967736731731,0.2712053571426187
0.19245371,0.15739565251185325,0.9799967736731731,0.2712295740688748
0.19255051,0.15739973054202508,0.9799967736731731,0.2712356289762098
0.19256254,0.1574364423251354,0.9799967736731731,0.27129013530990304
0.19260396,0.15746500777604977,0.9799967736731731,0.2713325442727466
0.19264199,0.15750175001944466,0.9799967736731731,0.2713870895686692
0.19266395,0.1575058335493907,0.9799967736731731,0.27139315151085164
0.19267899,0.1575221697868589,0.9799967736731731,0.2714174019879218
0.19268794,0.1575548524301053,0.9799967736731731,0.27146591594587033
0.19269444,0.15758346087001635,0.9799967736731731,0.27150837988802945
0.19269614,0.1575875486381323,0.9799967736731731,0.27151444724997914
0.1927016,0.15762025841938665,0.9799967736731731,0.27156299590955313
0.1927386,0.15764479966784306,0.9799967736731731,0.27159941879935884
0.19277821,0.15768162587276455,0.9799967736731731,0.2716540714570791
0.19280607,0.15775123344585823,0.9799967736731731,0.27175736428883046
0.19281834,0.1577799132535127,0.9799967736731731,0.27179991946645154
0.19283469,0.15780040521585537,0.9799967736731731,0.2718303241825921
0.1928432,0.15777852819700236,0.9798354573318278,0.27179165920863885
0.19285986,0.15779902317364647,0.9798354573318278,0.27182206708261886
0.1928614,0.15780312280792913,0.9798354573318278,0.27182814947391637
0.19293307,0.1578072226552351,0.9798354573318278,0.2718342321374235
0.19293925,0.1578441308697799,0.9798354573318278,0.27188898836144404
0.1929405,0.1578222453222453,0.9796741409904823,0.27185030998879384
0.19296074,0.15785506342274902,0.9796741409904823,0.27189899487339264
0.19302547,0.15785916664500532,0.9796741409904823,0.27190508171008104
0.19308405,0.15786327008058226,0.9796741409904823,0.2719111688193002
0.19313212,0.15786737372949647,0.9796741409904823,0.2719172562010684
0.19320548,0.15789200010399604,0.9796741409904823,0.2719537862162313
0.1932138,0.15789610524673703,0.9796741409904823,0.27195987550635503
0.19322686,0.15794538361508453,0.9796741409904823,0.2720329682633278
0.19323258,0.15792348305547607,0.9795128246491369,0.2719942662602876
0.19326659,0.15790158135663754,0.9793515083077916,0.2719555625235586
0.19331464,0.15790568835019636,0.9793515083077916,0.2719616538993263
0.19333701,0.15792211846109824,0.9793515083077916,0.27198602213138573
0.19335295,0.15792622652307373,0.9793515083077916,0.2719921148717395
0.19352862,0.15793033479878255,0.9793515083077916,0.27199820788506546
0.19355342,0.15796320870085603,0.9793515083077916,0.2720469618208757
0.1935734,0.1579673189009159,0.9793515083077916,0.27205305729177753
0.19360246,0.157971429314876,0.9793515083077916,0.27205915303583517
0.1936036,0.15797553994275307,0.9793515083077916,0.27206524905306695
0.19371662,0.1580125452226647,0.9793515083077916,0.27212012550401893
0.19375508,0.1580166579906299,0.9793515083077916,0.2721262242540022
0.19379133,0.158045453362143,0.9793515083077916,0.27216892315944863
0.19379418,0.15808660781709763,0.9793515083077916,0.2722299448452833
0.19379935,0.15812366515601395,0.9793515083077916,0.2722848877624139
0.19381307,0.1581648603584827,0.9793515083077916,0.272345961464893
0.1938727,0.15821844622240755,0.9793515083077916,0.2724253982497044
0.19388767,0.1582225697159239,0.9793515083077916,0.27243151069104815
0.19401576,0.15822669342437906,0.9793515083077916,0.2724376234066892
0.1940343,0.1582047539616347,0.9791901919664462,0.27239886014291576
0.19414775,0.15820887742070008,0.9791901919664462,0.27240497240024514
0.19416253,0.15822949794067045,0.9791901919664462,0.2724355378018744
0.19418292,0.15823362268971092,0.9791901919664462,0.27244165170532597
0.19420117,0.15823774765380605,0.9791901919664462,0.2724477658831959
0.19425294,0.15826662842541653,0.9791901919664462,0.27249057281355105
0.19436076,0.15830377634049655,0.9791901919664462,0.2725456300650905
0.19439162,0.1583450722596129,0.9791901919664462,0.27260683088921317
0.19439839,0.15836159666057917,0.9791901919664462,0.27263131891552306
0.19440281,0.15836572829972084,0.9791901919664462,0.2726374416095339
0.19441615,0.15840705655158016,0.9791901919664462,0.2726986836782723
0.19444634,0.15844013468716556,0.9791901919664462,0.2727476971464688
0.19445272,0.15844427042547637,0.9791901919664462,0.2727538250688474
0.19446293,0.15848150178846504,0.9791901919664462,0.2728089887638051
0.19451024,0.15852289049646132,0.9791901919664462,0.2728703079341274
0.19458215,0.15856430082808703,0.9791901919664462,0.27293165467601904
0.19463265,0.1585808710191499,0.9791901919664462,0.27295620109698104
0.19474603,0.15858501410805728,0.9791901919664462,0.2729623383921153
0.19476436,0.15858915741345525,0.9791901919664462,0.2729684759632443
0.19482929,0.15860158862876253,0.9791901919664462,0.27298689033278606
0.19486839,0.15857960335502078,0.9790288756251008,0.27294805486821067
0.19487436,0.1586044688357507,0.9790288756251008,0.27298488664963405
0.19488685,0.15863763494262487,0.9790288756251008,0.2730340111568591
0.19489962,0.15867081492326596,0.9790288756251008,0.2730831533474921
0.19491258,0.15867496339677892,0.9790288756251008,0.27308929736516147
0.19500807,0.15869985879399612,0.9790288756251008,0.27312616727772393
0.1951132,0.1587040087863811,0.9790288756251008,0.27313231323108306
0.19511576,0.15871646006590304,0.9790288756251008,0.2731507527508457
0.19515616,0.15872061092658943,0.9790288756251008,0.273156899810724
0.19521631,0.15872476200439375,0.9790288756251008,0.2731630471472787
0.19522704,0.15873306481142438,0.9790288756251008,0.2731753426504924
0.1952747,0.15873721654068476,0.9790288756251008,0.27318149081718873
0.19528238,0.1587538256297575,0.9790288756251008,0.2732060862516731
0.19528458,0.15877043819489864,0.9790288756251008,0.27323068611537304
0.19530499,0.1587953635626259,0.9790288756251008,0.27326759421831986
0.1953224,0.1587995185514679,0.9790288756251008,0.2732737465382474
0.19538327,0.15883276629154672,0.9790288756251008,0.27332297507238024
0.1953909,0.15886186948668954,0.9790288756251008,0.2733660645914448
0.19547524,0.15889098334904178,0.9790288756251008,0.2734091676988249
0.1955212,0.15892426940400126,0.9790288756251008,0.27345844503997413
0.19552398,0.1589534061444174,0.9790288756251008,0.2735015772868259
0.19561826,0.15895756940806705,0.9790288756251008,0.27350774014712664
0.19561887,0.1589950485971025,0.9790288756251008,0.2735632183905642
0.19565964,0.1590283782721484,0.9790288756251008,0.2736125512823888
0.19567448,0.15903254546407422,0.9790288756251008,0.2736187191449546
0.19567789,0.15907422939819668,0.9790288756251008,0.273680413068236
0.19570403,0.15909925024904314,0.9790288756251008,0.2737174427779757
0.19570543,0.15913262362997535,0.9790288756251008,0.2737668313144627
0.1957962,0.15915348910392574,0.9790288756251008,0.27379770820150984
0.19583488,0.1591743600503567,0.9790288756251008,0.27382859205426346
0.19583921,0.15917853489653003,0.9790288756251008,0.27383476966090636
0.19588232,0.15922865013774104,0.9790288756251008,0.2739089226878489
0.19588527,0.1592620778334689,0.9790288756251008,0.2739583803545645
0.19590995,0.15929970077169406,0.9790288756251008,0.27401404158271075
0.19593179,0.15930388219544847,0.9790288756251008,0.2740202275598098
0.19594318,0.15932479260737162,0.9790288756251008,0.2740511616353059
0.1959769,0.15935826068690265,0.9790288756251008,0.27410067068602706
0.1960306,0.15936244518551584,0.9790288756251008,0.27410686057516226
0.19605467,0.1593708148420472,0.9790288756251008,0.27411924119217107
0.19608712,0.1594043022614451,0.9790288756251008,0.27416877484616314
0.1961762,0.15945037044821606,0.9790288756251008,0.27423691285757973
0.19618274,0.15947550977506833,0.9790288756251008,0.2742740933225475
0.1962326,0.15949227373068434,0.9790288756251008,0.27429888590064266
0.1963451,0.15952581221743245,0.9790288756251008,0.2743484845057826
0.19635464,0.15956355987905876,0.9790288756251008,0.2744043043810042
0.19641703,0.15954146290161433,0.9788675592837555,0.2743652928806397
0.19642678,0.1595624391911436,0.9788675592837555,0.2743963100296043
0.19643208,0.15959181526484667,0.9788675592837555,0.2744397458218797
0.19643307,0.15963379985267812,0.9788675592837555,0.2745018208135835
0.19645683,0.15965900121033522,0.9788675592837555,0.274539079289432
0.19649741,0.1596632022102355,0.9788675592837555,0.2745452900187616
0.19654459,0.1596968181698555,0.9788675592837555,0.2745949859713399
0.19658867,0.15973044828766222,0.9788675592837555,0.2746446999182887
0.19662634,0.15976829910479198,0.9788675592837555,0.2747006496296734
0.19664451,0.15979354295043977,0.9788675592837555,0.2747379621033061
0.19666077,0.15982721382289417,0.9788675592837555,0.27478772783854505
0.1968072,0.159831423679705,0.9788675592837555,0.27479394982314426
0.19692923,0.15985668747859533,0.9788675592837555,0.2748312876486558
0.19697182,0.1598608988882449,0.9788675592837555,0.27483751160607245
0.19702806,0.15988617200674538,0.9788675592837555,0.27487486127130395
0.19703901,0.159890384970093,0.9788675592837555,0.2748810872024766
0.19714715,0.15994095785339624,0.9788675592837555,0.2749558203812892
0.19716148,0.1599789085156868,0.9788675592837555,0.27501189693827965
0.19722617,0.159983126367687,0.9788675592837555,0.27501812907880124
0.19723468,0.16001265756025526,0.9788675592837555,0.27506176197251525
0.19727358,0.1600379786897352,0.9788675592837555,0.27509917261678213
0.19736141,0.16008019838547988,0.9788675592837555,0.2751615463097006
0.19738096,0.16008442158026645,0.9788675592837555,0.27516778523465774
0.19738288,0.16006226255804137,0.97870624294241,0.2751286760535416
0.19743559,0.16010872720555247,0.97870624294241,0.2751973147053739
0.19745219,0.16012140406439693,0.97870624294241,0.2752160402819148
0.19749896,0.16009923724563857,0.9785449266010647,0.27517691888925205
0.1975994,0.16011614095288373,0.9785449266010647,0.27520188730581036
0.19760023,0.1601203674374406,0.9785449266010647,0.27520813011794437
0.19762288,0.16012459414513106,0.9785449266010647,0.2752143732133148
0.19768772,0.16015841584158416,0.9785449266010647,0.2752643281750997
0.19771017,0.16018379149172146,0.9785449266010647,0.27530180629911377
0.19775037,0.1602091751842168,0.9785449266010647,0.2753392946300519
0.19775452,0.16021340658179706,0.9785449266010647,0.2753455436778408
0.19778599,0.16022610211574526,0.9785449266010647,0.27536429252324995
0.19780314,0.16023033440752285,0.9785449266010647,0.2753705427057981
0.19780372,0.16023456692289406,0.9785449266010647,0.2753767931720843
0.19781536,0.1602387996618766,0.9785449266010647,0.2753830439221279
0.1978292,0.16027266962587192,0.9785449266010647,0.2754330601400628
0.19786264,0.1603107904542932,0.9785449266010647,0.27548935010648407
0.19788812,0.1603150272213119,0.9785449266010647,0.275495605967467
0.1978956,0.160319264212279,0.9785449266010647,0.2755018621125749
0.19791582,0.1603235014272122,0.9785449266010647,0.27550811854182694
0.19795169,0.16030130831240916,0.9783836102597193,0.2754689558066346
0.1980072,0.16031825751367926,0.9783836102597193,0.2754939813760923
0.19809356,0.16032249537404178,0.9783836102597193,0.2755002384789422
0.19815344,0.16030029871262788,0.9782222939183739,0.2754610702277947
0.19820817,0.16034268489383643,0.9782222939183739,0.27552364941590596
0.19821359,0.16038933559035126,0.9782222939183739,0.27559251937167606
0.1982357,0.16039357790885286,0.9782222939183739,0.2755987819840328
0.19825369,0.1604232804232804,0.9782222939183739,0.2756426282413088
0.19829826,0.1604657316750463,0.9782222939183739,0.2757052899586112
0.19841352,0.16046997803593638,0.9782222939183739,0.2757115576973117
0.19845696,0.16050395701543105,0.9782222939183739,0.2757617098678797
0.19846751,0.16050820539968239,0.9782222939183739,0.27576798017211285
0.19857511,0.16053795038784316,0.9782222939183739,0.27581188028721343
0.19858995,0.16056770640258433,0.9782222939183739,0.2758557943816525
0.1986213,0.16057195816231962,0.9782222939183739,0.275862068965275
0.19863088,0.16062725153634244,0.9782222939183739,0.27594366453526314
0.19874066,0.16065704066763808,0.9782222939183739,0.27598762060780424
0.1987769,0.1606996157413542,0.9782222939183739,0.27605043929506423
0.19883582,0.16070387448985,0.9782222939183739,0.2760567227366524
0.19883826,0.16073369205078591,0.9782222939183739,0.27610071483834975
0.19886154,0.160776307765729,0.9782222939183739,0.2761635850257162
0.19888191,0.1607976240984302,0.9782222939183739,0.2761950308576291
0.19889918,0.1608018880432765,0.9782222939183739,0.27620132088338306
0.19891739,0.16080615221426678,0.9782222939183739,0.27620761119563986
0.19895326,0.1608445399326278,0.9782222939183739,0.27626423690180757
0.19896394,0.16082228116710875,0.9780609775770286,0.2762249709558157
0.19898322,0.16084788029925187,0.9780609775770286,0.2762627298200021
0.19899411,0.16085214761361527,0.9780609775770286,0.27626902396767866
0.19902527,0.16088202515523006,0.9780609775770286,0.2763130910331401
0.19903068,0.16088629428154438,0.9780609775770286,0.2763193874758307
0.19905546,0.16091191379813688,0.9780609775770286,0.2763571721589259
0.19911085,0.1609631773170149,0.9780609775770286,0.2764327725342943
0.19919914,0.16099309612320764,0.9780609775770286,0.27647689185775676
0.19920343,0.161027302666525,0.9780609775770286,0.2765273311894678
0.19927466,0.16103157950652042,0.9780609775770286,0.27653363739998527
0.19931911,0.16103585657370517,0.9780609775770286,0.27653994389813574
0.19941701,0.16106580240682197,0.9780609775770286,0.27658409744056733
0.19948074,0.16109147912957994,0.9780609775770286,0.27662195455765476
0.199538,0.16110860149337017,0.9780609775770286,0.27664719839362456
0.19957943,0.16114285714285714,0.9780609775770286,0.2766976998902281
0.19965096,0.16114714012332554,0.9780609775770286,0.2767040138737502
0.19969116,0.16118141216503615,0.9780609775770286,0.27675453611752493
0.19972393,0.16118569719526785,0.9780609775770286,0.2767608526952425
0.19973236,0.16119855365308944,0.9780609775770286,0.27677980415852993
0.19976601,0.16123713533494669,0.9780609775770286,0.2768366741242262
0.19978799,0.1612757354897058,0.9780609775770286,0.2768935674648769
0.1998126,0.16130577061217974,0.9780609775770286,0.276937834010628
0.19981341,0.16134011016791294,0.9780609775770286,0.2769884416827941
0.19985397,0.1613444036404279,0.9780609775770286,0.2769947689423523
0.19992943,0.16139164692416216,0.9780609775770286,0.2770643878807604
0.2000423,0.16139594314007347,0.9780609775770286,0.27707071861051885
0.200079,0.1613736190602955,0.9778996612356832,0.27703134996776707
0.20008223,0.16140799318369412,0.9778996612356832,0.27708200018258883
0.20011121,0.1614638823780098,0.9778996612356832,0.27716434629516395
0.20014098,0.161468183149988,0.9778996612356832,0.27717068263886785
0.20015,0.16151981029016013,0.9778996612356832,0.2772467413672389
0.20022109,0.161549941370856,0.9778996612356832,0.2772911282388985
0.20024689,0.16157147045496947,0.9778996612356832,0.2773228418497955
0.20025147,0.16157577696039235,0.9778996612356832,0.2773291854424906
0.20028323,0.16158008369539142,0.9778996612356832,0.27733552932540395
0.20030195,0.16158439065998506,0.9778996612356832,0.27734187349855566
0.20036091,0.16158869785419167,0.9778996612356832,0.2773482179619655
0.20037664,0.16156634856320307,0.9777383448943378,0.27730880973599065
0.2005034,0.16157065550609123,0.9777383448943378,0.2773151537332852
0.20056091,0.16161373756766126,0.9777383448943378,0.27737860967437095
0.2005854,0.161661154379601,0.9777383448943378,0.27744844475954683
0.20061621,0.16169134320394823,0.9777383448943378,0.27749290358001466
0.2006854,0.1617301739780126,0.9777383448943378,0.27755008586123325
0.20070438,0.16176470588235295,0.9777383448943378,0.277600934343769
0.2007186,0.16179493339739998,0.9777383448943378,0.27764544205197805
0.20073861,0.16179925253603844,0.9777383448943378,0.27765180146108165
0.20090531,0.16183381394852078,0.9777383448943378,0.27770268722341673
0.20091069,0.16181143360657926,0.9775770285529924,0.2776632302403061
0.20092544,0.1618460059290121,0.9775770285529924,0.2777141285914798
0.20101611,0.16186329763081278,0.9775770285529924,0.2777395847653275
0.20101757,0.16186762113360756,0.9775770285529924,0.2777459495379921
0.20101988,0.16190221747261554,0.9775770285529924,0.27779687822295634
0.20109622,0.16190654305485053,0.9775770285529924,0.2778032456218337
0.20111021,0.161910868868227,0.9775770285529924,0.2778096133126129
0.20112075,0.16193250140288057,0.9775770285529924,0.2778414561457375
0.20113307,0.16193682860349526,0.9775770285529924,0.27784782558834875
0.20116739,0.1619541397188519,0.9775770285529924,0.27787330627941775
0.20118979,0.16195846807600822,0.9775770285529924,0.2778796771824414
0.20119646,0.16199743370402053,0.9775770285529924,0.2779370284584898
0.20119831,0.1620017643756516,0.9775770285529924,0.27794340228384545
0.20121977,0.16197936159974335,0.977415712211647,0.27790391010180865
0.20122078,0.16198369201978347,0.977415712211647,0.2779102834599891
0.20122239,0.1620053475935829,0.977415712211647,0.27794215463633026
0.2012357,0.1620096794031926,0.977415712211647,0.27794852974882717
0.20125183,0.16205734460254628,0.977415712211647,0.278018675292848
0.2013058,0.16210070094708118,0.977415712211647,0.27808247469971237
0.2013151,0.16213540272946214,0.977415712211647,0.2781335353115602
0.20131594,0.1621527591928491,0.977415712211647,0.278159072649819
0.20141551,0.16218748326998234,0.977415712211647,0.27821016139746463
0.20143463,0.1622135360890983,0.977415712211647,0.27824849027552445
0.20148282,0.1622439416253849,0.977415712211647,0.2782932206501324
0.20149294,0.16227001258737514,0.977415712211647,0.2783315724192514
0.20149365,0.16230913474417358,0.977415712211647,0.27838911989683585
0.20152408,0.16234392583462837,0.977415712211647,0.27844029319154817
0.201596,0.16234827576967392,0.977415712211647,0.2784466911762263
0.20160213,0.16237002894200878,0.977415712211647,0.2784786855104991
0.20161356,0.1623743802760284,0.977415712211647,0.278485085259672
0.20171517,0.1624048461455988,0.977415712211647,0.27852989174131443
0.20172262,0.16242226034741583,0.977415712211647,0.27855550191916345
0.20172377,0.16245709995709995,0.977415712211647,0.27860673640623906
0.20173267,0.16247452536737103,0.977415712211647,0.2786323607180651
0.20174429,0.16250502883196996,0.977415712211647,0.2786772146074273
0.20176959,0.1625093874047849,0.977415712211647,0.27868362348479564
0.20177145,0.16255298599560014,0.977415712211647,0.2787477284749009
0.20182101,0.16255734714136238,0.977415712211647,0.2787541405960013
0.20183039,0.16260969914924453,0.977415712211647,0.278831109065563
0.20189962,0.16263588780029525,0.977415712211647,0.2788696092417124
0.20205386,0.16264025339560853,0.977415712211647,0.27887602697142594
0.20206073,0.16265771812080537,0.977415712211647,0.2789017008444238
0.2020769,0.16269702746972423,0.977415712211647,0.27895948434597995
0.20211644,0.16273635582294801,0.977415712211647,0.2790172917959377
0.20214492,0.1627757031942616,0.977415712211647,0.2790751232091882
0.20217788,0.16275321046692817,0.9772543958703016,0.2790354897397428
0.20221569,0.1627838237269918,0.9772543958703016,0.2790804809506005
0.2022464,0.1628232005590496,0.9772543958703016,0.2791383481163316
0.20227449,0.16285384015699347,0.9772543958703016,0.27918337250540054
0.20231216,0.16285821818377333,0.9772543958703016,0.2791898057466961
0.20237498,0.16283571255746432,0.9770930795289563,0.2791501520875051
0.2024871,0.1628400903322938,0.9770930795289563,0.279156584859762
0.20249805,0.16287950090085246,0.9770930795289563,0.2792144931542288
0.2025134,0.16290578521287755,0.9770930795289563,0.27925311203295006
0.20253016,0.16294084416108465,0.9770930795289563,0.2793046204922386
0.20257151,0.1629183256214355,0.9769317631876109,0.2792649466230747
0.20260985,0.1629446268094495,0.9769317631876109,0.27930358584087106
0.202625,0.1629665509539571,0.9769317631876109,0.2793357933576885
0.20263603,0.16297093649085037,0.9769317631876109,0.2793422357524245
0.20269206,0.16299725466975293,0.9769317631876109,0.279380896362175
0.20269498,0.1630191929796226,0.9769317631876109,0.279413121712406
0.20269631,0.16307186902550017,0.9769317631876109,0.27949049289249983
0.20270434,0.16304933218440326,0.9767704468462656,0.27945079035397197
0.20271733,0.16307568004309184,0.9767704468462656,0.2794894874100343
0.20274232,0.16312400657345294,0.9767704468462656,0.2795604598547803
0.2027663,0.16315037857354567,0.9767704468462656,0.2795991872919601
0.20281647,0.16312782927355032,0.9766091305049202,0.2795594652626209
0.20286882,0.16315860396173024,0.9766091305049202,0.27960465545883467
0.20289868,0.16318939026362608,0.9766091305049202,0.27964986026720967
0.20293102,0.16319378925519584,0.9766091305049202,0.2796563192902202
0.20299104,0.16320698765298972,0.9766091305049202,0.27967569814957105
0.20299111,0.16321138759334644,0.9766091305049202,0.2796821583661964
0.20303577,0.16321578777094792,0.9766091305049202,0.27968861888127733
0.20306781,0.1632377922182975,0.9766091305049202,0.2797209259342368
0.20312737,0.16324219381977026,0.9766091305049202,0.2797273882404846
0.20313413,0.16328181891738813,0.9766091305049202,0.27978556243620895
0.20314005,0.16328622289351602,0.9766091305049202,0.2797920277293906
0.20321824,0.16331705737948152,0.9766091305049202,0.27983729314942635
0.20326024,0.1633214632567174,0.9766091305049202,0.27984376083364637
0.20328374,0.1633611268517769,0.9766091305049202,0.27990198344790274
0.2033684,0.16336553510712937,0.9766091305049202,0.27990845412278653
0.2033762,0.16338317050790738,0.9766091305049202,0.27993433981433374
0.20346189,0.16342286408422188,0.9766091305049202,0.27999260012925214
0.20348279,0.16344051186523043,0.9766091305049202,0.28001850138735845
0.20353265,0.16346699068448764,0.9766091305049202,0.2800573622609377
0.20355286,0.16350230912577307,0.9766091305049202,0.2801091935406787
0.20364586,0.1635067250040512,0.9766091305049202,0.2801156737996386
0.20365453,0.16354647864494692,0.9766091305049202,0.2801740096258187
0.20368744,0.16357299181324472,0.9766091305049202,0.2802129136771437
0.20383656,0.16359951357924604,0.9766091305049202,0.28025182853414915
0.20392859,0.16364373563995135,0.9766091305049202,0.28031671065401176
0.20400597,0.1636791305053127,0.9766091305049202,0.28036863798428613
0.20407632,0.16368355594008543,0.9766091305049202,0.2803751302533144
0.2041246,0.1636879816141679,0.9766091305049202,0.2803816228230219
0.20415975,0.1637145406852538,0.9766091305049202,0.2804205845567044
0.20428912,0.16374110837638275,0.9766091305049202,0.2804595571201098
0.204385,0.16375439545577494,0.9766091305049202,0.28047904746436986
0.20441015,0.1637588249614542,0.9766091305049202,0.2804855448477896
0.20441036,0.16373620428478683,0.9764478141635747,0.2804457108436857
0.20441397,0.16376278339916672,0.9764478141635747,0.28048469683254285
0.20443231,0.1637805076032253,0.9764478141635747,0.2805106935141317
0.20443948,0.16382040109339902,0.9764478141635747,0.2805692036708395
0.20444012,0.16386918620390925,0.9764478141635747,0.28064074924054483
0.20444396,0.16390468453831572,0.9764478141635747,0.280692805304769
0.20453088,0.16390912291153295,0.9764478141635747,0.2806993136706869
0.20460027,0.16391356152512998,0.9764478141635747,0.28070582233842795
0.20468557,0.16394907908992415,0.9764478141635747,0.2807579025485141
0.20480074,0.16399349769710106,0.9764478141635747,0.28082302999349057
0.20483643,0.16401127187991113,0.9764478141635747,0.2808490894325341
0.20486975,0.16404683180660198,0.9764478141635747,0.280901222822688
0.20489441,0.1640512778816706,0.9764478141635747,0.28090774085737386
0.20490782,0.1640735118724927,0.9764478141635747,0.280940335568666
0.20490986,0.16413134846389543,0.9764478141635747,0.2810251172289657
0.20491675,0.1641669604838491,0.9764478141635747,0.28107731599696745
0.20492177,0.16418477228958148,0.9764478141635747,0.28110342265335503
0.20492415,0.16416210058048067,0.9762864978222294,0.28106350864946905
0.20496494,0.16417100694444445,0.9762864978222294,0.2810765622457652
0.20496762,0.16421555326423184,0.9762864978222294,0.2811418484191436
0.20497729,0.16424229266174556,0.9762864978222294,0.2811810346827744
0.20500104,0.16426458214586218,0.9762864978222294,0.2812136982479761
0.2050251,0.16430917926859068,0.9762864978222294,0.2812790481499672
0.20503066,0.16431364031277151,0.9762864978222294,0.28128558481070365
0.20509467,0.16434041166567098,0.9762864978222294,0.2813248111560578
0.20517747,0.1643448744059742,0.9762864978222294,0.2813313499439705
0.20519516,0.16437165593851,0.9762864978222294,0.2813705890554974
0.20523018,0.1643939805508774,0.9762864978222294,0.2814032966775019
0.20525734,0.16437128188411704,0.976125181480884,0.28136334046287986
0.20526913,0.164375747039009,0.976125181480884,0.281369882122931
0.20527269,0.1643530466436663,0.9759638651395386,0.28132992327341055
0.2053139,0.1643575115457756,0.9759638651395386,0.28133646446068006
0.2053208,0.1643619766904833,0.9759638651395386,0.2813430059521342
0.20542686,0.1644021739130435,0.9759638651395386,0.28140189306703384
0.20544301,0.164433452015329,0.9759638651395386,0.2814477112018373
0.20554341,0.164410741465536,0.9758025487981933,0.2814077365027422
0.20558155,0.1644509691977272,0.9758025487981933,0.28146666046227226
0.20559044,0.16446885450936677,0.9758025487981933,0.2814928568102143
0.20560087,0.16449121662043836,0.9758025487981933,0.2815256091031436
0.2056225,0.1645135848132938,0.9758025487981933,0.2815583690185578
0.20562273,0.1645583394542833,0.9758025487981933,0.2816239117274871
0.20562598,0.16459863945578232,0.9758025487981933,0.2816829262611328
0.20567663,0.1646568854288592,0.9758025487981933,0.2817682131542154
0.20573711,0.16468378209142143,0.9758025487981933,0.2818075937570322
0.20574391,0.16468826572284237,0.9758025487981933,0.2818141582610681
0.20574796,0.16470171808206496,0.9758025487981933,0.28183385360828844
0.20575567,0.16472862939462432,0.9758025487981933,0.28187325256266055
0.20576371,0.16476003704308984,0.9758025487981933,0.2819192319341317
0.20583625,0.16481390659909542,0.9758025487981933,0.28199808862239556
0.20586184,0.16481839731887415,0.9758025487981933,0.2820046620044147
0.2058818,0.16482288828337874,0.9758025487981933,0.2820112356928924
0.20588431,0.16482737949262924,0.9758025487981933,0.28201780968785006
0.20596139,0.16485433188891616,0.9758025487981933,0.2820572600948754
0.20598514,0.16486781139275006,0.9758025487981933,0.2820769894376039
0.20602556,0.16492175145864005,0.9758025487981933,0.2821559344168061
0.20603237,0.16495323279976004,0.9758025487981933,0.2822020060645998
0.20607258,0.16496672848260063,0.9758025487981933,0.28222175566261676
0.20611592,0.1649802263739261,0.9758025487981933,0.2822415080251352
0.20611721,0.16498472616190268,0.9758025487981933,0.2822480927604086
0.20614189,0.1650162315519546,0.9758025487981933,0.2822941945116062
0.20619185,0.16502073330423395,0.9758025487981933,0.28230078170550443
0.20620228,0.16505675616677581,0.9758025487981933,0.2823534903257963
0.20621619,0.1650612601304336,0.9758025487981933,0.28236008028729387
0.20626496,0.16503847623205806,0.9756412324568479,0.28231999066377395
0.20628302,0.16505649254953333,0.9756412324568479,0.28234635045842527
0.20632815,0.1650745128009171,0.9756412324568479,0.28237271517588525
0.20633468,0.1651105651105651,0.9756412324568479,0.28242545938474856
0.20634834,0.16514212380198237,0.9756412324568479,0.28247162673367415
0.2063642,0.1651736945597553,0.9756412324568479,0.2825178091787784
0.20637092,0.16520076481835563,0.9756412324568479,0.28255740615266406
0.20637277,0.16520527739080554,0.9756412324568479,0.28256400672746673
0.20643768,0.16523235800344235,0.9756412324568479,0.2826036166531797
0.20656203,0.16525944749569638,0.9756412324568479,0.2826432376855173
0.20657603,0.1653000983929157,0.9756412324568479,0.28270269006916576
0.20658417,0.1653272101033295,0.9756412324568479,0.2827423388885112
0.20664634,0.16535885167464115,0.9756412324568479,0.2827886099029644
0.2067749,0.16539050535987748,0.9756412324568479,0.28283489606447487
0.20677918,0.16536768124265047,0.9754799161155026,0.2827947434875695
0.20678958,0.16537220368648473,0.9754799161155026,0.28280135624902136
0.20681657,0.16540839214399036,0.9754799161155026,0.2828542694760951
0.20683616,0.16538556227261536,0.9753185997741571,0.28281410796120776
0.20683639,0.16542176256532326,0.9753185997741571,0.2828670347148264
0.20685828,0.16542628871620882,0.9753185997741571,0.2828736519519358
0.20690615,0.1654308151147837,0.9753185997741571,0.28288026949865247
0.20691642,0.16544892318638316,0.9753185997741571,0.282906742782027
0.20694332,0.1654579787088476,0.9753185997741571,0.28291998128192325
0.20695136,0.16548515122485288,0.9753185997741571,0.2829597042165348
0.20695876,0.16548968084524004,0.9753185997741571,0.28296632579012476
0.20705062,0.16552139513236783,0.9753185997741571,0.2830126854840004
0.20706011,0.165562188509776,0.9753185997741571,0.2830723131303556
0.20716533,0.16556672234849523,0.9753185997741571,0.28307893997540495
0.20717932,0.16561661096806005,0.9753185997741571,0.28315185575434726
0.20730765,0.16562114778797424,0.9753185997741571,0.2831584863242178
0.20736374,0.16565291248835554,0.9753185997741571,0.2832049090097525
0.20740922,0.1656937707254241,0.9753185997741571,0.28326461769090616
0.20742974,0.16573464912280703,0.9753185997741571,0.2833243515543804
0.2074644,0.1657573680603153,0.9753185997741571,0.2833575479212027
0.20747899,0.16579373131872652,0.9753185997741571,0.28341067829159994
0.2075039,0.16583011053512164,0.9753185997741571,0.28346382858993396
0.20752314,0.16587560701253806,0.9753185997741571,0.28353029450359696
0.20753936,0.16594389855629357,0.9753185997741571,0.28363005183752976
0.20756076,0.16594845332528202,0.9753185997741571,0.28363670482241987
0.2075746,0.16592555994729907,0.9751572834328117,0.28359644390207606
0.20757954,0.16595289079229122,0.9751572834328117,0.28363636363611505
0.20758969,0.16595744680851063,0.9751572834328117,0.2836430180177694
0.20769338,0.16599846221441125,0.9751572834328117,0.2837029215062632
0.20769997,0.16600302073321432,0.9751572834328117,0.28370957901134375
0.20773079,0.16603037710456206,0.9751572834328117,0.2837495306043326
0.20773853,0.1660349373764008,0.9751572834328117,0.2837561902971203
0.20774594,0.16605774249375052,0.9751572834328117,0.283789493450763
0.20781381,0.16609424371479597,0.9751572834328117,0.2838427947595765
0.20783244,0.16611706512778235,0.9751572834328117,0.2838761182462468
0.20787019,0.16613989281297237,0.9751572834328117,0.28390944955827085
0.20791085,0.1661169744942832,0.9749959670914664,0.283869149660414
0.20791528,0.16613980593199373,0.9749959670914664,0.2839024848510828
0.20792994,0.1661168838308868,0.974834650750121,0.2838621791105387
0.20793425,0.16612145036699014,0.974834650750121,0.28386884629813525
0.20794414,0.16612601715416758,0.974834650750121,0.2838755137989291
0.2079686,0.16613058419243987,0.974834650750121,0.2838821816129423
0.2079723,0.1661488548568915,0.974834650750121,0.2839088560016304
0.2080092,0.16616256049274086,0.974834650750121,0.2839288650830316
0.2080274,0.1661945491048101,0.974834650750121,0.28397556390952555
0.20805581,0.16622655003575948,0.974834650750121,0.2840222781000025
0.2081025,0.16626313762174655,0.974834650750121,0.2840756845690306
0.20816232,0.16631347185908904,0.974834650750121,0.28414915126697254
0.20818967,0.16629052677932515,0.9746733344087756,0.28410880962992047
0.20820184,0.16630883567299753,0.9746733344087756,0.28413553104915257
0.2083371,0.1663317274604267,0.9746733344087756,0.2841689398925174
0.20836435,0.16636836743123054,0.9746733344087756,0.28422241038642887
0.20837311,0.16640044064995868,0.9746733344087756,0.2842692135780519
0.20837766,0.16637748216695586,0.9745120180674303,0.28422885103955514
0.2084058,0.16640498030465803,0.9745120180674303,0.2842689755773707
0.20842022,0.16643248753340498,0.9745120180674303,0.284309111445534
0.2084301,0.16646917798782,0.9745120180674303,0.2843626435696999
0.20845784,0.16647376543209877,0.9745120180674303,0.2843693365026811
0.20847343,0.16650588462280533,0.9745120180674303,0.28441619585662453
0.208488,0.16652424401135707,0.9745120180674303,0.2844429795646815
0.20852046,0.166501268056015,0.9743507017260848,0.2844025897584323
0.20853391,0.16650585802894555,0.9743507017260848,0.28440928568040236
0.20859618,0.16651044825494846,0.9743507017260848,0.28441598191767503
0.20860717,0.1665150387340446,0.9743507017260848,0.2844226784702724
0.20862283,0.16649205999117778,0.9741893853847394,0.28438228438203506
0.2086659,0.1665150136487716,0.9741893853847394,0.28441576790819506
0.20870158,0.16655634618566936,0.9741893853847394,0.2844760581291521
0.20870845,0.1665609399564222,0.9741893853847394,0.2844827586204402
0.20874026,0.16658850790323027,0.9741893853847394,0.2845229681976304
0.20878516,0.16662068204392452,0.9741893853847394,0.28456989373958985
0.20881866,0.16667126652499104,0.9741893853847394,0.2846436651581215
0.20883496,0.16667586663722675,0.9741893853847394,0.28465037354739253
0.20888798,0.1666804670033949,0.9741893853847394,0.2846570822528733
0.20894963,0.16671267667844522,0.9741893853847394,0.28470405204698895
0.20900798,0.16671727907682965,0.9741893853847394,0.2847107632829526
0.20902741,0.16674950298210736,0.9741893853847394,0.28475775079545945
0.20907256,0.16672649454645866,0.9740280690433941,0.28471731032181385
0.20908648,0.16677254522855958,0.9740280690433941,0.2847844542965148
0.20913097,0.1667771516959452,0.9740280690433941,0.2847911704358044
0.20931236,0.16678175841781068,0.9740280690433941,0.284797886891878
0.2093142,0.16678636539417713,0.9740280690433941,0.2848046036647583
0.20937029,0.16676334907875473,0.9738667527020487,0.28476415094314655
0.209453,0.16679560148090844,0.9738667527020487,0.2848111716554482
0.20947567,0.16680020998535627,0.9738667527020487,0.2848178901677065
0.2094767,0.16680481874447392,0.9738667527020487,0.2848246089969431
0.20954314,0.16685092034713395,0.9738667527020487,0.2848918147280483
0.20957202,0.16686475579756213,0.9738667527020487,0.2849119826322482
0.2096051,0.16686936812427441,0.9738667527020487,0.2849187059015365
0.2096184,0.16687859354268023,0.9738667527020487,0.28493215339208056
0.20963344,0.16691089054162403,0.9738667527020487,0.28497922960700095
0.20974356,0.16695705080339612,0.9738667527020487,0.28504650833347694
0.20975724,0.1669616682338625,0.9738667527020487,0.2850532379533351
0.20981927,0.16698475921776892,0.9738667527020487,0.285086890819546
0.20993945,0.16702171807995572,0.9738667527020487,0.28514075193627
0.20996156,0.16706331636041621,0.9738667527020487,0.2852013700245522
0.20996624,0.16709568490686152,0.9738667527020487,0.2852485352482852
0.20996775,0.16713269289333074,0.9738667527020487,0.28530245746666866
0.2099785,0.16716508833139504,0.9738667527020487,0.2853496561337986
0.210078,0.16719749633035144,0.9738667527020487,0.2853968704200212
0.21011059,0.16721138931974297,0.9738667527020487,0.28541710989739305
0.21012637,0.16718832230008587,0.9737054363607034,0.2853765779393272
0.21015333,0.16722074468085107,0.9737054363607034,0.28542380896061986
0.21017586,0.16722537747610472,0.9737054363607034,0.28543055752564
0.2101985,0.16724854530340816,0.9737054363607034,0.2854643051382019
0.21020803,0.1673041742890404,0.9737054363607034,0.2855453319769477
0.21027684,0.167332002661344,0.9737054363607034,0.2855858626479009
0.21030658,0.16736912156166814,0.9737054363607034,0.28563992144403894
0.21030965,0.16742483079995563,0.9737054363607034,0.28572104802228165
0.21033287,0.16742947491054339,0.9737054363607034,0.2857278106506372
0.21042782,0.16744805392959192,0.9737054363607034,0.28575486436560665
0.21043716,0.1674712835025803,0.9737054363607034,0.28578868871450536
0.21050686,0.16751776198934282,0.9737054363607034,0.28585636144039733
0.21058306,0.16755031228313672,0.9737054363607034,0.28590375142074226
0.21060234,0.16759218125277656,0.9737054363607034,0.2859647044886752
0.21060885,0.167569068443704,0.973544120019358,0.2859241010088933
0.21063043,0.16759233546237157,0.973544120019358,0.28595797104857784
0.21067216,0.1675969896414785,0.973544120019358,0.28596474601946126
0.21068223,0.16764820267792654,0.973544120019358,0.2860392918925379
0.21070226,0.16765285996055226,0.973544120019358,0.2860460707173529
0.21073425,0.16768546818560712,0.973544120019358,0.2860935314890001
0.21074294,0.16769012753897025,0.973544120019358,0.28610031288492993
0.21078241,0.1677320733740967,0.973544120019358,0.286161359918192
0.21085688,0.16778803380782917,0.973544120019358,0.28624279649938156
0.21094067,0.16783469603426218,0.973544120019358,0.2863106957323676
0.21095341,0.1678393636844008,0.973544120019358,0.28631748742739876
0.21105927,0.1678673750382465,0.973544120019358,0.2863582443651109
0.21106845,0.1679047380574799,0.973544120019358,0.28641260500188476
0.21107355,0.1679094096043626,0.973544120019358,0.286419401532698
0.21109053,0.1679140814112017,0.973544120019358,0.28642619838608036
0.2112207,0.16794211771253653,0.973544120019358,0.2864669862816116
0.21130766,0.16797951401452946,0.973544120019358,0.28652138821605244
0.21133363,0.16798418972332016,0.973544120019358,0.2865281899107282
0.21137103,0.16798886569241475,0.973544120019358,0.28653499192834075
0.21142524,0.16802628281872095,0.973544120019358,0.28658941969772594
0.21144375,0.16806839701459284,0.973544120019358,0.2866506756593779
0.2114583,0.16807307767287716,0.973544120019358,0.2866574834937878
0.21146888,0.16809180291340556,0.973544120019358,0.2866847180653989
0.21150379,0.16812458212614217,0.973544120019358,0.28673239102006004
0.2115052,0.16814800367780222,0.973544120019358,0.28676645283890295
0.21154174,0.1681714317561166,0.973544120019358,0.28680052275132295
0.21154451,0.16817611815521805,0.973544120019358,0.2868073377052901
0.21158002,0.16818080481551667,0.973544120019358,0.2868141529831387
0.21160103,0.16818549173703426,0.973544120019358,0.2868209685848921
0.21161884,0.16819017891979265,0.973544120019358,0.28682778451057317
0.21166073,0.16819486636381373,0.973544120019358,0.286834600760205
0.21167861,0.16822299651567943,0.973544120019358,0.2868755050622576
0.21170743,0.1682511360785079,0.973544120019358,0.28691642103236253
0.21174052,0.1682745929065358,0.973544120019358,0.2869505265908145
0.21180992,0.16827928505702255,0.973544120019358,0.28695734867551304
0.21186063,0.16829805627596978,0.973544120019358,0.28698464025843906
0.21187872,0.16831683168316833,0.973544120019358,0.28701193703308675
0.21191363,0.1683637885339657,0.973544120019358,0.2870802016932125
0.21193445,0.16838257861108785,0.973544120019358,0.28710751665055734
0.21203776,0.1684154713400681,0.973544120019358,0.28715533033543716
0.21207616,0.16845778087927424,0.973544120019358,0.2872168284787128
0.21208088,0.16849070299849236,0.973544120019358,0.28726467858222693
0.2121209,0.1684954072088673,0.973544120019358,0.2872715156128482
0.21216322,0.16850011168192985,0.973544120019358,0.2872783529689261
0.21218175,0.16854717086521812,0.973544120019358,0.28734674443493463
0.2121889,0.1685707103153543,0.973544120019358,0.2873809523807007
0.2121949,0.16854748603351954,0.9733828036780126,0.2873401747658142
0.21219903,0.16857573895066214,0.9733828036780126,0.2873812302047825
0.21224017,0.16859929028472437,0.9733828036780126,0.28741545203366275
0.21227576,0.16863227320999385,0.9733828036780126,0.28746337628902197
0.21229175,0.16863698610994662,0.9733828036780126,0.2874702239158988
0.2122995,0.1686746987951807,0.9733828036780126,0.2875250166775334
0.21230948,0.16867941406686793,0.9733828036780126,0.28753186724141505
0.21233813,0.16873601789709172,0.9733828036780126,0.28761409947781
0.21235132,0.16874073659777958,0.9733828036780126,0.2876209542873691
0.21241164,0.16874545556239162,0.9733828036780126,0.2876278094236821
0.21246128,0.1687222082389462,0.9732214873366672,0.28758699590021525
0.21247008,0.1687269269493232,0.9732214873366672,0.28759385055391334
0.21253853,0.1687835720680394,0.9732214873366672,0.2876761318930318
0.21263666,0.16882135661517797,0.9732214873366672,0.28773101228065895
0.21266046,0.16888752029561616,0.9732214873366672,0.28782710336083195
0.21268718,0.16892535140281123,0.9732214873366672,0.28788204137116014
0.21269342,0.1689300814829334,0.9732214873366672,0.2878889100970948
0.21272789,0.16896793166223217,0.9732214873366672,0.28794387170650615
0.21276104,0.1689963304294238,0.9732214873366672,0.2879851066874179
0.21277422,0.16900106448540533,0.9732214873366672,0.28799198033246853
0.21277711,0.16904368292751268,0.9732214873366672,0.28805385790654686
0.21277927,0.16904841963685271,0.9732214873366672,0.2880607348339445
0.21278019,0.1690531566116513,0.9732214873366672,0.28806761208970627
0.21278837,0.16905789385193074,0.9732214873366672,0.28807448967385546
0.21282905,0.16908632286995515,0.9732214873366672,0.2881157620762061
0.21283619,0.1691005409647672,0.9732214873366672,0.2881364027125188
0.21284457,0.16911950214447902,0.9732214873366672,0.2881639281617653
0.21285115,0.1691384675768875,0.9732214873366672,0.2881914588704843
0.21297777,0.16918115535614134,0.9732214873366672,0.2882534222028581
0.21297802,0.16922861150070126,0.9732214873366672,0.2883223016079103
0.21303885,0.16915911450296006,0.9725762219712857,0.2881931166345468
0.21305414,0.16919709258271826,0.9725762219712857,0.2882482310190629
0.21310788,0.16921608801818744,0.9725762219712857,0.28827579611718085
0.21313182,0.16926834746476502,0.9725762219712857,0.2883516273283459
0.21315417,0.16924502344386108,0.9724149056299403,0.2883106944707633
0.2131668,0.16922169811320756,0.972253589288595,0.2882697596553734
0.21317273,0.16925496363278947,0.972253589288595,0.2883180252580712
0.21324602,0.16925971691754663,0.972253589288595,0.2883249216635836
0.21328624,0.16926447046928975,0.972253589288595,0.2883318183990202
0.21337841,0.16929299738771383,0.972253589288595,0.28837320574137415
0.21338296,0.16929775280898876,0.972253589288595,0.2883801047869432
0.21339408,0.16933104823982242,0.972253589288595,0.28842840735043646
0.21340127,0.1693595976058673,0.972253589288595,0.2884698224283118
0.21348926,0.16933625583094475,0.9720922729472495,0.28842886203157686
0.21353495,0.16940290115821433,0.9720922729472495,0.2885255320674497
0.21359116,0.16940766354614714,0.9720922729472495,0.2885324395496634
0.21365543,0.16945530215685722,0.9720922729472495,0.288601532566797
0.2136564,0.1694886651290994,0.9720922729472495,0.288649917370954
0.21377103,0.16952204124117365,0.9720922729472495,0.28869831840151017
0.21381366,0.16952681033027625,0.9720922729472495,0.2887052341595267
0.21385919,0.1695602014688089,0.9720922729472495,0.28875365374453593
0.21386918,0.16956497270527324,0.9720922729472495,0.2887605721539508
0.21394974,0.16961269984237784,0.9720922729472495,0.2888297744862905
0.21402323,0.16966523073457782,0.9720922729472495,0.2889059353722659
0.21406421,0.16964185155986033,0.9719309566059042,0.2888649166963788
0.21411726,0.1696609596756026,0.9719309566059042,0.2888926182539244
0.21424687,0.16970874880288433,0.9719309566059042,0.28896189539793876
0.21431793,0.16971352919636068,0.9719309566059042,0.28896882493979487
0.21436788,0.16971830985915493,0.9719309566059042,0.288975754814011
0.21439192,0.16977091493138718,0.9719309566059042,0.28905200537299564
0.21443193,0.16974752028854825,0.9717696402645588,0.28901096264997345
0.21443467,0.1697523036604954,0.9717696402645588,0.2890178956961437
0.21444419,0.1697570873020346,0.9717696402645588,0.28902482907495364
0.21445851,0.1697953661423981,0.9717696402645588,0.28908030808334195
0.21446592,0.16983366224978855,0.9717696402645588,0.2891358083944766
0.2145112,0.16986718551729973,0.9717696402645588,0.28918438865127566
0.21464182,0.16990072202166065,0.9717696402645588,0.2892329852356127
0.21465367,0.16993906567366282,0.9717696402645588,0.28928854419260563
0.21470873,0.16996783477230404,0.9717696402645588,0.2893302274198374
0.21474347,0.16997263056911488,0.9717696402645588,0.28933717579225376
0.21474458,0.16997742663656884,0.9717696402645588,0.2893441244984137
0.2147669,0.17001100668868005,0.9717696402645588,0.28939277478837067
0.21478982,0.1700158049221043,0.9717696402645588,0.2893997261653442
0.2148257,0.17005900121390058,0.9717696402645588,0.2894623035891944
0.21487658,0.17006380215685168,0.9717696402645588,0.2894692583068511
0.21487823,0.17009261350801896,0.9717696402645588,0.28951099363185023
0.21499535,0.17010702284471804,0.9717696402645588,0.2895318658076864
0.21500453,0.1701118264994917,0.9717696402645588,0.289538823868435
0.21507539,0.17014065412641924,0.9717696402645588,0.28958057925704717
0.21507828,0.17017429870900308,0.9717696402645588,0.2896293091011454
0.21512243,0.17015085598056387,0.9716083239232134,0.289588191455861
0.21514346,0.1701556629092861,0.9716083239232134,0.289595153379879
0.21516904,0.17018451018620553,0.9716083239232134,0.28963693195454315
0.2151917,0.17020374713877978,0.9716083239232134,0.2896647910351909
0.21520624,0.17018029729271464,0.9714470075818681,0.2896236623780077
0.2152088,0.1702139687385172,0.9714470075818681,0.28967242291571144
0.21520947,0.17023802793011816,0.9714470075818681,0.28970726192455315
0.21529698,0.1702572801809443,0.9714470075818681,0.2897351391659518
0.21537672,0.17028616672322136,0.9714470075818681,0.289776965088888
0.215389,0.17029098209993496,0.9714470075818681,0.28978393725011914
0.21540433,0.17026751880549743,0.9712856912405227,0.2897427877093778
0.21542482,0.17030123037759864,0.9712856912405227,0.28979159647661956
0.21548167,0.1703542326844726,0.9712856912405227,0.28986832920081484
0.21549007,0.1703928005433552,0.9712856912405227,0.2899241603464416
0.21549217,0.17045068508662667,0.9712856912405227,0.2900079474023903
0.21550393,0.1704844692357788,0.9712856912405227,0.29005684555326744
0.21551034,0.17050860897145445,0.9712856912405227,0.2900917829006638
0.21552728,0.17056174046061018,0.9712856912405227,0.290168674698541
0.21553189,0.17060523631417884,0.9712856912405227,0.2902316164948893
0.21554926,0.1706584280490916,0.9712856912405227,0.29030858244911895
0.2155591,0.17070197323656158,0.9712856912405227,0.29037158496273185
0.21563587,0.17070681296249043,0.9712856912405227,0.2903785869300568
0.2156753,0.17073585708209274,0.9712856912405227,0.29042060582648693
0.21572529,0.1707745979521797,0.9712856912405227,0.2904766499418529
0.21575136,0.17080366514425122,0.9712856912405227,0.2905186972253186
0.21585925,0.17084728449009703,0.9712856912405227,0.29058179097969294
0.21586329,0.1708909261203985,0.9712856912405227,0.2906449121449473
0.21593896,0.17092488502810424,0.9712856912405227,0.2906940253467581
0.21597853,0.17092973740241305,0.9712856912405227,0.29070104287344184
0.21603914,0.17097342117219447,0.9712856912405227,0.29076421586356294
0.21611185,0.1710074128773893,0.9712856912405227,0.2908133693969633
0.21613047,0.17101226993865032,0.9712856912405227,0.2908203926869722
0.21614707,0.17104627709440073,0.9712856912405227,0.2908695652171367
0.21616174,0.17106571582805352,0.9712856912405227,0.290897671272332
0.2161647,0.17107057620184113,0.9712856912405227,0.29090469863484625
0.21622464,0.17107543685182555,0.9712856912405227,0.29091172633689566
0.21622986,0.17108029777803035,0.9712856912405227,0.290918754378505
0.21628642,0.17113378620356423,0.9712856912405227,0.29099608525420373
0.21629976,0.1711727078891258,0.9712856912405227,0.29105235171821575
0.21631631,0.17119704293431903,0.9712856912405227,0.2910875293091315
0.21632192,0.17123599340196805,0.9712856912405227,0.29114383114502695
0.21632501,0.17128957924383376,0.9712856912405227,0.2912212817409785
0.21640265,0.17131394753314744,0.9712856912405227,0.29125650018114546
0.2164204,0.1713675821830084,0.9712856912405227,0.2913340107415073
0.21647869,0.1713968516040878,0.9712856912405227,0.29137630661995406
0.21652,0.1714261310252541,0.9712856912405227,0.2914186147812173
0.21657412,0.17145542045163312,0.9712856912405227,0.2914609352306482
0.21659723,0.1714603029957854,0.9712856912405227,0.2914679898339456
0.21662243,0.17146518581802647,0.9712856912405227,0.29147504477875447
0.21669531,0.17147006891838013,0.9712856912405227,0.29148210006509967
0.21671088,0.17151402934054977,0.9712856912405227,0.29154561301543336
0.21673732,0.17153846153846153,0.9712856912405227,0.29158090994913827
0.21674278,0.1715433488133565,0.9712856912405227,0.2915879703615057
0.21678051,0.17156778936570355,0.9712856912405227,0.291623277552841
0.21690342,0.17157267831191406,0.9712856912405227,0.2916303400171816
0.21691993,0.17163136740685841,0.9712856912405227,0.2917151162788145
0.21698576,0.1716607270135424,0.9712856912405227,0.2917575228955145
0.21699448,0.17169499258583323,0.9712856912405227,0.29180701286716904
0.21705975,0.17172927184050654,0.9712856912405227,0.2918565196313491
0.21706511,0.1717341699942955,0.9712856912405227,0.2918635933975488
0.21711549,0.1717390684275079,0.9712856912405227,0.29187066750665236
0.21716484,0.17174396714016774,0.9712856912405227,0.29187774195868493
0.21730515,0.1717684648960146,0.9712856912405227,0.2919131193636542
0.21731769,0.17178316690442225,0.9712856912405227,0.2919343499233791
0.2173904,0.17178806813318498,0.9712856912405227,0.2919414274628943
0.21742512,0.17183219178082193,0.9712856912405227,0.2920051407645545
0.21752803,0.17183709580752876,0.9712856912405227,0.2920122217369772
0.21758786,0.17184200011416176,0.9712856912405227,0.2920193030528279
0.21766403,0.17189596596910955,0.9712856912405227,0.2920972202005886
0.21771441,0.17194505525887427,0.9712856912405227,0.29216809006185623
0.21772924,0.17196961041928482,0.9712856912405227,0.29220353789011344
0.21774259,0.17200399942865305,0.9712856912405227,0.29225317930272465
0.21781752,0.1720089132670552,0.9712856912405227,0.292260272310013
0.21783414,0.1720531504500643,0.9712856912405227,0.2923241248722986
0.21793048,0.1720679012345679,0.9712856912405227,0.2923454152603594
0.21794716,0.17209741039272852,0.9712856912405227,0.2923880053414949
0.21822709,0.17213185053889477,0.9712856912405227,0.2924377094562501
0.2182728,0.17213677168505917,0.9712856912405227,0.29244481142359735
0.21831277,0.17211310289618892,0.9711243748991772,0.2924033417522213
0.21837807,0.17211802378774016,0.9711243748991772,0.29241044322985954
0.2184016,0.17216232447736438,0.9711243748991772,0.29247437205435234
0.21840738,0.17216724818395013,0.9711243748991772,0.292481476982618
0.21841377,0.17218202099362184,0.9711243748991772,0.29250279383872185
0.2184403,0.17215834334420227,0.9709630585578319,0.2924613104635327
0.2184661,0.17218789335164206,0.9709630585578319,0.2925039484871697
0.21848048,0.17219281933915034,0.9709630585578319,0.29251105603317945
0.21850939,0.1721691365795045,0.9708017422164865,0.29246956479453423
0.21853608,0.17219376806203324,0.9708017422164865,0.2925051035284696
0.21853624,0.17225784291275476,0.9708017422164865,0.29259754466973303
0.21853663,0.17229729729729729,0.9708017422164865,0.29265446057308986
0.21854861,0.17232196546688427,0.9708017422164865,0.29269004425829165
0.21860927,0.17232689994845657,0.9708017422164865,0.29269716203374113
0.21863507,0.1723713230028929,0.9708017422164865,0.2927612375946067
0.21867299,0.17234761686526123,0.9706404258751411,0.2927197100530143
0.2187083,0.1723871189548476,0.9706404258751411,0.29277668296692383
0.21874599,0.17243158045565268,0.9706404258751411,0.29284080401006163
0.21874902,0.17243652203817275,0.9706404258751411,0.29284793030417516
0.21876964,0.17246617748222884,0.9706404258751411,0.29289069535350526
0.2187887,0.1724711210479548,0.9706404258751411,0.29289782407607146
0.21883376,0.17251067977866338,0.9706404258751411,0.29295486635156226
0.21885973,0.17256510267293793,0.9706404258751411,0.2930333357681221
0.21890967,0.1726047045324154,0.9706404258751411,0.293090430843164
0.21892028,0.17260965604291575,0.9706404258751411,0.29309756929196434
0.21901622,0.1726740515410664,0.9706404258751411,0.29319040077937564
0.21903583,0.17272857758002008,0.9706404258751411,0.2932689964417184
0.21906511,0.17270482861572028,0.9704791095337958,0.2932274023344497
0.21907656,0.1727097866965234,0.9704791095337958,0.2932345486447035
0.21910751,0.17276434437998966,0.9704791095337958,0.2933131810533501
0.21916695,0.17278915472326736,0.9704791095337958,0.2933489369999384
0.21921413,0.1728338313031487,0.9704791095337958,0.2934133196768716
0.21925741,0.1728735632183908,0.9704791095337958,0.29347057245273
0.21931551,0.17290834363233984,0.9704791095337958,0.29352068696305317
0.21934621,0.17294810981745004,0.9704791095337958,0.29357798165111937
0.2194014,0.1729829202369314,0.9704791095337958,0.29362813285475947
0.21946141,0.17300281819750388,0.9704791095337958,0.29365679837916375
0.21949711,0.17302769708648508,0.9704791095337958,0.29369263815635316
0.2195082,0.17304760535020855,0.9704791095337958,0.2937213162774504
0.21953325,0.1730525831319756,0.9704791095337958,0.29372848668284735
0.21958327,0.17305756120012658,0.9704791095337958,0.29373565743834473
0.21958847,0.17310237670483974,0.9704791095337958,0.29380020999656875
0.21959578,0.17310735763818952,0.9704791095337958,0.29380738425448033
0.2196036,0.1731123388581952,0.9704791095337958,0.2938145588627745
0.21961556,0.1731173203648816,0.9704791095337958,0.29382173382147686
0.21963643,0.17318210605101042,0.9704791095337958,0.2939150401834399
0.21963935,0.17320703653585928,0.9704791095337958,0.29395094302720315
0.21964753,0.1732619088762168,0.9704791095337958,0.29402996016689426
0.21967767,0.17328686234409654,0.9704791095337958,0.29406589109369147
0.21968402,0.17332180927686547,0.9704791095337958,0.2941162091468743
0.21968909,0.17335177501152604,0.9704791095337958,0.29415935261446546
0.21970971,0.17339174544616093,0.9704791095337958,0.2942168969309079
0.21977547,0.17342673469976072,0.9704791095337958,0.29426726667945313
0.21984947,0.17343173431734318,0.9704791095337958,0.29427446376573196
0.21987833,0.17345673672981,0.9704791095337958,0.29431045447848636
0.21988688,0.1734817463521541,0.9704791095337958,0.2943464539958774
0.21989143,0.17351176742039687,0.9704791095337958,0.2943896650434166
0.2199357,0.17355681850965005,0.9704791095337958,0.2944545054081905
0.22005,0.1736069027212651,0.9704791095337958,0.2945265837655312
0.22005053,0.17365701584735732,0.9704791095337958,0.29459869741906575
0.22006346,0.173692112253147,0.9704791095337958,0.29464919799166117
0.22008577,0.1736971271834849,0.9704791095337958,0.2946564137725788
0.22013752,0.17372220617961306,0.9704791095337958,0.2946924979791199
0.2202272,0.17376736662719158,0.9704791095337958,0.2947574718272779
0.22024228,0.17380250765586178,0.9704791095337958,0.2948080268539309
0.22024852,0.17377863808395688,0.9703177931924504,0.29476624522173583
0.22027864,0.1737836588466428,0.9703177931924504,0.29477346793730824
0.22030856,0.17382383539475205,0.9703177931924504,0.2948312624069182
0.22033803,0.1738590051160505,0.9703177931924504,0.29488185116162086
0.2203631,0.1738841350601295,0.9703177931924504,0.29491799661664303
0.22039631,0.173909272269928,0.9703177931924504,0.2949541509338863
0.22043136,0.17391430058405136,0.9703177931924504,0.29496138286108825
0.22046666,0.17393441674859753,0.9703177931924504,0.2949903141166103
0.22048765,0.17401492796389514,0.9703177931924504,0.29510609591535597
0.22049011,0.17405521152844494,0.9703177931924504,0.2951640209041266
0.22049165,0.17406024828544145,0.9703177931924504,0.29517126312664355
0.2205196,0.1740652853339507,0.9703177931924504,0.29517850570456355
0.22053811,0.17410055283799822,0.9703177931924504,0.2952292137034821
0.22055717,0.1741207121146331,0.9703177931924504,0.2952581975257581
0.22056133,0.1741358346360952,0.9703177931924504,0.2952799391274021
0.22058474,0.17417113073693355,0.9703177931924504,0.2953306819853068
0.22073105,0.17422662495655197,0.9703177931924504,0.29541045600740345
0.22074422,0.1742619578758293,0.9703177931924504,0.2954612437368477
0.2208021,0.17430740697809205,0.9703177931924504,0.2955265679118945
0.22084334,0.17428347871446373,0.9701564768511051,0.2954846951306807
0.22092451,0.17430873572546518,0.9701564768511051,0.2955209945698997
0.22096941,0.1743441078417162,0.9701564768511051,0.29557182877056787
0.22098565,0.17435421679761112,0.9701564768511051,0.2955863560402411
0.22108279,0.17439466434681747,0.9701564768511051,0.2956444794019637
0.22124442,0.17443007134984628,0.9701564768511051,0.2956953560977823
0.22125602,0.17443513066682137,0.9701564768511051,0.29570262562664695
0.22128229,0.17444019027729435,0.9701564768511051,0.2957098955129561
0.22129504,0.17441624365482233,0.9699951605097596,0.2956679942958521
0.221297,0.17444660419507382,0.9699951605097596,0.2957116160123313
0.22131082,0.17445166531275386,0.9699951605097596,0.2957188875498436
0.22135235,0.17445672672411291,0.9699951605097596,0.29572615944497843
0.22135897,0.17447697530685083,0.9699951605097596,0.2957552506022697
0.22135983,0.17448203818698857,0.9699951605097596,0.2957625242859126
0.22138096,0.17448710136095877,0.9699951605097596,0.29576979832733624
0.22142336,0.17452761733375904,0.9699951605097596,0.2958280035420026
0.2214356,0.17455801666327983,0.9699951605097596,0.29587167248903934
0.22143568,0.1746239182203636,0.9699951605097596,0.29596633278343937
0.22156657,0.1746492782247524,0.9699951605097596,0.2960027567192452
0.22156964,0.17468986955637547,0.9699951605097596,0.2960610536678851
0.22158882,0.17473555736371033,0.9699951605097596,0.29612666518897574
0.2216677,0.1747406352619802,0.9699951605097596,0.2961339571531518
0.22175297,0.17478126907537134,0.9699951605097596,0.29619230579748523
0.22178133,0.17478634963083542,0.9699951605097596,0.2961996009947906
0.22182399,0.17479143048167203,0.9699951605097596,0.2962068965514653
0.2218285,0.1747674418604651,0.9698338441684142,0.29616493017043505
0.22190145,0.1748182611224193,0.9698338441684142,0.2962378969668997
0.22192954,0.17484876686831083,0.9698338441684142,0.29628169430523854
0.221944,0.1748538521943984,0.9698338441684142,0.29628899512073076
0.22198634,0.17488945776122877,0.9698338441684142,0.29634011090547124
0.22202672,0.17491998836194356,0.9698338441684142,0.2963839384749315
0.22204623,0.1749607124148769,0.9698338441684142,0.2964423954041936
0.22206165,0.17496580425482378,0.9698338441684142,0.2964497041417528
0.22207467,0.17498617457868848,0.9698338441684142,0.2964789426962594
0.22208527,0.17499126790080335,0.9698338441684142,0.2964862532360867
0.22211434,0.1749963615194295,0.9698338441684142,0.2964935641364476
0.22212732,0.17507280139778683,0.9698338441684142,0.296603270924036
0.22224109,0.1750778997641166,0.9698338441684142,0.2966105875965636
0.22224276,0.17508299842739822,0.9698338441684142,0.2966179046300786
0.2222694,0.17505897428429973,0.9696725278270689,0.2965758831653221
0.22228104,0.17507427040251647,0.9696725278270689,0.29659783386350624
0.22230168,0.17512017479970868,0.9696725278270689,0.29666370545823456
0.22241902,0.17512527677426873,0.9696725278270689,0.2966710263304666
0.22247683,0.17517120792656274,0.9696725278270689,0.29673693044353805
0.22248837,0.1751763128752113,0.9696725278270689,0.2967442549302569
0.22249816,0.17515227464809255,0.9695112114857235,0.2967022116901041
0.22250775,0.17518801375852622,0.9695112114857235,0.2967534872235403
0.22251412,0.17519312053636496,0.9695112114857235,0.2967608137465312
0.22251417,0.17526464670030037,0.9695112114857235,0.2968634230671647
0.22252223,0.17530554502231427,0.9695112114857235,0.2969220888293439
0.22254628,0.17535669477431215,0.9695112114857235,0.29699545364670643
0.2225558,0.1754027550782162,0.9695112114857235,0.297061512986914
0.22256508,0.17543347539260903,0.9695112114857235,0.2971055688753368
0.22259268,0.17545396158112922,0.9695112114857235,0.29713494672804247
0.2226631,0.17552057474956922,0.9695112114857235,0.2972304648859916
0.22268377,0.1754964953271028,0.9693498951443781,0.29718835777317687
0.22270647,0.17554263679121265,0.9693498951443781,0.2972545139745116
0.22277696,0.17554776511831727,0.9693498951443781,0.29726186648172104
0.22282791,0.17557341124908693,0.9693498951443781,0.2972986344743099
0.22287306,0.17557854137447404,0.9693498951443781,0.2973059891643248
0.22291294,0.17558367179966688,0.9693498951443781,0.29731334421823513
0.222928,0.17562985912199686,0.9693498951443781,0.2973795560831788
0.22292893,0.17560576389091867,0.9691885788030328,0.2973374245271083
0.22302097,0.1756108967613703,0.9691885788030328,0.2973447823609785
0.2230338,0.17565710610180393,0.9691885788030328,0.29741101925621266
0.22304295,0.17570333976721061,0.9691885788030328,0.29747728566804904
0.22308756,0.1757444567951793,0.9691885788030328,0.2975362139405597
0.22315246,0.17577530719719134,0.9691885788030328,0.2975804254684243
0.2231695,0.17582160311375142,0.9691885788030328,0.2976467674012758
0.223193,0.17579748317237343,0.9690272624616874,0.29760459758699753
0.22320877,0.17580262811320202,0.9690272624616874,0.2976119698768704
0.22325747,0.17582835733520666,0.9690272624616874,0.2976488368057257
0.22334482,0.17585924234439956,0.9690272624616874,0.2976930891788167
0.22334845,0.17586439090084025,0.9690272624616874,0.2977004658536403
0.22335464,0.175900439238653,0.9690272624616874,0.2977521128154231
0.22335893,0.17590559020761956,0.9690272624616874,0.29775949241572086
0.22340482,0.1759416554390487,0.9690272624616874,0.29781115986191486
0.22344671,0.17597258026716664,0.9690272624616874,0.2978554605179003
0.22345854,0.17597773546213563,0.9690272624616874,0.2978628452419672
0.22352116,0.1760138302859822,0.9690272624616874,0.29791454856521704
0.22354475,0.17598968558619274,0.9688659461203419,0.2978723404252717
0.22357032,0.17604126974821938,0.9688659461203419,0.297946224823631
0.22357142,0.17604642982764684,0.9688659461203419,0.2979536152794123
0.22358395,0.1760928841586771,0.9688659461203419,0.2980201458837272
0.22359928,0.17614969497888316,0.9688659461203419,0.2981015014267157
0.22361958,0.17618586640851888,0.9688659461203419,0.2981532962666181
0.22363019,0.17622722337959568,0.9688659461203419,0.29821251241284785
0.2236767,0.17623239436619717,0.9688659461203419,0.2982199160850445
0.22368667,0.17626859977107975,0.9688659461203419,0.29827175208555595
0.22370166,0.17630999559665345,0.9688659461203419,0.2983310152987659
0.22385876,0.17628581493658996,0.9687046297789966,0.29828875145889555
0.22387469,0.1763375814882246,0.9687046297789966,0.2983628549422282
0.22387534,0.17637901662456676,0.9687046297789966,0.29842216424374485
0.22388248,0.1764256544348797,0.9687046297789966,0.29848891539888434
0.22399008,0.176461945342345,0.9687046297789966,0.2985408536128045
0.2240278,0.17643774427694026,0.9685433134376512,0.2984985582178958
0.2240356,0.17645848640705364,0.9685433134376512,0.29852824184540355
0.22403885,0.1764999853014669,0.9685433134376512,0.2985876268149371
0.22407776,0.17653112228396695,0.9685433134376512,0.2986321810492294
0.22416812,0.17657265535393935,0.9685433134376512,0.29869160738245637
0.22419626,0.17660901282503824,0.9685433134376512,0.29874362482869793
0.22420114,0.17663499161542762,0.9685433134376512,0.29878079124134144
0.22420235,0.17664018829067374,0.9685433134376512,0.298788225633619
0.22436716,0.17668697213148524,0.9685433134376512,0.29885515181656325
0.22437996,0.1766921718658034,0.9685433134376512,0.2988625899098911
0.2243862,0.17671297386390394,0.9685433134376512,0.29889234598604886
0.22452708,0.17672857857710536,0.9685433134376512,0.2989146669319306
0.22455189,0.1767493891489299,0.9685433134376512,0.2989444333795438
0.2245615,0.17679102499926386,0.9685433134376512,0.29900398406348394
0.22459263,0.1767962308598351,0.9685433134376512,0.2990114295672082
0.22460864,0.17682747246274372,0.9685433134376512,0.29905611037754376
0.22464392,0.17687435557519518,0.9685433134376512,0.2991231566358489
0.22471145,0.1769108374093936,0.9685433134376512,0.2991753245132799
0.22474575,0.17693690507765303,0.9685433134376512,0.29921259842493564
0.22477409,0.176942119533184,0.9685433134376512,0.29922005432183385
0.22480428,0.17694733429607143,0.9685433134376512,0.2992275105903194
0.2248163,0.1769890634672641,0.9685433134376512,0.29928717411867595
0.22486103,0.1769942809975827,0.9685433134376512,0.2992946337326965
0.22488962,0.17699949883552962,0.9685433134376512,0.29930209371858224
0.22493543,0.17705169414054436,0.9685433134376512,0.2993767140361386
0.2249482,0.17705691536419935,0.9685433134376512,0.29938417811437623
0.22499257,0.17706213689580938,0.9685433134376512,0.29939164256481293
0.22506005,0.17710914454277285,0.9685433134376512,0.29945883937229145
0.22514376,0.17715617715617715,0.9685433134376512,0.2995260663504495
0.2251567,0.1771614045441133,0.9685433134376512,0.29953353787795944
0.22517103,0.17720846492134235,0.9685433134376512,0.29960079840293213
0.22518176,0.17725555030703827,0.9685433134376512,0.2996680891415118
0.22518183,0.17730266072114106,0.9685433134376512,0.2997354101140612
0.22522043,0.1773078967574272,0.9685433134376512,0.29974289208930177
0.22522376,0.17731313310297983,0.9685433134376512,0.2997503744380809
0.22523855,0.177349796183612,0.9685433134376512,0.29980276134096123
0.22531003,0.17738123375088632,0.9685433134376512,0.2998476789769401
0.22533037,0.17741792500221626,0.9685433134376512,0.29990009989983824
0.22534384,0.1773936170212766,0.9683819970963059,0.29985763880190613
0.22534536,0.17743031951053706,0.9683819970963059,0.2999100719421843
0.22535996,0.17743556396311186,0.9683819970963059,0.2999175638877251
0.22543976,0.17745129918117591,0.9683819970963059,0.2999400419703588
0.22547597,0.1774565448740688,0.9683819970963059,0.299947535413334
0.2255246,0.17747228381374722,0.9683819970963059,0.2999700179889446
0.2255776,0.1774775307473983,0.9683819970963059,0.2999775129298034
0.22560668,0.17748277799130768,0.9683819970963059,0.29998500824520313
0.22582163,0.17745845899118917,0.9682206807549605,0.29994253017139805
0.22582777,0.17750044360324127,0.9682206807549605,0.30000249918750216
0.22583252,0.17750569307662734,0.9682206807549605,0.3000099970006379
0.22583708,0.17752144335995268,0.9682206807549605,0.30003249268888305
0.22592068,0.1775687109848821,0.9682206807549605,0.3000999999997381
0.22593868,0.1775739644970414,0.9682206807549605,0.3001075026873053
0.22595188,0.17762126009884288,0.9682206807549605,0.3001750437606782
0.22608331,0.17766858090107157,0.9682206807549605,0.300242615241978
0.22619419,0.17764423788520173,0.9680593644136151,0.30020010004976294
0.22620027,0.17766001539463555,0.9680593644136151,0.3002226280108443
0.2262111,0.17770736474281146,0.9680593644136151,0.3002902321854865
0.22623058,0.17776527045441082,0.9680593644136151,0.3003729008681714
0.22630428,0.1777705364813224,0.9680593644136151,0.30038041846004415
0.22633722,0.17777580282023936,0.9680593644136151,0.3003879364282198
0.22634375,0.17780740740740741,0.9680593644136151,0.3004330521412182
0.22640298,0.17784429363127166,0.9680593644136151,0.30048570427093096
0.22641265,0.17784956434117716,0.9680593644136151,0.3004932275103159
0.22647454,0.17788119516243775,0.9680593644136151,0.30053837485888385
0.22648361,0.17790756277608136,0.9680593644136151,0.3005760080137623
0.22651426,0.17793921423276501,0.9680593644136151,0.30062118024219836
0.22663642,0.17798143369813446,0.9680593644136151,0.3006814310048483
0.226637,0.17798671254004034,0.9680593644136151,0.30068896404834095
0.22664945,0.1780078310393925,0.9680593644136151,0.300719099997232
0.22667679,0.17801311144730206,0.9680593644136151,0.3007266349283269
0.22669742,0.178018392168496,0.9680593644136151,0.3007341702370274
0.22672668,0.17802367320300216,0.9680593644136151,0.30074170592336186
0.22676167,0.17806064921963088,0.9680593644136151,0.3007944663038402
0.2267764,0.17806593276163912,0.9680593644136151,0.30080200501226884
0.22683498,0.1781187854323113,0.9680593644136151,0.30087741288517245
0.22693424,0.17812407242505193,0.9680593644136151,0.30088495575194985
0.22696587,0.17819283190307925,0.9680593644136151,0.30098304744682336
0.22698995,0.17819812329255255,0.9680593644136151,0.30099059561102265
0.22701384,0.17825105447632628,0.9680593644136151,0.3010660980807608
0.2270182,0.1782828282828283,0.9680593644136151,0.3011114177472975
0.227035,0.17828812501856858,0.9680593644136151,0.30111897235158636
0.22705454,0.17833580980683506,0.9680593644136151,0.30118698085245627
0.22705488,0.1783411096912241,0.9680593644136151,0.30119453924888395
0.22713038,0.17834640989063244,0.9680593644136151,0.3012020980246827
0.22717664,0.17835171040508813,0.9680593644136151,0.30120965717988074
0.2271848,0.17835701123461928,0.9680593644136151,0.30121721671450696
0.22723936,0.17836231237925398,0.9680593644136151,0.3012247766285898
0.22725461,0.1783378908572108,0.9678980480722698,0.3011821398988412
0.22726437,0.1784068270345812,0.9678980480722698,0.3012804418777186
0.22727132,0.17844396859386152,0.9678980480722698,0.30133340029604827
0.22727399,0.17847581652686062,0.9678980480722698,0.30137880804655126
0.22729817,0.17853423393935788,0.9678980480722698,0.3014620911417759
0.22732784,0.17853954650955187,0.9678980480722698,0.3014696646147351
0.22739191,0.17854485939592324,0.9678980480722698,0.30147723846823266
0.22741619,0.17855017259850017,0.9678980480722698,0.30148481270229704
0.22743651,0.178576743355457,0.9678980480722698,0.3015226895821281
0.2274745,0.17859800565560352,0.9678980480722698,0.3015529979391248
0.22748092,0.17857355480145265,0.9677367317309243,0.30151031588444027
0.22748141,0.17857887059804126,0.9677367317309243,0.30151789304356486
0.2276028,0.17862140836683044,0.9677367317309243,0.30157852402949764
0.22761795,0.17862672701286328,0.9677367317309243,0.30158610461728713
0.22764762,0.1786692875863712,0.9677367317309243,0.3016467630418487
0.22769292,0.17870122132856717,0.9677367317309243,0.3016922728755949
0.22771265,0.17870654472876762,0.9677367317309243,0.30169985918299974
0.22775324,0.17874914335091327,0.9677367317309243,0.3017605633800185
0.22783244,0.17875446960667463,0.9677367317309243,0.3017681531223002
0.22794224,0.17875979617986235,0.9677367317309243,0.30177574324637896
0.22797267,0.1787970910824988,0.9677367317309243,0.30182888480766606
0.22801822,0.17880242019611933,0.9677367317309243,0.30183647798715807
0.22803769,0.17883973288814692,0.9677367317309243,0.3018896409427958
0.22804867,0.17887172759258155,0.9677367317309243,0.3019352240981839
0.22807947,0.17891440501043843,0.9677367317309243,0.3019960230559424
0.22810028,0.17891974111962777,0.9677367317309243,0.30200362464734026
0.22811463,0.17896778042959427,0.9677367317309243,0.3020720561945048
0.22817348,0.1789731197231421,0.9677367317309243,0.3020796616141179
0.2281745,0.17894862461960737,0.9675754153895789,0.302036911146097
0.22828987,0.1790073715939953,0.9675754153895789,0.3021205863091104
0.22829758,0.1790608114159477,0.9675754153895789,0.3021966948808328
0.22831075,0.17910893454371715,0.9675754153895789,0.30226522538840267
0.22839145,0.1791410310017323,0.9675754153895789,0.30231092966380735
0.22842386,0.17917849141150113,0.9675754153895789,0.30236426879038003
0.22843787,0.17918384417757066,0.9675754153895789,0.30237189020214095
0.22847362,0.179237389433421,0.9675754153895789,0.30244812545671124
0.22857918,0.1792427457191525,0.9675754153895789,0.30245575109650397
0.2286921,0.17924810232502542,0.9675754153895789,0.30246337712083754
0.22878362,0.17929096670054404,0.9675754153895789,0.3025243991624729
0.22884005,0.17926643350372165,0.9674140990482336,0.3024815898312705
0.22890519,0.1793093137987741,0.9674140990482336,0.3025426294014111
0.22897752,0.1793575786577342,0.9674140990482336,0.30261132837112503
0.229041,0.17940050257269355,0.9674140990482336,0.3026724203192152
0.22911894,0.17940586950668622,0.9674140990482336,0.3026800585471544
0.22912705,0.17941123676180218,0.9674140990482336,0.30268769716061933
0.22913904,0.1794380778552407,0.9674140990482336,0.3027258960118511
0.22916742,0.17949178414294695,0.9674140990482336,0.30280232264553253
0.22919786,0.17955089820359282,0.9674140990482336,0.3028864365259108
0.22926845,0.1795992932227247,0.9674140990482336,0.30295529174007435
0.22930135,0.17960467205750225,0.9674140990482336,0.30296294425192716
0.22933316,0.1796477143370679,0.9674140990482336,0.30302417826708633
0.2293433,0.17970154620640058,0.9674140990482336,0.30310075560358707
0.2293448,0.17970693116778041,0.9674140990482336,0.3031084154659981
0.2293563,0.17971231645190291,0.9674140990482336,0.30311607571557386
0.22944298,0.17971770205879709,0.9674140990482336,0.3031237363523439
0.22951911,0.17972308798849196,0.9674140990482336,0.30313139737633743
0.22952746,0.17972847424101657,0.9674140990482336,0.30313905878758385
0.22957458,0.17973386081639992,0.9674140990482336,0.3031467205861126
0.22964494,0.17977157588656734,0.9674140990482336,0.30320036402218375
0.22972634,0.17977696504586607,0.9674140990482336,0.30320802892002796
0.22975962,0.1798362671304765,0.9674140990482336,0.30329236838086143
0.22978726,0.17981167156480538,0.9672527827068882,0.30324946263723723
0.22980851,0.1798224568138196,0.9672527827068882,0.303264800343665
0.22982755,0.17984403119376124,0.9672527827068882,0.3032954804114809
0.22986467,0.1798925924814737,0.9672527827068882,0.3033645332656096
0.22987667,0.17986798679867988,0.9670914663655429,0.3033216119808127
0.22990142,0.17987338353986018,0.9670914663655429,0.3033292855694582
0.22990626,0.1798787806048968,0.9670914663655429,0.3033369595463745
0.22991866,0.17985417229273562,0.9669301500241975,0.3032940343062679
0.22995529,0.17985956910520315,0.9669301500241975,0.3033017077796217
0.22995801,0.17990275526742303,0.9669301500241975,0.30336310954752504
0.23012203,0.17993515850144093,0.9669301500241975,0.3034091771908974
0.23013276,0.1799729770304759,0.9669301500241975,0.3034629404614608
0.23018391,0.17994835455200575,0.966768833682852,0.3034199934179568
0.2302062,0.17997537463587496,0.966768833682852,0.3034584029568471
0.23021714,0.179980779626404,0.966768833682852,0.30346608603158587
0.23022224,0.17999699654602794,0.966768833682852,0.3034891375902554
0.23022807,0.18004566484407858,0.966768833682852,0.30355831328326066
0.23027544,0.1800210304942166,0.9666075173415067,0.3035153479887941
0.23030446,0.18002643912991226,0.9666075173415067,0.30352303523008756
0.23037581,0.1800018027221104,0.9664462010001613,0.3034800668656488
0.23038289,0.18006131281558066,0.9664462010001613,0.30356464239541814
0.2304215,0.18006672477532987,0.9664462010001613,0.3035723334175209
0.23048423,0.18012086227112833,0.9664462010001613,0.3036492650782957
0.23052506,0.1801262778111846,0.9664462010001613,0.3036569603889999
0.23057008,0.18014794322828964,0.9664462010001613,0.30368774553262073
0.23058194,0.18019670947754685,0.9664462010001613,0.3037570349335686
0.23060614,0.18026177222807283,0.9664462010001613,0.3038494700002422
0.23064397,0.18026719624480952,0.9664462010001613,0.3038571754619113
0.23067933,0.18027262058796978,0.9664462010001613,0.30386488131440326
0.23075925,0.18024795377948966,0.9662848846588159,0.3038218660442178
0.23076092,0.1802967823495771,0.9662848846588159,0.3038912282479212
0.23081553,0.18033477842003853,0.9662848846588159,0.30394519852821394
0.23086691,0.18031010085804605,0.9661235683174706,0.30390216674251663
0.23089023,0.1803155295959535,0.9661235683174706,0.3039098774513372
0.23091531,0.1803426781896474,0.9661235683174706,0.3039484368653459
0.23092385,0.18034810888942424,0.9661235683174706,0.30395614992233744
0.23092975,0.1803234257837203,0.9659622519761252,0.303913109678464
0.23096159,0.18037231158503525,0.9659622519761252,0.3039825367411111
0.23098056,0.18037774497695575,0.9659622519761252,0.3039902528172797
0.23099814,0.18043753389983727,0.9659622519761252,0.30407515551579417
0.2310226,0.18047016274864375,0.9659622519761252,0.30412148607099093
0.23102763,0.1805082446567992,0.9659622519761252,0.3041755562325905
0.23105597,0.18053545586107092,0.9659622519761252,0.30421418954935747
0.2311518,0.18058445670858592,0.9659622519761252,0.3042837542555403
0.23120975,0.18055974425478014,0.9658009356347798,0.3042406687498934
0.23122995,0.1805350303103417,0.9656396192934344,0.3041975810547199
0.23132296,0.1805949435829361,0.9656396192934344,0.3042826280337922
0.23134309,0.1806548966349781,0.9656396192934344,0.30436772258070766
0.2313873,0.1806603488863403,0.9656396192934344,0.30437546080872435
0.23140283,0.18066580146681557,0.9656396192934344,0.30438319943022357
0.23143578,0.18072034537934367,0.9656396192934344,0.30446060729336144
0.23145947,0.18072580158203008,0.9656396192934344,0.30446835024515034
0.23146065,0.18076946306698075,0.9656396192934344,0.30453030804033165
0.23152234,0.18077492223597982,0.9656396192934344,0.30453805453778887
0.2315661,0.18079676220967109,0.9656396192934344,0.30456904446905353
0.23157777,0.1808186074611086,0.9656396192934344,0.3046000407080591
0.23161387,0.18085138523822472,0.9656396192934344,0.3046465468977952
0.2316786,0.18090057419159866,0.9656396192934344,0.30471633281553506
0.23172142,0.18090604128260146,0.9656396192934344,0.3047240887800234
0.23179233,0.18093885076927727,0.9656396192934344,0.3047706328595682
0.23180893,0.18098261526832957,0.9656396192934344,0.304832713754381
0.23190786,0.1810209265755413,0.9656396192934344,0.3048870552878895
0.23197001,0.1810647307924985,0.9656396192934344,0.3049491836264184
0.23197229,0.18103995886142957,0.965478302952089,0.3049060064188079
0.23198047,0.18104543529554118,0.965478302952089,0.3049137733395206
0.23198545,0.181020661282028,0.9653169866107437,0.30487059303009884
0.23205346,0.18102613746369797,0.9653169866107437,0.30487835944439073
0.23205751,0.1810590015128593,0.9653169866107437,0.3049249662409121
0.23206015,0.18110831996610272,0.9653169866107437,0.30499490315977473
0.23210724,0.1811741197129795,0.9653169866107437,0.30508820230421024
0.23214978,0.1812015503875969,0.9653169866107437,0.3051270937967407
0.2321647,0.181234478163426,0.9653169866107437,0.3051737766782151
0.23218413,0.18125094653945176,0.9653169866107437,0.3051971234760433
0.23221774,0.18125643666323377,0.9653169866107437,0.3052049065358315
0.23224182,0.18130036962976429,0.9653169866107437,0.30526718530773017
0.23233446,0.18130586274806848,0.9653169866107437,0.3052749719413724
0.23247822,0.1813663090258835,0.9653169866107437,0.3053606511364162
0.23250525,0.1813992967139566,0.9653169866107437,0.3054074055168695
0.23251775,0.18144880075199368,0.9653169866107437,0.30547756393867886
0.23252064,0.18150934239262315,0.9653169866107437,0.3055633569073343
0.23252103,0.1815589065202221,0.9653169866107437,0.30563358700622006
0.23252502,0.18157543391188252,0.9653169866107437,0.3056570042137547
0.23253356,0.18162503414574924,0.9653169866107437,0.3057272773716233
0.23256592,0.1816636308439587,0.9653169866107437,0.3057819566158963
0.232567,0.18166914599714623,0.9653169866107437,0.3057897695331791
0.23258062,0.18167466148521463,0.9653169866107437,0.30579758284972186
0.23264058,0.18172431595250388,0.9653169866107437,0.30586792067035284
0.2327038,0.18175743401269628,0.9653169866107437,0.3059148305298698
0.23282824,0.18178504161856734,0.9653169866107437,0.30595393307231034
0.23288673,0.1818016102081118,0.9653169866107437,0.30597739939636875
0.23292954,0.1817767515343015,0.9651556702693983,0.3059340884102361
0.23295039,0.18181541921171787,0.9651556702693983,0.3059888508154648
0.2329722,0.18185963099182345,0.9651556702693983,0.3060514604324918
0.23306677,0.1818983339413839,0.9651556702693983,0.30610626486888454
0.23306769,0.18190386427898209,0.9651556702693983,0.30611409567637676
0.2331264,0.18194258606009,0.9651556702693983,0.3061689225491791
0.23321366,0.18198132433007877,0.9651556702693983,0.30622376906514404
0.23322262,0.1820200790994828,0.9651556702693983,0.3062786352348299
0.23325683,0.18204777118515136,0.9651556702693983,0.306317837394777
0.23326093,0.18202288218111004,0.9649943539280529,0.30627447968639304
0.23326191,0.1820727438746005,0.9649943539280529,0.306345060684938
0.23326856,0.18210600018265397,0.9649943539280529,0.3063921327594133
0.23331521,0.18215590742996346,0.9649943539280529,0.30646276800096234
0.23333101,0.18221139201949438,0.9649943539280529,0.30654128980987394
0.23337598,0.18228357253862326,0.9649943539280529,0.3066434283368252
0.23348469,0.18228912725499757,0.9649943539280529,0.3066512879658996
0.23350559,0.18232801975067817,0.9649943539280529,0.3067063166527269
0.23359543,0.18237248864363892,0.9649943539280529,0.30676923076896334
0.23367679,0.18242254208343497,0.9649943539280529,0.3068400400089655
0.23367776,0.1824614915357633,0.9649943539280529,0.30689513646597505
0.23368923,0.1824670571010249,0.9649943539280529,0.30690300900365736
0.23369044,0.1824726230058262,0.9649943539280529,0.30691088194524585
0.23371942,0.18248932275777913,0.9649943539280529,0.30693450319376
0.23375082,0.1825115938491579,0.9649943539280529,0.3069660038483534
0.23379512,0.1825617236854152,0.9649943539280529,0.3070369039672939
0.23379986,0.18261188106722023,0.9649943539280529,0.30710783684548537
0.23383656,0.18266206601728296,0.9649943539280529,0.3071788025056376
0.2338408,0.18271227855833844,0.9649943539280529,0.3072498009704814
0.23386583,0.18275135184676014,0.9649943539280529,0.3073050446930436
0.2339081,0.1828016134946828,0.9649943539280529,0.3073761015335297
0.23400585,0.18280719982886653,0.9649943539280529,0.30738399876649647
0.23406477,0.1828127865044924,0.9649943539280529,0.3073918964052716
0.23408669,0.18281837352159164,0.9649943539280529,0.3073997944498863
0.23409571,0.18285749220517208,0.9649943539280529,0.30745509212832667
0.23412016,0.18286308195518602,0.9649943539280529,0.30746299342078476
0.23412608,0.18290781226112215,0.9649943539280529,0.30752621838344585
0.2341473,0.18291340508806261,0.9649943539280529,0.3075341233321229
0.23421013,0.18291899825704064,0.9649943539280529,0.30754202868720315
0.23423612,0.18295256445545463,0.9649943539280529,0.30758946935390724
0.23429143,0.18299733855425374,0.9649943539280529,0.30765274634822
0.23431693,0.18300293685756241,0.9649943539280529,0.307660657803111
0.23444422,0.18304213457360546,0.9649943539280529,0.307716049382448
0.23444445,0.18304773561811505,0.9649943539280529,0.30772396409345854
0.23445544,0.18305333700541632,0.9649943539280529,0.30773187921162554
0.23449944,0.18305893873554074,0.9649943539280529,0.3077397947369802
0.23451824,0.1831093697388962,0.9649943539280529,0.3078110527938041
0.23452231,0.1831149748989837,0.9649943539280529,0.3078189723927645
0.23455301,0.18317104537938636,0.9649943539280529,0.3078981908019039
0.2345553,0.1832327625815542,0.9649943539280529,0.3079853781596452
0.23458055,0.18323837529865833,0.9649943539280529,0.3079933067316149
0.23458382,0.18326082960602905,0.9649943539280529,0.308025025102072
0.23459089,0.1832664440427683,0.9649943539280529,0.30803295571548867
0.23459937,0.18330575473432617,0.9649943539280529,0.3080884814459244
0.23461267,0.1833507018941948,0.9649943539280529,0.3081519639404915
0.2346378,0.18335632183908046,0.9649943539280529,0.3081599010918396
0.2347172,0.18340691685062546,0.9649943539280529,0.3082313538577761
0.23487222,0.18338187950329604,0.9648330375867076,0.3081877673001902
0.23488964,0.18341562145419976,0.9648330375867076,0.3082354153780041
0.23490316,0.18345500276056684,0.9648330375867076,0.3082910234269628
0.23490337,0.18349440098174566,0.9648330375867076,0.30834665154378466
0.2349092,0.18351692184959037,0.9648330375867076,0.30837844805335346
0.23495011,0.18352255293034672,0.9648330375867076,0.30838639820540825
0.2349768,0.18356761402001104,0.9648330375867076,0.308450014181934
0.23501946,0.18360142436149313,0.9648330375867076,0.30849774339109176
0.23504718,0.18360706062931695,0.9648330375867076,0.3085056996954037
0.23510976,0.1835819979124455,0.9646717212453622,0.3084620741234772
0.23511168,0.18355693365670955,0.9645104049040167,0.30841844630118603
0.23513404,0.18356256907773547,0.9645104049040167,0.30842640117586817
0.23514532,0.18359075137409034,0.9645104049040167,0.3084661817053496
0.23516726,0.1836358610522436,0.9645104049040167,0.3085298519012742
0.23516895,0.18368663594470047,0.9645104049040167,0.30860151229682276
0.23525086,0.18373743892320457,0.9645104049040167,0.3086732059883734
0.23529337,0.18377132319041034,0.9645104049040167,0.30872102029198084
0.23531766,0.1837769717833651,0.9645104049040167,0.3087289907827843
0.23532812,0.183782620723573,0.9645104049040167,0.3087369616851592
0.2353885,0.1838165216589295,0.9645104049040167,0.30878479574419215
0.23538888,0.18384478199372734,0.9645104049040167,0.3088246687841117
0.23541181,0.1838504351034716,0.9645104049040167,0.3088326446278302
0.23543301,0.18385608856088562,0.9645104049040167,0.30884062088353487
0.23543523,0.18386174236600142,0.9645104049040167,0.30884859755125743
0.23548667,0.1838673965188511,0.9645104049040167,0.30885657463102995
0.23555127,0.18389567250023067,0.9645104049040167,0.30889646621175826
0.23557825,0.18392961515981174,0.9645104049040167,0.3089443497129537
0.23559462,0.18393527348797145,0.9645104049040167,0.30895233173981623
0.2356205,0.1839805526493938,0.9645104049040167,0.30901620280615
0.2356503,0.18402019020651872,0.9645104049040167,0.3090721116564897
0.23570974,0.1840258541089566,0.9645104049040167,0.30908010028663413
0.23575918,0.18405984484669374,0.9645104049040167,0.3091280407411418
0.23576003,0.184099516580965,0.9645104049040167,0.3091839900710929
0.23580101,0.18413353453851128,0.9645104049040167,0.3092319627615616
0.2358011,0.18410840776101017,0.9643490885626714,0.3091882386405025
0.23580533,0.1841310909874946,0.9643490885626714,0.3092202250094294
0.23580654,0.18415945288191984,0.9643490885626714,0.3092602172785719
0.23585358,0.18421620289051185,0.9643490885626714,0.3093402328587216
0.23585528,0.18419106317411402,0.964187772221326,0.30929648891276845
0.23585601,0.18419673949890597,0.964187772221326,0.3093044918233696
0.23586515,0.18422512637159413,0.964187772221326,0.3093445125893329
0.23594475,0.18423080479610393,0.964187772221326,0.3093525179853421
0.2359653,0.18426488269568703,0.964187772221326,0.30940055906381586
0.2359823,0.18423973362930077,0.9640264558799806,0.3093568008279951
0.23600683,0.1842145830121782,0.9638651395386353,0.3093130403269035
0.23604862,0.18418943084417586,0.9637038231972899,0.3092692775603652
0.23605792,0.18419510991890975,0.9637038231972899,0.3092772830811139
0.23610657,0.18420078934385792,0.9637038231972899,0.3092852890163234
0.23612256,0.18420646911905275,0.9637038231972899,0.3092932953660261
0.23615342,0.18427465375242913,0.9637038231972899,0.30938940390464525
0.23616976,0.18424949102350546,0.9635425068559446,0.3093456249835459
0.23621204,0.18425517475398712,0.9635425068559446,0.3093536357983631
0.23623632,0.1843063441125648,0.9635425068559446,0.3094257518063976
0.23623994,0.18435754189944134,0.9635425068559446,0.3094979014454011
0.23627843,0.18441446169995987,0.9635425068559446,0.3095781071833107
0.23628342,0.1843892799802396,0.9633811905145991,0.30953429911601293
0.23633792,0.18439497329175286,0.9633811905145991,0.30954232104881546
0.23635507,0.18443483631871527,0.9633811905145991,0.309598486222805
0.23648678,0.18447471658480832,0.9633811905145991,0.30965467178237044
0.23651558,0.18452031515526032,0.9633811905145991,0.3097189088266154
0.2365158,0.1845887552931722,0.9633811905145991,0.30981531438030696
0.2365785,0.18461157995610375,0.9633811905145991,0.30984746290312326
0.23657887,0.18466295609152752,0.9633811905145991,0.3099198214792703
0.23659974,0.18472578799220515,0.9633811905145991,0.3100083056475705
0.2366805,0.18473150210343975,0.9633811905145991,0.310016352168339
0.23668744,0.18473721656819378,0.9633811905145991,0.31002439910682644
0.23673569,0.18478294501686315,0.9633811905145991,0.31008878965651376
0.2367474,0.18480009902215622,0.9633811905145991,0.3101129430089471
0.23674834,0.18486302429964402,0.9633811905145991,0.310201537502327
0.23678629,0.1849088150602223,0.9633811905145991,0.3102660016622401
0.2368909,0.18497754375096795,0.9633811905145991,0.3103627481548072
0.23695971,0.1849832734481477,0.9633811905145991,0.31037081308602754
0.23698887,0.1850233912693249,0.9633811905145991,0.3104272793426967
0.23699005,0.18502912380716321,0.9633811905145991,0.31043534762805974
0.23704834,0.1850038729666925,0.9632198741732537,0.31039143317538076
0.23708844,0.1850497412216816,0.9632198741732537,0.3104559871052254
0.23714414,0.18505547635281722,0.9632198741732537,0.31046405823448847
0.23717576,0.18507268387936646,0.9632198741732537,0.3104882741404399
0.23718792,0.1850784204327072,0.9632198741732537,0.31049634694858685
0.2373355,0.1850841573416819,0.9632198741732537,0.3105044201765367
0.23734398,0.18512432566503378,0.9632198741732537,0.31056094452941513
0.23735796,0.1851759962784928,0.9632198741732537,0.3106336489436479
0.23736726,0.1851817392383079,0.9632198741732537,0.3106417293132587
0.23736854,0.18522194993330646,0.9632198741732537,0.31069830367336876
0.23742011,0.1852276957438888,0.9632198741732537,0.31070638740704043
0.23743774,0.18527367506516074,0.9632198741732537,0.31077107242276525
0.23744181,0.18527942408539425,0.9632198741732537,0.31077915994351746
0.23744562,0.18528517346242165,0.9632198741732537,0.31078724788522066
0.23748103,0.18533118132720838,0.9632198741732537,0.31085196657702585
0.23773327,0.18535994784714246,0.9632198741732537,0.3108924294488598
0.23775029,0.18537145695569837,0.9632198741732537,0.31090861754724297
0.2377746,0.18537721204594845,0.9632198741732537,0.310916712228634
0.23790807,0.1853829674935577,0.9632198741732537,0.31092480733153516
0.23793079,0.18544054163172768,0.9632198741732537,0.3110057815508517
0.23794416,0.1854808648111332,0.9632198741732537,0.3110624886038291
0.23802753,0.18548662669690286,0.9632198741732537,0.3110705912995468
0.2380338,0.18553273467358544,0.9632198741732537,0.3111354280649681
0.2380503,0.18557309796121332,0.9632198741732537,0.31119218241015256
0.23809965,0.18557886557886558,0.9632198741732537,0.3112002918640122
0.23810741,0.185619248943049,0.9632198741732537,0.3112570698774886
0.23813447,0.18562501942985046,0.9632198741732537,0.31126518271359027
0.23816082,0.18568851847244683,0.9632198741732537,0.3113544518313025
0.2381853,0.18573472688814235,0.9632198741732537,0.31141940699375714
0.23823167,0.1857809583074051,0.9632198741732537,0.3114843892639246
0.23823509,0.1858098646335771,0.9632198741732537,0.3115250169559557
0.23824006,0.1858272127474169,0.9632198741732537,0.3115493986587776
0.23825733,0.18585613347028979,0.9632198741732537,0.3115900433123625
0.23829117,0.1858619186951379,0.9632198741732537,0.31159817351571056
0.23833543,0.18586770428015564,0.9632198741732537,0.3116063041433464
0.23837975,0.18587349022537666,0.9632198741732537,0.3116144351953033
0.2384019,0.1858792765308346,0.9632198741732537,0.31162256667161436
0.23843677,0.18588506319656312,0.9632198741732537,0.31163069857231307
0.23849545,0.18585971794153358,0.9630585578319084,0.3115866388306265
0.2385566,0.18586550435865504,0.9630585578319084,0.3115947702181583
0.23856474,0.18587129113608766,0.9630585578319084,0.31160290203010615
0.23858877,0.18590601936910287,0.9630585578319084,0.3116517018163919
0.23859666,0.1859118086696562,0.9630585578319084,0.31165983660018287
0.23861322,0.18593496947801172,0.9630585578319084,0.3116923799824995
0.23862967,0.18598130841121496,0.9630585578319084,0.3117574871403851
0.23864634,0.185987102401944,0.9630585578319084,0.3117656274476372
0.23867127,0.18599289675369182,0.9630585578319084,0.31177376818000385
0.23870187,0.1859986914664922,0.9630585578319084,0.3117819093375185
0.23872638,0.18603346732728804,0.9630585578319084,0.3118307652125779
0.23876564,0.186062457146419,0.9630585578319084,0.31187149013946996
0.2387669,0.18606825619448342,0.9630585578319084,0.31187963640135846
0.23876946,0.1860740556040394,0.9630585578319084,0.31188778308882814
0.23878612,0.18610885965459192,0.9630585578319084,0.31193667215271853
0.23881522,0.1861378729772706,0.9630585578319084,0.3119774247488924
0.23881637,0.18617270090747498,0.9630585578319084,0.3120263419220616
0.23883197,0.18617850682966383,0.9630585578319084,0.31203449627569874
0.23883942,0.18620173414010355,0.9630585578319084,0.31206711795273545
0.23892364,0.18620754187330402,0.9630585578319084,0.3120752744377838
0.23898365,0.18625401678470033,0.9630585578319084,0.31214054167075217
0.23907466,0.1863005149009206,0.9630585578319084,0.31220583620932985
0.23907706,0.18634703623934826,0.9630585578319084,0.31227115807065625
0.23908475,0.18635285304032964,0.9630585578319084,0.312279325225307
0.23908961,0.18635867020446387,0.9630585578319084,0.31228749280717716
0.23911554,0.186364487731785,0.9630585578319084,0.3122956608163004
0.23913729,0.18637030562232698,0.9630585578319084,0.31230382925271005
0.23915733,0.18637612387612387,0.9630585578319084,0.3123119981164398
0.239169,0.18639940052454101,0.9630585578319084,0.31234467784523007
0.23925005,0.18644597126795753,0.9630585578319084,0.31241005782437037
0.23929526,0.1864867397619717,0.9630585578319084,0.3124672877627346
0.23933567,0.186492565288017,0.9630585578319084,0.31247546517991187
0.23936883,0.18652752608885834,0.9630585578319084,0.31252453867267665
0.23937222,0.18656833026032063,0.9630585578319084,0.31258181056572626
0.23959127,0.1866033194761354,0.9630585578319084,0.3126309174693552
0.23966871,0.186609152288072,0.9630585578319084,0.31263910345342133
0.23980327,0.18661498546466193,0.9630585578319084,0.31264728986618523
0.23988084,0.18664415681860813,0.9630585578319084,0.3126882283616502
0.23989402,0.1866850120391507,0.9630585578319084,0.3127455602700407
0.2398978,0.18672004503800083,0.9630585578319084,0.3127947186416644
0.23991708,0.1867258851495058,0.9630585578319084,0.3128029132060888
0.23992151,0.1867550911877874,0.9630585578319084,0.31284389246946537
0.23996747,0.18676093349183506,0.9630585578319084,0.31285208961062794
0.2399929,0.18676677616142656,0.9630585578319084,0.312860287181365
0.24002652,0.1867901504959169,0.9630585578319084,0.31289308176073416
0.2400657,0.18679599499374216,0.9630585578319084,0.3129012814798505
0.24008086,0.1868018398573172,0.9630585578319084,0.312909481628744
0.24011518,0.18680768508667625,0.9630585578319084,0.3129176822074486
0.24012667,0.1868369167214346,0.9630585578319084,0.31295869154931893
0.24013975,0.18684276414621934,0.9630585578319084,0.31296689470759914
0.24014606,0.1868778563826457,0.9630585578319084,0.3130161226894643
0.24024446,0.186883706370324,0.9630585578319084,0.3130243288587882
0.24028206,0.18685825194089656,0.962897241490563,0.3129801011978506
0.24031356,0.1868641016811195,0.962897241490563,0.31298830685306533
0.24033071,0.18683864504414252,0.9627359251492176,0.3129440759285183
0.24041127,0.18689715645747212,0.9627359251492176,0.31302614670450857
0.24041769,0.18696741854636592,0.9627359251492176,0.313124688475291
0.24043131,0.1869419468028447,0.9625746088078723,0.3130804344401495
0.240436,0.18694780374710196,0.9625746088078723,0.3130886481094949
0.24047647,0.18695366105837014,0.9625746088078723,0.3130968622098231
0.24055997,0.18699467251645252,0.9625746088078723,0.31315437298248755
0.240577,0.1870005327650506,0.9625746088078723,0.3131625905318992
0.24059929,0.18700639338097028,0.9625746088078723,0.31317080851259915
0.24064277,0.1870122543642461,0.9625746088078723,0.31317902692462124
0.24066095,0.18708261482991065,0.9625746088078723,0.31327768152437707
0.24072321,0.18708848059196087,0.9625746088078723,0.31328590554667834
0.24073248,0.18706299187909572,0.9624132924665268,0.31324162553789825
0.24076088,0.18709232313095836,0.9624132924665268,0.3132827473938514
0.24077034,0.1870981904851507,0.9624132924665268,0.31329097306069476
0.24080335,0.18710405820736373,0.9624132924665268,0.31329919915950166
0.24083392,0.1871275327771156,0.9624132924665268,0.3133321078750458
0.2408544,0.18713340233995168,0.9624132924665268,0.31334033613418116
0.24091266,0.18713927227101632,0.9624132924665268,0.3133485648254844
0.24096726,0.18714514257034412,0.9624132924665268,0.3133567939489894
0.24101329,0.18715101323796976,0.9624132924665268,0.3133650235047304
0.24102724,0.1871568842739279,0.9624132924665268,0.31337325349274137
0.24102998,0.18718624497991967,0.9624132924665268,0.3134144099180379
0.24104945,0.18720974017823522,0.9624132924665268,0.3134473428426096
0.24107075,0.18721561489942573,0.9624132924665268,0.3134555771551942
0.24109845,0.18727438239633362,0.9624132924665268,0.3135379440821322
0.2411002,0.18732730469731224,0.9624132924665268,0.3136121113357064
0.24111104,0.187301786667504,0.9622519761251814,0.3135677863636025
0.24126032,0.18730766815298625,0.9622519761251814,0.31357602838716314
0.24126637,0.1873311977890836,0.9622519761251814,0.31360900081463744
0.24128914,0.18733708112182407,0.9622519761251814,0.3136172450049848
0.24129869,0.18738416109069206,0.9622519761251814,0.313683214135192
0.24133661,0.18740770995004555,0.9622519761251814,0.3137162091088046
0.24136198,0.18744893469926466,0.9622519761251814,0.31377396701795385
0.2413854,0.18746660800150852,0.9622519761251814,0.313798726918555
0.24145004,0.1875078586696844,0.9622519761251814,0.3138565152190056
0.24149095,0.1875609219256045,0.9622519761251814,0.3139308457446877
0.24151939,0.18756681969687442,0.9622519761251814,0.31393910686533577
0.24155238,0.18762581781580273,0.9622519761251814,0.3140217419912512
0.24155527,0.18760026422572426,0.9620906597838361,0.31397736246353314
0.2416291,0.18762977411439,0.9620906597838361,0.3140186915885119
0.24167982,0.18763567720622934,0.9620906597838361,0.3140269587191876
0.24171682,0.18767110355895403,0.9620906597838361,0.31407657064589034
0.24173765,0.18767700925168354,0.9620906597838361,0.3140848408244365
0.24175593,0.18768291531610914,0.9620906597838361,0.3140931114385303
0.24180286,0.18772426817752597,0.9620906597838361,0.3141510179354111
0.2418077,0.18775381709428615,0.9620906597838361,0.31419239279289923
0.24182016,0.18780702859302179,0.9620906597838361,0.3142668950069721
0.2418326,0.18781294284364666,0.9620906597838361,0.3142751752118256
0.24186344,0.18784251968503937,0.9620906597838361,0.3143165827818816
0.24186395,0.18790170132325143,0.9620906597838361,0.3143994306647415
0.24186623,0.1878761145593749,0.9619293434424907,0.31435500026331453
0.2418837,0.18785052618312434,0.9617680271011454,0.3143105675195621
0.24191116,0.187897888433659,0.9617680271011454,0.31437686203141735
0.24191168,0.18790381039427653,0.9617680271011454,0.31438515081179147
0.24192098,0.18787821482602118,0.9616067107598,0.31434070714766865
0.24194266,0.18785261764427774,0.9614453944184546,0.3142962611398415
0.24195364,0.18787630425873972,0.9614453944184546,0.3143294130053696
0.24196826,0.18792962098757646,0.9614453944184546,0.3144040302795777
0.24207239,0.1879355469365875,0.9614453944184546,0.31441232327467894
0.24222076,0.1879770390462373,0.9614453944184546,0.31447038649227355
0.24222219,0.1880007570500284,0.9614453944184546,0.3145035751032857
0.24224631,0.18800668748619917,0.9614453944184546,0.3145118733506499
0.24227245,0.18801261829652996,0.9614453944184546,0.31452017203592786
0.24229255,0.18806007825318694,0.9614453944184546,0.31458657728720885
0.24235056,0.18812537483033995,0.9614453944184546,0.3146779303059565
0.24240552,0.18817883303864613,0.9614453944184546,0.3147527131575515
0.24243072,0.188184774715039,0.9614453944184546,0.31476102455742355
0.24245569,0.1882323216372422,0.9614453944184546,0.3148275315617144
0.2425395,0.18823826669193355,0.9614453944184546,0.31483584691343675
0.24254118,0.18829773789965878,0.9614453944184546,0.31491902459617005
0.24257655,0.18835724669742748,0.9614453944184546,0.31500224624057593
0.24259937,0.18836319964602888,0.9614453944184546,0.31501057082425027
0.24266554,0.18833754740834388,0.9612840780771092,0.31496604032848735
0.24269733,0.1884149618996427,0.9612840780771092,0.3150742875268237
0.24271418,0.18845667299177735,0.9612840780771092,0.31513260530393805
0.24272618,0.18848051619433198,0.9612840780771092,0.3151659394417462
0.24273969,0.1884864779376878,0.9612840780771092,0.31517427407810955
0.24282238,0.18854015060431564,0.9612840780771092,0.31524930564712694
0.24285978,0.1885938538468842,0.9612840780771092,0.3153243729492442
0.24286048,0.188599822762375,0.9612840780771092,0.3153327159674464
0.24290046,0.1886535600088644,0.9612840780771092,0.3154078230029544
0.24300246,0.18870135216441306,0.9612840780771092,0.3154746148549324
0.24300402,0.18870732788650327,0.9612840780771092,0.3154829658254927
0.24301057,0.1887133039870792,0.9612840780771092,0.3154913172381839
0.24303338,0.18871928046617684,0.9612840780771092,0.3154996690930413
0.24311964,0.18877906608376102,0.9612840780771092,0.31558321196847977
0.243121,0.18875336607001425,0.9611227617357638,0.31553860819800966
0.24313608,0.18878925187743592,0.9611227617357638,0.31558874940382536
0.24320027,0.188807199898593,0.9611227617357638,0.315613825983039
0.24326895,0.1888431061806656,0.9611227617357638,0.3156639910988274
0.24328373,0.18886705129017942,0.9611227617357638,0.3156974433697083
0.24329059,0.18887303851640513,0.9611227617357638,0.3157058075452956
0.24329282,0.18893293166323133,0.9611227617357638,0.31578947368393595
0.24333926,0.1889389230671656,0.9611227617357638,0.315797842736852
0.24334979,0.1889628924833492,0.9611227617357638,0.31583132338491976
0.2433614,0.18896888578768753,0.9611227617357638,0.3158396946562139
0.24340752,0.1890048535989595,0.9611227617357638,0.3158899316046243
0.24351543,0.18905283198476916,0.9611227617357638,0.31595693906744554
0.24353789,0.18911283923186795,0.9611227617357638,0.3160407383829206
0.24355023,0.18913685279832387,0.9611227617357638,0.31607427055675436
0.2436046,0.18919090562682586,0.9611227617357638,0.3161497439704343
0.24360794,0.18916515829919658,0.9609614453944184,0.3161050676569286
0.24363196,0.189171165449349,0.9609614453944184,0.3161134548539266
0.24365002,0.1891454158595065,0.9608001290530731,0.3160687752066875
0.24369034,0.18918146301178415,0.9608001290530731,0.31611910195821985
0.24371704,0.18922353539204473,0.9608001290530731,0.3161778367615034
0.24375233,0.189253598551047,0.9608001290530731,0.3162198035569324
0.24380326,0.1892596123292024,0.9608001290530731,0.3162281982529305
0.24382551,0.18926562648956116,0.9608001290530731,0.31623659339464905
0.24385265,0.18923986271768145,0.9606388127117277,0.31619189210687454
0.2438876,0.1892458766326628,0.9606388127117277,0.3162002867304635
0.24389912,0.18928196815104414,0.9606388127117277,0.3162506638340319
0.24392985,0.18932409232530042,0.9606388127117277,0.3163094574134768
0.24395777,0.18936021368608497,0.9606388127117277,0.3163598693120207
0.24402264,0.18939634883277146,0.9606388127117277,0.31641029728194375
0.24403995,0.18937056709392194,0.9604774963703823,0.31636556854382686
0.24408528,0.1893765903307888,0.9604774963703823,0.3163739738034922
0.24410069,0.18941876371965768,0.9604774963703823,0.31643282312897647
0.24410614,0.18939297531178417,0.960316180029037,0.31638808429193066
0.24412338,0.1894411914460285,0.960316180029037,0.3164553597530671
0.24417472,0.1894954639503422,0.960316180029037,0.31653107885334303
0.24419084,0.18953769740193582,0.960316180029037,0.3165899965429214
0.24420837,0.18959202522373325,0.960316180029037,0.3166657800944105
0.24426898,0.18961014141928909,0.960316180029037,0.31669104934139236
0.2442735,0.18967055375007966,0.960316180029037,0.316775309298647
0.2443227,0.18972495777161616,0.960316180029037,0.3168511816050044
0.24434727,0.18974914735600676,0.960316180029037,0.31688491429760585
0.24438307,0.18979149397436715,0.960316180029037,0.3169439637958112
0.24444206,0.18983991325977423,0.960316180029037,0.3170114758897049
0.24452306,0.18989441449488023,0.960316180029037,0.3170874613824877
0.2445372,0.18994894703254628,0.960316180029037,0.31716348331041455
0.2445979,0.18998531946128805,0.960316180029037,0.317214184850389
0.2446609,0.19003383770669732,0.960316180029037,0.317281812124974
0.2447649,0.19003990422984837,0.960316180029037,0.3172902675618178
0.24479467,0.19001404673732603,0.9601548636876915,0.317245422807069
0.24480279,0.19008079711302014,0.9601548636876915,0.31733845169518154
0.24487884,0.19011722617944868,0.9601548636876915,0.31738921772488804
0.2449738,0.19013544594939943,0.9601548636876915,0.31741460683117756
0.24499843,0.19017189596779346,0.9601548636876915,0.3174653972315026
0.24499857,0.19022051773729626,0.9601548636876915,0.3175331430550202
0.24502459,0.19024483794668542,0.9601548636876915,0.31756702681044824
0.24507064,0.19021895477065687,0.9599935473463462,0.3175221427806438
0.24509937,0.19024327866756177,0.9599935473463462,0.31755602988232795
0.24513136,0.19024936061381073,0.9599935473463462,0.31756450278795195
0.24518871,0.19028586045916737,0.9599935473463462,0.31761534971818783
0.24519399,0.19034672466734903,0.9599935473463462,0.31770013079544224
0.24524757,0.19040762782363857,0.9599935473463462,0.3177849571460138
0.24527933,0.19041372028285283,0.9599935473463462,0.31779344227249956
0.24532028,0.19041981313195955,0.9599935473463462,0.3178019278521175
0.24535108,0.19047466632525686,0.9599935473463462,0.3178783184656176
0.24538873,0.19051125268111535,0.9599935473463462,0.3179292659469402
0.24539988,0.19051735177359458,0.9599935473463462,0.31793775878161223
0.2454043,0.19052345125660317,0.9599935473463462,0.3179462520700341
0.24544002,0.19052955113017866,0.9599935473463462,0.317954745812242
0.24544968,0.1905036339768834,0.9598322310050008,0.31790980978813993
0.24545151,0.19054023761488456,0.9598322310050008,0.31796077593089445
0.24547537,0.19057685532173857,0.9598322310050008,0.31801175841768187
0.24548809,0.1906440243511695,0.9598322310050008,0.31810526878530987
0.24551962,0.19065013297446248,0.9598322310050008,0.31811377245481326
0.24554187,0.19065624198923353,0.9598322310050008,0.31812227657897335
0.24555641,0.19066235139552024,0.9598322310050008,0.31813078115782645
0.24557298,0.19069901605717765,0.9598322310050008,0.3181818181815416
0.2455772,0.19074180932230558,0.9598322310050008,0.3182413820765827
0.24559473,0.1907479242137659,0.9598322310050008,0.3182498930249694
0.24567278,0.19081521390545828,0.9598322310050008,0.31834354351113286
0.24575214,0.19084581582576898,0.9598322310050008,0.3183861301367096
0.24577427,0.19085193738773415,0.9598322310050008,0.31839464882915475
0.24585828,0.19091317461336071,0.9598322310050008,0.318479860832053
0.24586883,0.1909193004973528,0.9598322310050008,0.31848838454099293
0.24589357,0.19096832172545494,0.9598322310050008,0.31855659064111946
0.24593255,0.19097445114905637,0.9598322310050008,0.31856511845776087
0.24595304,0.1909484833895041,0.9596709146636554,0.3185201049416303
0.24602488,0.190922513962894,0.9595095983223101,0.31847508901533095
0.24609913,0.19095929112623602,0.9595095983223101,0.3185262537818207
0.2461156,0.191020617894534,0.9595095983223101,0.31861156493530973
0.2461524,0.19102675273790024,0.9595095983223101,0.31862009856411133
0.246192,0.19108812285154367,0.9595095983223101,0.3187054600007946
0.2462511,0.19106213454989399,0.9593482819809647,0.3186604152709889
0.24627982,0.19111739563582608,0.9593482819809647,0.3187372708754867
0.24631141,0.19119112682848416,0.9593482819809647,0.318839802701846
0.24632692,0.19123416296867965,0.9593482819809647,0.3188996434026775
0.24632697,0.19127721848766524,0.9593482819809647,0.31895950656984884
0.24636124,0.1913264485410031,0.9593482819809647,0.3190279491440819
0.2463786,0.19136954563006822,0.9593482819809647,0.3190878604960339
0.24641763,0.19137570394207562,0.9593482819809647,0.3190964210975389
0.24642736,0.19138186265044732,0.9593482819809647,0.3191049821583898
0.24649669,0.19135583947478518,0.9591869656396192,0.31905988409502206
0.24655773,0.19136199794026776,0.9591869656396192,0.3190684446349618
0.2465844,0.19141127993819212,0.9591869656396192,0.31913694549525434
0.24662054,0.1914482580977526,0.9591869656396192,0.31918834044581323
0.24663469,0.19147908414645928,0.9591869656396192,0.3192311822181269
0.24673802,0.19148525054746876,0.9591869656396192,0.3192397519526903
0.2468243,0.19152842647769366,0.9591869656396192,0.3192997529800683
0.2468668,0.191502383713439,0.9590256492982739,0.3192546250299295
0.24687666,0.19150855265277197,0.9590256492982739,0.31926319746494997
0.24688317,0.19151472198956254,0.9590256492982739,0.31927177036034654
0.24693479,0.1915208917238491,0.9590256492982739,0.31928034371615643
0.24698679,0.19155791847913645,0.9590256492982739,0.31933179352177216
0.24706507,0.19156409099697105,0.9590256492982739,0.31934037010151384
0.24706645,0.19157026391260915,0.9590256492982739,0.31934894714196566
0.2471155,0.19165672652245397,0.9590256492982739,0.31946907410365055
0.24712373,0.19166290540976208,0.9590256492982739,0.31947765805921124
0.2471404,0.1917061687788204,0.9590256492982739,0.3195377586667472
0.24718626,0.19168010319251855,0.9588643329569285,0.3194925958770638
0.24721666,0.19168628462704376,0.9588643329569285,0.3195011825411112
0.24727309,0.1917357504596626,0.9588643329569285,0.31956989247284057
0.24729533,0.19178524182880005,0.9588643329569285,0.3196386319635854
0.24733159,0.1918223771258915,0.9588643329569285,0.31969020599122433
0.24734224,0.1918285677402698,0.9588643329569285,0.31969880328061495
0.2474417,0.19185952680675253,0.9588643329569285,0.3197417966645957
0.24749431,0.19186571981923822,0.9588643329569285,0.31975039672905853
0.24752744,0.19190288629172855,0.9588643329569285,0.31980200683263843
0.24755552,0.1919090821037678,0.9588643329569285,0.3198106101363841
0.24758223,0.19194006716610695,0.9588643329569285,0.3198536335994207
0.24763796,0.19198966408268733,0.9588643329569285,0.31992249522295185
0.24767987,0.19199586549953163,0.9588643329569285,0.31993110501075595
0.24770877,0.19205169628432955,0.9588643329569285,0.3200086139597208
0.24775144,0.1921386087406258,0.9588643329569285,0.3201292581120148
0.24776329,0.19214481978341685,0.9588643329569285,0.32013787903241425
0.24776964,0.19215103122777527,0.9588643329569285,0.32014650041714027
0.24778259,0.19218830832902226,0.9588643329569285,0.32019823847845696
0.24780999,0.19219452258544314,0.9588643329569285,0.32020686311452
0.24782759,0.1922442511077331,0.9588643329569285,0.3202758769327462
0.24788179,0.19225046898246975,0.9588643329569285,0.320284505751803
0.24793608,0.19225668725943657,0.9588643329569285,0.32029313503582474
0.2479549,0.19226290593867254,0.9588643329569285,0.32030176478484906
0.24797127,0.19232511486442763,0.9588643329569285,0.3203880878585008
0.24798974,0.19237491099747556,0.9588643329569285,0.3204571798255835
0.24806371,0.1923811373272486,0.9588643329569285,0.32046581841680155
0.24809858,0.1923873640600725,0.9588643329569285,0.32047445747377473
0.24813084,0.1924060466772408,0.9588643329569285,0.3205003774396008
0.24813445,0.19246211630617796,0.9588643329569285,0.3205781625000586
0.24816816,0.19251821862348178,0.9588643329569285,0.3206559853263655
0.24823487,0.1925431634867675,0.9588643329569285,0.3206905853787341
0.2482631,0.19254940071266602,0.9588643329569285,0.32069923655857113
0.248265,0.1925556383426739,0.9588643329569285,0.32070788820518165
0.24837156,0.19261179520414776,0.9588643329569285,0.320785774035718
0.2483956,0.19264300761626965,0.9588643329569285,0.3208290602901084
0.24842598,0.19266173991961624,0.9588643329569285,0.320855037650527
0.2484369,0.19266798483031344,0.9588643329569285,0.32086369770552436
0.24851088,0.1926742301458671,0.9588643329569285,0.3208723582280136
0.2485226,0.19268672199170125,0.9588643329569285,0.3208896806756195
0.24852766,0.1926929685220605,0.9588643329569285,0.32089834260081185
0.24865526,0.19266679634312392,0.9587030166155831,0.32085301660115195
0.24867436,0.1927105288757742,0.9587030166155831,0.3209136562446589
0.24873099,0.1927167780011674,0.9587030166155831,0.3209223209220422
0.2487355,0.1927605332295417,0.9587030166155831,0.320982986767207
0.24875371,0.19276678559844307,0.9587030166155831,0.3209916551888973
0.24876909,0.19280430833117052,0.9587030166155831,0.32104367555275576
0.24877094,0.19286687869150387,0.9587030166155831,0.32113041363817246
0.24877885,0.19287313796125014,0.9587030166155831,0.3211390900245779
0.24886003,0.19287939763728418,0.9587030166155831,0.32114776687983787
0.2488712,0.19292948967666537,0.9587030166155831,0.3212171986052395
0.24887303,0.1929482808999708,0.9587030166155831,0.32124324324296427
0.24887805,0.19301721338096783,0.9587030166155831,0.32133877639270264
0.24890453,0.19302348241254993,0.9587030166155831,0.32134746404211306
0.24892215,0.1929972716642848,0.9585417002742378,0.3213020791085971
0.24893153,0.193003540455387,0.9585417002742378,0.32131076623559396
0.24897484,0.19303489052043402,0.9585417002742378,0.321354208917814
0.24899831,0.19304116175562847,0.9585417002742378,0.32136289886397185
0.24907415,0.19309762121409074,0.9585417002742378,0.3214411295336799
0.24908912,0.19310389652594975,0.9585417002742378,0.3214498241814898
0.24909657,0.19315411370802588,0.9585417002742378,0.32151939830067855
0.24909832,0.19319179373801085,0.9585417002742378,0.3215715986575842
0.24911386,0.19323577235772357,0.9585417002742378,0.32163252050095215
0.24912263,0.1932860581614729,0.9585417002742378,0.32170217373621945
0.24915648,0.19333007971368146,0.9585417002742378,0.3217631450693042
0.24917245,0.19338041461906466,0.9585417002742378,0.3218328548987077
0.24917364,0.1933541625984508,0.9583803839328924,0.32178740690561086
0.24918744,0.19338563197812572,0.9583803839328924,0.32183098591521353
0.24919519,0.19342340875793587,0.9583803839328924,0.3218832963100635
0.24923049,0.1934297063228495,0.9583803839328924,0.3218920163625196
0.24925159,0.19346750032564805,0.9583803839328924,0.32194434660063626
0.2492683,0.19352421902993583,0.9583803839328924,0.32202287386822276
0.24932009,0.19358727882954804,0.9583803839328924,0.32211017132915
0.24941483,0.19361882414287576,0.9583803839328924,0.3221538378111782
0.24943013,0.19362513443926604,0.9583803839328924,0.32216257252832503
0.24945611,0.1936756316218419,0.9583803839328924,0.32223246732086797
0.24947093,0.19373247244505315,0.9583803839328924,0.32231113522283156
0.24947883,0.19373879015163867,0.9583803839328924,0.3223198784719424
0.24950038,0.19371249673884686,0.9582190675915471,0.322274367251436
0.24953143,0.19374408819596203,0.9582190675915471,0.32231808562563585
0.24957184,0.19378201154862493,0.9582190675915471,0.3223705633341389
0.24967772,0.19378833355082867,0.9582190675915471,0.3223793112802824
0.24969187,0.19383892442239917,0.9582190675915471,0.3224493119450014
0.2497962,0.19388954171562867,0.9582190675915471,0.32251934301587315
0.24989565,0.19389587073608616,0.9582190675915471,0.32252809903865143
0.24994354,0.19393385353749715,0.9582190675915471,0.3225806451610103
0.2500031,0.19398452042715783,0.9582190675915471,0.3226507332968411
0.25000384,0.19404155233241865,0.9582190675915471,0.32272961886364643
0.25000668,0.1940795922368163,0.9582190675915471,0.32278223067489986
0.25004944,0.1941239909800974,0.9582190675915471,0.32284363280585054
0.25005758,0.19413033531603371,0.9582190675915471,0.32285240644589747
0.2501015,0.1941366800666732,0.9582190675915471,0.3228611805628245
0.25013754,0.19414302523205648,0.9582190675915471,0.3228699551566705
0.25016478,0.19414937081222422,0.9582190675915471,0.32287873022747426
0.2502003,0.1941557168072171,0.9582190675915471,0.3228875057752749
0.25022176,0.1941620632170758,0.9582190675915471,0.32289628180011115
0.2502351,0.19421284943599804,0.9582190675915471,0.32296650717675324
0.2503105,0.1942191995814805,0.9582190675915471,0.32297528749666127
0.2503204,0.19427636958299263,0.9582190675915471,0.3230543318646242
0.2503387,0.19428272388303788,0.9582190675915471,0.3230631169605333
0.25034067,0.19433993129396368,0.9582190675915471,0.32314220433004276
0.25036347,0.1943908106162254,0.9582190675915471,0.3232125367284169
0.25039878,0.1944353518821604,0.9582190675915471,0.32327410269639156
0.2504224,0.19449264922563111,0.9582190675915471,0.32335329341289315
0.25048175,0.19452449567723343,0.9582190675915471,0.32339730502217756
0.25051638,0.19449811691501556,0.9580577512502017,0.3233516633089153
0.250536,0.1945554609185612,0.9580577512502017,0.3234309053775274
0.25053784,0.19458095799751,0.9580577512502017,0.3234661365428418
0.2505498,0.19463835086684364,0.9580577512502017,0.3235454347349558
0.2505817,0.19464472994231777,0.9580577512502017,0.32355424804526417
0.25060356,0.19465110943594113,0.9580577512502017,0.32356306183573125
0.25060707,0.19465748934775484,0.9580577512502017,0.32357187610639615
0.25065678,0.1946638696778,0.9580577512502017,0.323580690857298
0.250674,0.19468939518111786,0.9580577512502017,0.323615954664061
0.25069532,0.19469577760293733,0.9580577512502017,0.3236247718167369
0.25073242,0.19473408092333924,0.9580577512502017,0.32367768482409176
0.2507449,0.19477239931785387,0.9580577512502017,0.32373061513694623
0.25075898,0.19482351397454403,0.9580577512502017,0.32380121582176197
0.25077197,0.19479710002296363,0.9578964349088562,0.32375552041845307
0.2507725,0.1948034905846073,0.9578964349088562,0.3237643466642048
0.25079992,0.19480988156556545,0.9578964349088562,0.32377317339121314
0.25080192,0.19486741927014964,0.9578964349088562,0.3238526355973302
0.25081968,0.19490579662574672,0.9578964349088562,0.3239056320739042
0.25087333,0.19494418910045963,0.9578964349088562,0.3239586458984069
0.2509273,0.19497619438515842,0.9578964349088562,0.3240028373435286
0.25093946,0.19498259670322454,0.9578964349088562,0.3240116770793577
0.25095308,0.19502742470522547,0.9578964349088562,0.32407356873846255
0.25098267,0.19503383038822833,0.9578964349088562,0.3240824123342802
0.25100425,0.19505945732869062,0.9578964349088562,0.3241177915447094
0.25100994,0.19509150047639387,0.9578964349088562,0.3241620264218173
0.25101092,0.19509791036929952,0.9578964349088562,0.3241708748461772
0.25103426,0.1951171425754937,0.9578964349088562,0.324197423017845
0.25107792,0.19512355415352262,0.9578964349088562,0.324206273374729
0.2510904,0.19512996615293615,0.9578964349088562,0.324215124214843
0.25112727,0.1951363785737759,0.9578964349088562,0.3242239755382265
0.2511344,0.19518769311682335,0.9578964349088562,0.3242948035277491
0.2511594,0.19523261548578005,0.9578964349088562,0.32435680340825096
0.25118434,0.19526471555409405,0.9578964349088562,0.3244011035534896
0.2512034,0.19528398066234748,0.9578964349088562,0.3244276894495356
0.2512116,0.19530324957242468,0.9578964349088562,0.32445427970356805
0.2512156,0.19527678189652337,0.9577351185675109,0.32440850226735424
0.25121975,0.19528320505229918,0.9577351185675109,0.32441736564546597
0.25135273,0.19528962863063715,0.9577351185675109,0.32442622950791533
0.2513586,0.19529605263157895,0.9577351185675109,0.32443509385474195
0.2513647,0.1953281789768054,0.9577351185675109,0.3244794228559245
0.251383,0.19533460551424622,0.9577351185675109,0.32448829010984886
0.25139475,0.19537960311975516,0.9577351185675109,0.32455037445989454
0.25145328,0.19541818899970376,0.9577351185675109,0.32460360852896947
0.25150543,0.1954246214614878,0.9577351185675109,0.324612482571686
0.25152755,0.1954310543467527,0.9577351185675109,0.3246213570996146
0.25153214,0.1954374876555402,0.9577351185675109,0.32463023211279496
0.25155348,0.1954954065000494,0.9577351185675109,0.3247101290743192
0.25156727,0.19553403813852385,0.9577351185675109,0.32476341556779453
0.25157,0.19554047822936566,0.9577351185675109,0.32477229835041993
0.25158316,0.19559201423206168,0.9577351185675109,0.3248433781082183
0.25163925,0.19564357740723654,0.9577351185675109,0.3249144889858997
0.25168172,0.19566936919122008,0.9577351185675109,0.3249500561010838
0.25172973,0.19572097316542494,0.9577351185675109,0.3250212136969235
0.2517397,0.19577260436589067,0.9577351185675109,0.32509240246378385
0.25174248,0.1958307220371409,0.9577351185675109,0.3251725271111213
0.25178078,0.19590826596271244,0.9577351185675109,0.3252794214329856
0.25178972,0.1958817317845829,0.9575738022261655,0.3252335424482839
0.25182754,0.19593992407988117,0.9575738022261655,0.3253137502052312
0.2518681,0.195913382187892,0.9574124858848201,0.32526785958922827
0.2518869,0.19591984947017463,0.9574124858848201,0.3252767729910585
0.251889,0.19596513240441127,0.9574124858848201,0.3253391804848488
0.25189418,0.1959716031038468,0.9574124858848201,0.32534809779601215
0.25195485,0.19600396301188905,0.9574124858848201,0.32539269168534524
0.25196058,0.19601043627596684,0.9574124858848201,0.32540161193019645
0.2519619,0.1960492848412777,0.9574124858848201,0.32545514367157574
0.252025,0.19605576109936576,0.9574124858848201,0.325464067340893
0.25208825,0.19610110688914587,0.9574124858848201,0.3255265467307401
0.25212187,0.19613350958360873,0.9574124858848201,0.3255711895551087
0.2521543,0.19610694338874385,0.9572511695434748,0.32552526194496983
0.25216928,0.19611342454887964,0.9572511695434748,0.3255341909644159
0.2521702,0.1961588046676143,0.9572511695434748,0.32559670781864775
0.25221476,0.19616528925619836,0.9572511695434748,0.32560564075803755
0.2523533,0.19619123189843285,0.9572511695434748,0.32564137741774485
0.2523916,0.1961977186311787,0.9572511695434748,0.32565031280841045
0.25240666,0.19624313777366229,0.9572511695434748,0.3257128742758655
0.25241914,0.1962496279392797,0.9572511695434748,0.3257218135906716
0.25245908,0.19625611853419764,0.9572511695434748,0.325730753396177
0.2524632,0.19631455321401395,0.9572511695434748,0.32581123373386345
0.2524792,0.19632104810428108,0.9572511695434748,0.3258201784485851
0.2525213,0.19637302270170098,0.9572511695434748,0.3258917538509408
0.2525288,0.19643802966101695,0.9572511695434748,0.32598126733841604
0.25254735,0.196444532724203,0.9572511695434748,0.3259902213917957
0.2526724,0.1964965727341965,0.9572511695434748,0.3260618715311202
0.2527928,0.1965030796741506,0.9572511695434748,0.32607083001318
0.25281796,0.1965095870450707,0.9572511695434748,0.3260797889875182
0.25282738,0.19648297787786462,0.9570898532021294,0.3260337958507958
0.25283277,0.1965220271613117,0.9570898532021294,0.32608755393085037
0.2528685,0.1965285368842956,0.9570898532021294,0.32609651533444306
0.2528711,0.19656760428055528,0.9570898532021294,0.32615029410119606
0.2529291,0.1965409846928633,0.956928536860784,0.32610428520353246
0.25300115,0.19654749676949074,0.956928536860784,0.3261132490376502
0.25301504,0.19655400927766734,0.956928536860784,0.3261222133645706
0.25303268,0.19663219305224078,0.956928536860784,0.3262298237410211
0.25304887,0.19669087171325308,0.956928536860784,0.32631057813932873
0.2530971,0.19666423502884806,0.9567672205194386,0.3262645432788655
0.25313777,0.19667075637497097,0.9567672205194386,0.32627351743837923
0.2531398,0.19667727815360128,0.9567672205194386,0.32628249209158894
0.2531439,0.19673599363120708,0.9567672205194386,0.326363286193521
0.25314915,0.19676862849180546,0.9567672205194386,0.3264081890974303
0.25320274,0.1967751567632129,0.9567672205194386,0.3264171711609718
0.25322235,0.19684046331021207,0.9567672205194386,0.326507018992285
0.25322634,0.19687313284206334,0.9567672205194386,0.32655196145876714
0.25329855,0.19687966804979254,0.9567672205194386,0.3265609514367833
0.25329864,0.19688620369140886,0.9567672205194386,0.32656994190980143
0.2533154,0.19695158398087267,0.9567672205194386,0.3266598738740869
0.253347,0.19695812439810048,0.9567672205194386,0.3266688697948259
0.2534251,0.19693145589798086,0.9566059041780932,0.3266227864831516
0.25349104,0.19695761923741198,0.9566059041780932,0.32665877103560514
0.25356007,0.19701651217648428,0.9566059041780932,0.32673976527604054
0.2535759,0.19702305801049905,0.9566059041780932,0.3267487671154563
0.25358352,0.19702960427949628,0.9566059041780932,0.3267577694508959
0.25361255,0.19708854028183995,0.9566059041780932,0.32683881279768845
0.25361392,0.19706185395685843,0.9564445878367479,0.32679270241938263
0.2536885,0.197088056377356,0.9564445878367479,0.3268287304996891
0.25370386,0.1971208192034045,0.9564445878367479,0.32687377677287865
0.25391567,0.19717981974791313,0.9564445878367479,0.32695489136400463
0.2539455,0.19723885562208915,0.9564445878367479,0.3270360462227232
0.25395322,0.19724541734588644,0.9564445878367479,0.3270450659162039
0.2540352,0.19725197950628784,0.9564445878367479,0.32705408610722675
0.25405878,0.19722527198323186,0.9562832714954025,0.3270079435125144
0.25406897,0.1972580859842939,0.9562832714954025,0.3270530468122182
0.25409788,0.19726465009483876,0.9562832714954025,0.32706206896523365
0.25411138,0.19733031523584435,0.9562832714954025,0.3271523178805111
0.25412378,0.1973960241084213,0.9562832714954025,0.32724261661578036
0.2541432,0.1974025974025974,0.9562832714954025,0.32725164923099515
0.25429082,0.19744204636290968,0.9562832714954025,0.3273058553954593
0.25429523,0.19744862272257935,0.9562832714954025,0.3273148915021181
0.2542955,0.1975275732231515,0.9562832714954025,0.327423363711398
0.25433412,0.1975008330556481,0.9561219551540571,0.32737717142118594
0.2543598,0.1975271612344198,0.9561219551540571,0.32741334069851474
0.2543646,0.19753374437593735,0.9561219551540571,0.32742238426664794
0.25441983,0.1975403279562725,0.9561219551540571,0.32743142833438454
0.2544769,0.1975995999333222,0.9561219551540571,0.32751284743299236
0.25447783,0.19760618790424753,0.9561219551540571,0.3275218964990392
0.25449386,0.19761277631447338,0.9561219551540571,0.32753094606514493
0.2545053,0.19761936516404374,0.9561219551540571,0.32753999613135104
0.2545126,0.19769187151862846,0.9561219551540571,0.3276395798781018
0.2545572,0.19773144286905756,0.9561219551540571,0.32769392381239915
0.2545693,0.19773803963434977,0.9561219551540571,0.3277029828875052
0.25457668,0.19774463683982252,0.9561219551540571,0.32771204246350016
0.25459588,0.19775123448551982,0.9561219551540571,0.32772110254042536
0.25463757,0.1977974303353913,0.9561219551540571,0.32778453710844285
0.25467232,0.19787006743673632,0.9561219551540571,0.32788426963155826
0.25468758,0.19787667345507962,0.9561219551540571,0.3278933392340597
0.2547659,0.19788327991452992,0.9561219551540571,0.3279024093383233
0.25476688,0.1978898868151314,0.9561219551540571,0.3279114799443908
0.25483486,0.19795598009418522,0.9561219551540571,0.3280022136134402
0.25486854,0.1979625918503674,0.9561219551540571,0.32801128974209937
0.25490174,0.1979692040482314,0.9561219551540571,0.32802036637306237
0.25491568,0.1979758166878215,0.9561219551540571,0.328029443506371
0.25494018,0.19803535032911224,0.9561219551540571,0.32811116031858195
0.25494596,0.19808829918786136,0.9561219551540571,0.3281838316719194
0.2549665,0.19809491978609625,0.9561219551540571,0.32819291785458427
0.25497985,0.1981015408268993,0.9561219551540571,0.3282020045403879
0.2551001,0.19813465267099017,0.9561219551540571,0.32824744551795
0.25514317,0.19818765465124055,0.9561219551540571,0.32832017726048274
0.25523302,0.19819428189266008,0.9561219551540571,0.32832927099461917
0.2552605,0.19823405465065722,0.9561219551540571,0.32838384397999143
0.25531632,0.1982406849956519,0.9561219551540571,0.32839294124137
0.2553664,0.19830037806550904,0.9561219551540571,0.32847483928147114
0.255367,0.19830701284796573,0.9561219551540571,0.32848394158532795
0.2554301,0.19836010709504687,0.9561219551540571,0.3285567781809289
0.25543728,0.19838666488151024,0.9561219551540571,0.328593208592924
0.25546134,0.19841322978039636,0.9561219551540571,0.3286296470846312
0.25546476,0.19844644591020189,0.9561219551540571,0.3286752065654559
0.25554806,0.19847967316321746,0.9561219551540571,0.32872077868028426
0.25558758,0.1984863199490975,0.9561219551540571,0.3287298946197929
0.25565913,0.19854616106123543,0.9561219551540571,0.3288119608329792
0.2556732,0.19855281230109545,0.9561219551540571,0.3288210818305058
0.2557297,0.19855946398659965,0.9561219551540571,0.32883020333406565
0.2557325,0.19861934921751953,0.9561219551540571,0.32891231964455425
0.25577477,0.19862600536193029,0.9561219551540571,0.32892144621076425
0.2557785,0.1986326619524783,0.9561219551540571,0.3289305732834712
0.25581324,0.19860580467859776,0.9559606388127118,0.32888420234730237
0.2558241,0.19865906805229636,0.9559606388127118,0.3289572288986576
0.25590456,0.19872568745808183,0.9559606388127118,0.32904855770537034
0.25591317,0.19878568313709705,0.9559606388127118,0.32913079700054804
0.25595906,0.19885906040268456,0.9559606388127118,0.32923136753770205
0.2559657,0.19886573374945468,0.9559606388127118,0.32924051336156834
0.25601608,0.1988724075441305,0.9559606388127118,0.3292496596935782
0.25605848,0.19887908178675706,0.9559606388127118,0.32925880653377415
0.25606576,0.198919136652009,0.9559606388127118,0.3293136982492286
0.256192,0.19889224572004027,0.9557993224713663,0.32926727611186024
0.25619346,0.19893231265108782,0.9557993224713663,0.32932217991800955
0.25619772,0.19900581063379572,0.9557993224713663,0.32942288446541024
0.25626227,0.19903255063992745,0.9557993224713663,0.3294595195726684
0.2562846,0.19905261036081434,0.9557993224713663,0.3294870012509311
0.25628465,0.19905929783302537,0.9557993224713663,0.3294961628292108
0.25632083,0.19913288969550313,0.9557993224713663,0.3295969738266553
0.25635046,0.19913958256310288,0.9557993224713663,0.329606141521744
0.25635776,0.19914627588061307,0.9557993224713663,0.32961530972684316
0.25637695,0.19919314170448815,0.9557993224713663,0.3296795014464094
0.2563855,0.1992333299707455,0.9557993224713663,0.32973454282346654
0.25640392,0.1992668325822291,0.9557993224713663,0.32978042467897867
0.256441,0.19930705059203443,0.9557993224713663,0.32983549976312354
0.25649303,0.19932716568544995,0.9557993224713663,0.3298630442041459
0.256503,0.19933387161889382,0.9557993224713663,0.329872226706838
0.2565402,0.19935399212677904,0.9557993224713663,0.32989977728256514
0.25654912,0.1993606998654105,0.9557993224713663,0.32990896183050034
0.25655565,0.19933375954776406,0.9556380061300209,0.32986246450219225
0.25658458,0.19938072159396877,0.9556380061300209,0.3299267633869773
0.25659743,0.1994008549597765,0.9556380061300209,0.3299543277261262
0.25662845,0.19940756698532383,0.9556380061300209,0.3299635168627215
0.25662893,0.19948814655172414,0.9556380061300209,0.3300738264379368
0.25669333,0.1995150208810454,0.9556380061300209,0.33011061268813185
0.2567441,0.19952174059479302,0.9556380061300209,0.3301198105318958
0.25678915,0.19959568733153638,0.9556380061300209,0.33022102065246367
0.25691572,0.19966295921806537,0.9556380061300209,0.33031308372103324
0.25694653,0.19966968890087297,0.9556380061300209,0.33032229285128095
0.25706768,0.19972354269916726,0.9556380061300209,0.3303959843834285
0.25709036,0.19973027646662173,0.9556380061300209,0.33040519813686225
0.25712502,0.1998111171073934,0.9556380061300209,0.33051580327474384
0.25720423,0.19981785678146186,0.9556380061300209,0.330525023712262
0.25728947,0.19987179054623974,0.9556380061300209,0.33059880573664113
0.2572911,0.19987853431405628,0.9556380061300209,0.33060803080586393
0.25729215,0.19985153693018862,0.9554766897886756,0.330561446589735
0.25729793,0.199892004994769,0.9554766897886756,0.3306168015626499
0.2573175,0.1998987512656092,0.9554766897886756,0.3306260291939419
0.2573368,0.19991899281061193,0.9554766897886756,0.3306537151786341
0.25733992,0.19996623902768398,0.9554766897886756,0.33071833384487964
0.25736699,0.20000675356250422,0.9554766897886756,0.33077374137854265
0.25739434,0.20006079848679323,0.9554766897886756,0.33084764697639296
0.25741112,0.2000743142818538,0.9554766897886756,0.33086612853642844
0.25748926,0.20008107286423674,0.9554766897886756,0.33087537009077
0.25757843,0.20008783190324977,0.9554766897886756,0.33088461216138504
0.25758272,0.20009459139893923,0.9554766897886756,0.33089385474831695
0.25770515,0.20010135135135135,0.9554766897886756,0.33090309785160893
0.25770545,0.20014192065959316,0.9554766897886756,0.3309585673173455
0.25792316,0.2002231086471503,0.9554766897886756,0.33106956205778904
0.25799862,0.20019607180284643,0.9553153734473302,0.3310229178309041
0.25799888,0.20020283975659228,0.9553153734473302,0.33103216970820165
0.25801477,0.20017580039893168,0.9551540571059849,0.3309855218287705
0.25803185,0.20018256812495774,0.9551540571059849,0.33099477317801235
0.2580555,0.20023672641190396,0.9551540571059849,0.3310688025941388
0.25806275,0.20024349825831106,0.9551540571059849,0.33107805859957923
0.25813234,0.20029768952335847,0.9551540571059849,0.3311521252793554
0.25813574,0.20030446549391068,0.9551540571059849,0.33116138594451044
0.2581724,0.20037903143930422,0.9551540571059849,0.33126328745635425
0.25818175,0.20044686685398963,0.9551540571059849,0.33135597962923924
0.25820354,0.20045365292166023,0.9551540571059849,0.3313652516996321
0.258258,0.2005079580088046,0.9551540571059849,0.3314394469475707
0.25826874,0.20048088319956653,0.9549927407646395,0.33139274518556183
0.2582719,0.20050804403048264,0.9549927407646395,0.3314298510802192
0.25835484,0.20056918281609976,0.9549927407646395,0.33151336973231843
0.25838462,0.20057597831611046,0.9549927407646395,0.3315226521809305
0.2583954,0.20060996272450016,0.9549927407646395,0.331569072222402
0.25845236,0.20067116368936647,0.9549927407646395,0.3316526610641387
0.25846115,0.20067796610169492,0.9549927407646395,0.3316619513148759
0.2584804,0.20071198508221733,0.9549927407646395,0.3317084103768071
0.2585204,0.20075282308657466,0.9549927407646395,0.3317641784350413
0.25853634,0.20082773593866612,0.9549927407646395,0.3318664685929242
0.25854462,0.2008345489703837,0.9549927407646395,0.33187577082603864
0.25854614,0.20087543687014353,0.9549927407646395,0.3319315951777335
0.2585762,0.20095726263620625,0.9549927407646395,0.33204330024089285
0.25863466,0.20096408445923009,0.9549927407646395,0.33205261238998673
0.2586681,0.20099820052286693,0.9549927407646395,0.3320991809713272
0.25872463,0.20100502512562815,0.9549927407646395,0.3321084962550772
0.25873375,0.20109378715309623,0.9549927407646395,0.3322296425161277
0.25875434,0.20110061824852232,0.9549927407646395,0.33223896512023343
0.25876534,0.2011074498080647,0.9549927407646395,0.33224828824755187
0.2587671,0.20116211899826703,0.9549927407646395,0.33232289210704385
0.2587938,0.2011894647408666,0.9549927407646395,0.3323602066020031
0.25879976,0.20124417853622056,0.9549927407646395,0.33243486073646
0.2588536,0.20129207752465147,0.9549927407646395,0.3325002106206229
0.25890324,0.20133315195211535,0.9549927407646395,0.3325562452599432
0.25894824,0.20130598918477707,0.954831424423294,0.33250940958344366
0.25901136,0.20131283586150603,0.954831424423294,0.3325187494730418
0.25904623,0.20131968300397945,0.954831424423294,0.33252808988735283
0.2590994,0.20137447691627258,0.954831424423294,0.3326028320968128
0.25922012,0.20134730538922155,0.9546701080819487,0.3325559832539058
0.25924838,0.20135415603416013,0.9546701080819487,0.3325653273388525
0.2592578,0.20138841625263731,0.9546701080819487,0.3326120556411342
0.25933605,0.2014569716775599,0.9546701080819487,0.33270555165115284
0.259354,0.20146382978723404,0.9546701080819487,0.3327149041431878
0.25936222,0.20150498825291974,0.9546701080819487,0.3327710301391633
0.25936538,0.20152557379282163,0.9546701080819487,0.3327991002387112
0.25937343,0.2015804891341372,0.9546701080819487,0.33287397699439664
0.2594766,0.2015873556562319,0.9546701080819487,0.3328833389579751
0.25948843,0.20162169528481874,0.9546701080819487,0.33293015667603615
0.25956503,0.20162856461449355,0.9546701080819487,0.3329395217999933
0.25962567,0.20160136286201022,0.9545087917406033,0.3328926270778296
0.2596517,0.20163571306866587,0.9545087917406033,0.332939455322692
0.25970706,0.2016906977536899,0.9545087917406033,0.33301440792407033
0.25971422,0.20169757294791382,0.9545087917406033,0.3330237793721616
0.2597727,0.20177323103154304,0.9545087917406033,0.33312690012357177
0.2598075,0.20180075713652332,0.9545087917406033,0.33316441441412625
0.25986436,0.20182829075280553,0.9545087917406033,0.33320193715479685
0.2598993,0.20186960526764697,0.9545087917406033,0.33325823711601704
0.26003698,0.20187649266461957,0.9545087917406033,0.33326762229265156
0.2601091,0.20184926131904876,0.9543474753992579,0.33322068266277366
0.26013517,0.20185614849187936,0.9543474753992579,0.3332300673103829
0.26020008,0.20191815420321513,0.9543474753992579,0.33331455293227125
0.26026058,0.20196640721015977,0.9543474753992579,0.3333802935952711
0.26026633,0.2020215817511269,0.9543474753992579,0.33345545754276035
0.26028058,0.20202848068845405,0.9543474753992579,0.333464855419361
0.2603049,0.2020698842094477,0.9543474753992579,0.3335212538051011
0.2603204,0.20207678644623583,0.9543474753992579,0.3335306553908321
0.26038265,0.20204953031596926,0.9541861590579126,0.3334836781865526
0.26049042,0.20205643232902917,0.9541861590579126,0.3334930792430797
0.26054722,0.20207714119777254,0.9541861590579126,0.33352128559317074
0.26055294,0.20208404509736932,0.9541861590579126,0.33353068877018716
0.26057252,0.20209094946872116,0.9541861590579126,0.33354009247743793
0.26059115,0.2021462014285226,0.9541861590579126,0.33361534122926584
0.2606214,0.2021531100478469,0.9541861590579126,0.3336247497106452
0.26062843,0.20219457168250496,0.9541861590579126,0.3336812117448388
0.26063877,0.2022498803255146,0.9541861590579126,0.33375652419212215
0.26069522,0.20229830021546563,0.9541861590579126,0.33382245047660053
0.2607165,0.2023052192352418,0.9541861590579126,0.3338318706433888
0.26077205,0.2023605884365378,0.9541861590579126,0.33390725112167347
0.26078573,0.20242984257357974,0.9541861590579126,0.3340015246051489
0.2607936,0.2024367705944762,0.9541861590579126,0.33401095488140975
0.26079518,0.2024852800219088,0.9541861590579126,0.3340769817285525
0.260818,0.20256155611109208,0.9541861590579126,0.33418079096016307
0.2608553,0.20256849315068493,0.9541861590579126,0.3341902313621789
0.26088998,0.20258236865538737,0.9541861590579126,0.3342091137664145
0.26094884,0.20258930712059459,0.9541861590579126,0.3342185557687245
0.26095837,0.2026726057906459,0.9541861590579126,0.33433190142408364
0.26095885,0.20267955043859648,0.9541861590579126,0.33434135036570595
0.260985,0.20269344116236035,0.9541861590579126,0.3343602498513262
0.26109046,0.20266611836468934,0.9540248427165672,0.33431317128292176
0.26116434,0.20267306374228924,0.9540248427165672,0.3343226207634408
0.26118335,0.20271474600671832,0.9540248427165672,0.3343793288663606
0.26119235,0.20273559356895546,0.9540248427165672,0.33440769013259186
0.26121074,0.20270826191292424,0.9538635263752218,0.33436059826372744
0.26125488,0.20276387079075509,0.9538635263752218,0.3344362433186215
0.2613542,0.20277082404581462,0.9538635263752218,0.3344457013571769
0.26135975,0.2028125535928657,0.9538635263752218,0.33450246082451135
0.2613713,0.20284734133790738,0.9538635263752218,0.3345497750994307
0.2613799,0.20290302655960468,0.9538635263752218,0.33462550578619094
0.26138204,0.20295874236287498,0.9538635263752218,0.334701270766416
0.26140043,0.20296570898980537,0.9538635263752218,0.3347107438013635
0.2614461,0.2029726760950158,0.9538635263752218,0.334720217372556
0.2614952,0.20302843016069222,0.9538635263752218,0.33479602525237884
0.26150087,0.20309119010819165,0.9538635263752218,0.3348813501724466
0.26154107,0.20314700931047514,0.9538635263752218,0.33495723106525177
0.2616416,0.20311963169106026,0.9537022100338765,0.33491006939498025
0.26175672,0.2030922521903453,0.953540893692531,0.33486290505296223
0.26181766,0.2031550728622491,0.953540893692531,0.33494829295905304
0.26182207,0.2031830056372886,0.953540893692531,0.33498625711908925
0.26187527,0.20323190648100395,0.953540893692531,0.3350527151113757
0.26189002,0.20323889423738137,0.953540893692531,0.3350622112629249
0.26199132,0.203280830868698,0.953540893692531,0.33511919947812396
0.26200253,0.2033087982389764,0.953540893692531,0.33515720239247526
0.26200858,0.203364756072387,0.953540893692531,0.33523323408449685
0.26204705,0.20337175296748666,0.953540893692531,0.33524274047157954
0.26205224,0.20340674466620784,0.953540893692531,0.3352902804954701
0.26210752,0.20346275643673414,0.953540893692531,0.335366372584885
0.2621254,0.20343533785411863,0.9533795773511857,0.3353191489358803
0.262158,0.20344234079173837,0.9533795773511857,0.3353286618057188
0.262165,0.20349838165415604,0.9533795773511857,0.3354047841999314
0.26217353,0.2035404325664692,0.9533795773511857,0.3354618986799995
0.2621932,0.20354744274151887,0.9533795773511857,0.33547141965118304
0.26219964,0.2035544533994627,0.9533795773511857,0.3354809411628242
0.26220155,0.20356146454035062,0.9533795773511857,0.33549046321496884
0.2622088,0.2036175710594315,0.9533795773511857,0.3355666590957808
0.26221,0.20365967124987078,0.9533795773511857,0.33562382872365787
0.26224375,0.20370881014752515,0.9533795773511857,0.33569055124789937
0.26231337,0.20375094807970764,0.9533795773511857,0.3357477631015419
0.26231804,0.20379310344827586,0.9533795773511857,0.3358049944597797
0.2623658,0.20380013103900135,0.9533795773511857,0.3358145349164664
0.26240504,0.20382121671954753,0.9533795773511857,0.3358431595394171
0.26242453,0.20388449994825267,0.9533795773511857,0.3359290626950999
0.2624991,0.20389153384392467,0.9533795773511857,0.3359386102029213
0.26250273,0.20389856822494393,0.9533795773511857,0.33594815825346136
0.2625408,0.20387110129726746,0.9532182610098403,0.3359008612110902
0.2625924,0.20384363247420903,0.9530569446684949,0.3358535614800121
0.2626677,0.20394214505160688,0.9530569446684949,0.33598726114620636
0.26268,0.203949185307926,0.9530569446684949,0.33599681519577407
0.26272917,0.2039984807154449,0.9530569446684949,0.336063708759664
0.26282358,0.20409714305454796,0.9530569446684949,0.33619757582626153
0.26283696,0.20416767460344887,0.9530569446684949,0.3362932604732977
0.262856,0.20417473043959083,0.9530569446684949,0.3363028319336783
0.2628698,0.2041817867634353,0.9530569446684949,0.3363124039389136
0.2628805,0.2042311946902655,0.9530569446684949,0.33637942323539693
0.26288176,0.2042806265343522,0.9530569446684949,0.3364464692480008
0.26288456,0.204337149379172,0.9530569446684949,0.33652312599651946
0.26289085,0.20434421693414498,0.9530569446684949,0.33653271054626155
0.2629319,0.20431669606724084,0.9528956283271496,0.33648533181400714
0.26293302,0.20432376340366656,0.9528956283271496,0.33649491583325614
0.26298007,0.20435203763924445,0.9528956283271496,0.33653325737045414
0.2629837,0.20439446366782008,0.9528956283271496,0.33659078606199017
0.26299655,0.20443690731639788,0.9528956283271496,0.33664833442537806
0.26301378,0.20448644719077785,0.9528956283271496,0.336715499059163
0.26306054,0.20452892905370312,0.9528956283271496,0.33677309007952655
0.26309448,0.20457142857142857,0.9528956283271496,0.33683070080372335
0.2631163,0.20462103367050022,0.9528956283271496,0.33689793823223524
0.26311776,0.20462812207711228,0.9528956283271496,0.33690754577054105
0.26313674,0.204691939843371,0.9528956283271496,0.33699403828022345
0.26314688,0.20466437952663133,0.9527343119858042,0.33694659972586133
0.26323232,0.20470694256698208,0.9527343119858042,0.33700427960027934
0.2632803,0.20479212177953465,0.9527343119858042,0.3371196986126433
0.2633162,0.20476454677855607,0.9525729956444587,0.33707223791962193
0.26335293,0.20484978838548532,0.9525729956444587,0.3371877230546694
0.2633544,0.20485689505637467,0.9525729956444587,0.3371973503880138
0.2633721,0.20489954543877303,0.9525729956444587,0.3372551259349419
0.2633862,0.20494221358414605,0.9525729956444587,0.3373129212838398
0.26340228,0.204914618908788,0.9524116793031134,0.33726543086429395
0.2634532,0.2048870223178647,0.952250362961768,0.3372179377317851
0.26345745,0.20495104506631484,0.952250362961768,0.3373046484383246
0.26346278,0.2050151078387108,0.952250362961768,0.33739140374913684
0.26348618,0.20508633568425808,0.952250362961768,0.33748785089445427
0.26349127,0.20517187445691842,0.952250362961768,0.33760366027994854
0.2635122,0.20517900590893293,0.952250362961768,0.337613314649827
0.26362297,0.20518613785672077,0.952250362961768,0.33762296957188853
0.26362973,0.20522180503407036,0.952250362961768,0.3376712524666018
0.26370987,0.2052289399575844,0.952250362961768,0.33768091070275724
0.2637756,0.2052574846135123,0.952250362961768,0.3377195491730019
0.26383758,0.20531459775312164,0.952250362961768,0.33779685264634624
0.26388353,0.20536459782911215,0.952250362961768,0.33786452222161234
0.26388517,0.20541462226398025,0.952250362961768,0.3379322189142947
0.26394504,0.20545751975218404,0.952250362961768,0.3379902662464873
0.2639784,0.2055218995891651,0.952250362961768,0.3380773746453367
0.2639965,0.20549423766581942,0.9520890466204226,0.33802978235938724
0.26418677,0.2055443337744654,0.9520890466204226,0.3380975567837139
0.2642514,0.2055514923553791,0.9520890466204226,0.33810724106295265
0.26427773,0.20559445431427875,0.9520890466204226,0.33816535839081546
0.26432022,0.2056016163868181,0.9520890466204226,0.3381750465546427
0.2643215,0.20565893093595372,0.9520890466204226,0.3382525718540219
0.26437342,0.205666097501481,0.9520890466204226,0.3382622650157555
0.26441118,0.2057091073855913,0.9520890466204226,0.3383204356546232
0.26442784,0.20576648188822647,0.9520890466204226,0.3383980276357377
0.26449582,0.20580235720761558,0.9520890466204226,0.33844654069988256
0.26450598,0.2058741453885866,0.9520890466204226,0.33854360856941534
0.2645434,0.20593879758540073,0.9520890466204226,0.3386310172697746
0.2645756,0.20594598366948147,0.9520890466204226,0.33864073213385565
0.26458752,0.20598911070780399,0.9520890466204226,0.3386990330260195
0.2646817,0.20608261461643212,0.9520890466204226,0.3388254205175328
0.26479694,0.20611140213026016,0.9520890466204226,0.3388643279551532
0.2648143,0.20611860026541873,0.9520890466204226,0.3388740562107716
0.2648808,0.2061473978344394,0.9520890466204226,0.33891297481954136
0.2648872,0.20619781294762954,0.9520890466204226,0.3389811038995407
0.26490188,0.20624104553237585,0.9520890466204226,0.33903952205853083
0.2649389,0.20631314014052504,0.9520890466204226,0.33913693041400356
0.26495552,0.20628539467244633,0.9519277302790773,0.33908921131991976
0.26496556,0.2062926061877294,0.9519277302790773,0.33909895414290914
0.2649788,0.20632867132867133,0.9519277302790773,0.3391476766570824
0.26506236,0.2063864017907107,0.9519277302790773,0.33922566180879565
0.2650665,0.20639362037004652,0.9519277302790773,0.3392354124745562
0.2651113,0.20643694245233515,0.9519277302790773,0.3392939282425773
0.26511836,0.20651641352278294,0.9519277302790773,0.3394012595976709
0.26514542,0.20652364119973401,0.9519277302790773,0.33941102036091714
0.26518473,0.20657424910733038,0.9519277302790773,0.3394793614264292
0.2653904,0.2065959458040122,0.9519277302790773,0.3395086588800936
0.26541963,0.2066031790490862,0.9519277302790773,0.3395184258217489
0.26543757,0.20666106324858163,0.9519277302790773,0.33959658158978545
0.26547888,0.2066755393667694,0.9519277302790773,0.33961612615434983
0.26548278,0.20671897989210397,0.9519277302790773,0.3396747733483901
0.2654972,0.20676968359087564,0.9519277302790773,0.33974322068022955
0.2655007,0.20687116564417177,0.9519277302790773,0.3398801981335622
0.26553956,0.20684335997756276,0.9517664139377319,0.3398323877542209
0.26554242,0.20690864457303174,0.9517664139377319,0.3399204931724899
0.26556805,0.20691590096093146,0.9517664139377319,0.33993028548353105
0.26560545,0.20696670993089417,0.9517664139377319,0.3399988474612406
0.26561996,0.20701028034104066,0.9517664139377319,0.34005763688731455
0.26569152,0.20706840276559155,0.9517664139377319,0.3401360544214752
0.2657568,0.20704057279236276,0.9516050975963866,0.34008820731572503
0.26582953,0.2070478396686673,0.9516050975963866,0.34009801095387193
0.2658525,0.20709145164121467,0.9516050975963866,0.34015684465430224
0.26586673,0.20711326451794115,0.9516050975963866,0.3401862691384278
0.26589385,0.20712053649801623,0.9516050975963866,0.34019607843107896
0.26592562,0.20709269662921348,0.9514437812550411,0.34014821649960547
0.26597422,0.20715816093568895,0.9514437812550411,0.34023651571934865
0.26597717,0.2071654373024236,0.9514437812550411,0.34024632957367723
0.26602393,0.20720910623946037,0.9514437812550411,0.3403052245907688
0.26604337,0.20721638618557425,0.9514437812550411,0.3403150424092614
0.26610258,0.20722366664324363,0.9514437812550411,0.3403248607942592
0.26614174,0.2072309476125224,0.9514437812550411,0.3403346797458112
0.2661502,0.2072382290934645,0.9514437812550411,0.3403444992639666
0.26616746,0.2072455110861239,0.9514437812550411,0.34035431934877425
0.26621523,0.20727464417501318,0.9514437812550411,0.34039360535550933
0.2662208,0.2072467842834048,0.9512824649136957,0.3403457132135694
0.26624182,0.20725406811232558,0.9512824649136957,0.34035553503375904
0.26626772,0.2072613524532546,0.9512824649136957,0.3403653574208484
0.26628488,0.20736338701737111,0.9512824649136957,0.34050293039206103
0.26636305,0.20737067904490628,0.9512824649136957,0.3405127612885385
0.2663774,0.20742173760112556,0.9512824649136957,0.34058159346183314
0.2663857,0.2074290337331598,0.9512824649136957,0.340591428901173
0.26643732,0.20749472202674174,0.9512824649136957,0.3406799734247038
0.26644322,0.20750202329427495,0.9512824649136957,0.3406898145470513
0.26648322,0.20750932507565628,0.9512824649136957,0.3406996562379704
0.26650566,0.2075604519376298,0.9512824649136957,0.3407685639985502
0.26650992,0.20756775783174938,0.9512824649136957,0.3407784102398168
0.26656732,0.20757506424020558,0.9512824649136957,0.34078825705009885
0.26668417,0.20758237116305267,0.9512824649136957,0.3407981044294456
0.26669288,0.207589678600345,0.9512824649136957,0.3408079523779062
0.26672012,0.2076335340304919,0.9512824649136957,0.34086705202282724
0.26686466,0.20764084507042255,0.9512824649136957,0.3408769039564676
0.26686987,0.20765546869497853,0.9512824649136957,0.34089660953232426
0.2668729,0.20766278127971263,0.9512824649136957,0.3409064631746393
0.2669242,0.2076348781518524,0.9511211485723504,0.34085850556409375
0.26692674,0.20767144517628827,0.9511211485723504,0.3409077768138139
0.26695085,0.20764353645649877,0.950959832231005,0.3408598109222534
0.2670004,0.20765085068160202,0.950959832231005,0.34086966577974503
0.26702517,0.20772402128334333,0.950959832231005,0.34096824570506745
0.26702777,0.20776062592514274,0.950959832231005,0.3410175570528975
0.26707962,0.20779724346998485,0.950959832231005,0.34106688266575513
0.26712084,0.20776931754089115,0.9507985158896596,0.34101889084935993
0.2671291,0.20783525512183082,0.9507985158896596,0.3411077029917769
0.26718938,0.2078939014496843,0.9507985158896596,0.3411866859620789
0.26721656,0.20790123456790124,0.9507985158896596,0.34119656140524546
0.267242,0.20795258088416893,0.9507985158896596,0.34126570551762564
0.26726165,0.20799661220312665,0.9507985158896596,0.34132499420864687
0.2672919,0.20800395256916995,0.9507985158896596,0.34133487766005
0.26738107,0.20801129345332628,0.9507985158896596,0.34134476168384276
0.26743302,0.20804800564772327,0.9507985158896596,0.3413941903903915
0.2674607,0.2080553496417099,0.9507985158896596,0.3414040778495664
0.26746926,0.20802739339169726,0.9506371995483143,0.3413560402001283
0.26748416,0.20799943516786104,0.9504758832069689,0.3413079997679959
0.2674873,0.20800677822495234,0.9504758832069689,0.3413178855898574
0.26749805,0.2080581941452735,0.9504758832069689,0.34138710238107156
0.26750225,0.20806554135179037,0.9504758832069689,0.3413969927858686
0.26750344,0.2081316895686884,0.9504758832069689,0.34148603222411694
0.26761463,0.20819787985865723,0.9504758832069689,0.34157511811907093
0.26762173,0.2082273112807464,0.9504758832069689,0.34161472677170107
0.2676309,0.2082788362967938,0.9504758832069689,0.3416840640219737
0.26763523,0.20828619909502263,0.9504758832069689,0.3416939716411932
0.2676407,0.20832302089594457,0.9504758832069689,0.3417435183571089
0.2677225,0.20841881853555005,0.9504758832069689,0.3418724070901341
0.267729,0.20842619123421416,0.9504758832069689,0.34188232563507687
0.26783636,0.20849994691956544,0.9504758832069689,0.3419815427473977
0.26788372,0.20855898906233408,0.9504758832069689,0.34206095790971935
0.26794928,0.20856637168141592,0.9504758832069689,0.34207088739846825
0.26797506,0.2086402266288952,0.9504758832069689,0.3421702140012728
0.2680081,0.20864761500053117,0.9504758832069689,0.3421801498341899
0.268075,0.2087215275071735,0.9504758832069689,0.34227953990908083
0.26814625,0.20876590015235802,0.9504758832069689,0.3423392016730531
0.26819262,0.20882509303561936,0.9504758832069689,0.34241878305311313
0.26826096,0.208899131359688,0.9504758832069689,0.342518311823911
0.2683022,0.20892876139144,0.9504758832069689,0.34255813953458825
0.26833323,0.20896581075329834,0.9504758832069689,0.3426079371998789
0.26833725,0.2090028732574226,0.9504758832069689,0.3426577493454445
0.268412,0.20901028733593474,0.9504758832069689,0.34266771351274644
0.2684908,0.20909187692962844,0.9504758832069689,0.34277735761213096
0.26849964,0.20913640719838142,0.9504758832069689,0.34283719306382626
0.26851004,0.20914383075394008,0.9504758832069689,0.34284716767012413
0.26852843,0.2092032381763954,0.9504758832069689,0.3429269854200692
0.26853517,0.2092106664772929,0.9504758832069689,0.34293696525201783
0.26858994,0.20924781589601535,0.9504758832069689,0.3429868731259958
0.2686271,0.20931471810721516,0.9504758832069689,0.3430767439149248
0.26868218,0.20932215432712803,0.9504758832069689,0.3430867324654217
0.2686964,0.20934446615739918,0.9504758832069689,0.34311670160697183
0.26872814,0.20935190449118818,0.9504758832069689,0.3431266924843444
0.2687568,0.20945609669392107,0.9504758832069689,0.3432666258845244
0.26882055,0.20952313217879875,0.9504758832069689,0.34335664335634736
0.26885173,0.2094950213371266,0.9503145668656234,0.3433083714557487
0.26888034,0.2095248257220088,0.9503145668656234,0.34334838991664984
0.268885,0.20953227814333986,0.9503145668656234,0.3433583959896789
0.26889077,0.20958445994023053,0.9503145668656234,0.34342845483399426
0.26889187,0.2095919166044046,0.9503145668656234,0.3434384655742389
0.26889905,0.20959937379918878,0.9503145668656234,0.34344847689811514
0.26891515,0.20957125066714108,0.9501532505242781,0.34340018656686805
0.2689662,0.20954312553373186,0.9499919341829327,0.34335189342010447
0.2690983,0.20960279043280183,0.9499919341829327,0.34343198716984524
0.2691893,0.20964009825210922,0.9499919341829327,0.343482064741611
0.2691976,0.20969981839547058,0.9499919341829327,0.3435622192401215
0.26919895,0.20967167580656648,0.9498306178415874,0.3435138998275967
0.26921046,0.20970154569413776,0.9498306178415874,0.34355398663797426
0.26922265,0.2097090144958507,0.9498306178415874,0.34356400980248114
0.26922637,0.20976878406783284,0.9498306178415874,0.34364421617806246
0.26924264,0.20985850233453326,0.9498306178415874,0.343764595982889
0.26929525,0.20992584141471762,0.9498306178415874,0.3438549361984946
0.26933447,0.2099333262024459,0.9498306178415874,0.34386497693131596
0.2693408,0.209955783768364,0.9498306178415874,0.34389510264841994
0.2693893,0.20996327069143814,0.9498306178415874,0.3439051457271726
0.26941612,0.20999322372409857,0.9498306178415874,0.3439453239088103
0.26952374,0.20996504743562308,0.949669301500242,0.34389695358792666
0.2696384,0.21002497324295397,0.949669301500242,0.343977329165031
0.26966304,0.2100549489759509,0.949669301500242,0.34401753104426136
0.2696677,0.21002676181980376,0.9495079851588966,0.3439691444597314
0.26967892,0.21004924702019842,0.9495079851588966,0.34399929867595475
0.26968557,0.21009423186750428,0.9495079851588966,0.34405962297208376
0.26970583,0.2101317339616579,0.9495079851588966,0.34410990938292446
0.2698359,0.21020677832934537,0.9495079851588966,0.34421052631549265
0.26990187,0.2103194454370042,0.9495079851588966,0.34436156208833846
0.2699339,0.21032696087189565,0.9495079851588966,0.3443716358527337
0.26993787,0.2103344768439108,0.9495079851588966,0.34438171020653097
0.2699787,0.21034199335310724,0.9495079851588966,0.3443917851497821
0.26999545,0.21034951039954256,0.9495079851588966,0.34440186068253853
0.27001297,0.21040966611853865,0.9495079851588966,0.3444824861729977
0.27006933,0.2104472809181594,0.9495079851588966,0.3445328962769214
0.27008027,0.21052255087807145,0.9495079851588966,0.3446337607585295
0.27008903,0.21059033989266548,0.9495079851588966,0.3447245892995359
0.2700892,0.21065817257793207,0.9495079851588966,0.3448154657290524
0.27009702,0.2107034186504385,0.9495079851588966,0.3448760766388308
0.27012935,0.2107788719785139,0.9495079851588966,0.3449771421870195
0.2701306,0.2108241699201261,0.9495079851588966,0.3450378099533927
0.27015394,0.2108997097710416,0.9495079851588966,0.345138970329244
0.27018782,0.2109072667335531,0.9495079851588966,0.34514908962939733
0.2702017,0.21091482423764646,0.9495079851588966,0.3451592095229536
0.27021822,0.21099799254373386,0.9495079851588966,0.34527056753159857
0.27031156,0.21105851979345955,0.9495079851588966,0.3453516003165387
0.27031708,0.21103022913902536,0.9493466688175513,0.34530305697323993
0.27032274,0.21112107623318385,0.9493466688175513,0.3454246639663631
0.27034345,0.2111286503551697,0.9493466688175513,0.3454348017488879
0.27034488,0.2112044214757393,0.9493466688175513,0.3455362123121821
0.2703574,0.21126507754164273,0.9493466688175513,0.34561738364380723
0.27036408,0.21132576845733986,0.9493466688175513,0.3456985931209757
0.27046025,0.21138649425287356,0.9493466688175513,0.3457798407705826
0.27047992,0.2113581666008118,0.9491853524762058,0.34573124155325985
0.27049524,0.21141132509341765,0.9491853524762058,0.34580235667449855
0.27055517,0.21144931181945592,0.9491853524762058,0.34585317110415154
0.27057943,0.21145691080284626,0.9491853524762058,0.34586333578221484
0.27058852,0.21151011898342859,0.9491853524762058,0.34593450526162206
0.2705887,0.21155574731240787,0.9491853524762058,0.3459955309887646
0.27059278,0.21159378596087458,0.9491853524762058,0.3460464022110113
0.27059346,0.21164706305528577,0.9491853524762058,0.3461176470585254
0.27059808,0.2116546762589928,0.9491853524762058,0.3461278272887398
0.2706366,0.21173845766310412,0.9491853524762058,0.3462398493582989
0.27069592,0.21178418457330023,0.9491853524762058,0.34630098287298755
0.2707318,0.21179180764523792,0.9491853524762058,0.3463111738909938
0.27076322,0.21186043999567925,0.9491853524762058,0.34640292005150897
0.27081344,0.21192911684195362,0.9491853524762058,0.3464947148364357
0.2708454,0.21199020031704857,0.9491853524762058,0.3465763510525656
0.27087966,0.2119978382273464,0.9491853524762058,0.3465865582844396
0.2708908,0.21196944584564387,0.9490240361348604,0.34653786116071816
0.2709022,0.2120076399149519,0.9490240361348604,0.34658890067131687
0.27090466,0.21203820508199675,0.9490240361348604,0.3466297431059941
0.27090484,0.21204584775086505,0.9490240361348604,0.34663995521874513
0.27095944,0.2121223047522896,0.9490240361348604,0.3467421094506783
0.2709784,0.21212995348501784,0.9490240361348604,0.3467523281854847
0.27099115,0.21213760276936391,0.9490240361348604,0.34676254752261554
0.2710038,0.21214525260538747,0.9490240361348604,0.346772767462124
0.2710736,0.2121529029931482,0.9490240361348604,0.3467829880040633
0.27107748,0.21219881690953687,0.9490240361348604,0.34684432390973285
0.2711166,0.2122524082692932,0.9490240361348604,0.346915909894736
0.27116096,0.21232135123430057,0.9490240361348604,0.34700799244963776
0.27118537,0.21236733809833225,0.9490240361348604,0.34706940798176655
0.2711966,0.2123750045124725,0.9490240361348604,0.34707964601740027
0.27120492,0.2123826714801444,0.9490240361348604,0.34708988465706564
0.27123082,0.21235423661504024,0.9488627197935151,0.34704112336981147
0.27124497,0.2123619033865261,0.9488627197935151,0.347051361477118
0.27129117,0.21236957071162943,0.9488627197935151,0.34706160018851395
0.2713064,0.21237723859041016,0.9488627197935151,0.3470718395040528
0.27136028,0.21238490702292834,0.9488627197935151,0.34708207942378794
0.2713701,0.21239257600924388,0.9488627197935151,0.34709231994777295
0.2714059,0.21246162181686834,0.9488627197935151,0.34718451186370763
0.27140725,0.21243317439676349,0.9487014034521697,0.347135731782601
0.27141008,0.21244084817396958,0.9487014034521697,0.3471459772147414
0.27147552,0.2124485225055993,0.9487014034521697,0.3471562232516711
0.27147692,0.21245619739171273,0.9487014034521697,0.34716646989344363
0.27157173,0.21254833929668582,0.9487014034521697,0.3472894767919532
0.2716402,0.2125560213965592,0.9487014034521697,0.3472997313015582
0.2716817,0.21264056115992336,0.9487014034521697,0.3474125708881696
0.27185103,0.2127097800925926,0.9487014034521697,0.3475049487396187
0.27187392,0.2127713458755427,0.9487014034521697,0.34758710363751505
0.27188736,0.2128329473074696,0.9487014034521697,0.34766929738966845
0.2719857,0.21287917179468616,0.9487014034521697,0.3477309682184737
0.27201143,0.2129408356868709,0.9487014034521697,0.3478132300319329
0.27202484,0.2130411157399022,0.9487014034521697,0.34794698852176886
0.27205256,0.21301260686856976,0.9485400871108244,0.34789811555157457
0.27206197,0.21305119750715606,0.9485400871108244,0.3479495828152517
0.27209005,0.21305891731284876,0.9485400871108244,0.34795987809538936
0.2721559,0.21307435860269605,0.9485400871108244,0.3479804704834998
0.27218166,0.2130975247345341,0.9485400871108244,0.34801136363606405
0.27228346,0.21310524789794144,0.9485400871108244,0.34802166257257483
0.27228445,0.21307672791852417,0.948378770769479,0.3479727730094666
0.27230683,0.2130844508880029,0.948378770769479,0.3479830714134741
0.27232072,0.21309217441734024,0.948378770769479,0.34799337042707096
0.27232867,0.2131462548038576,0.948378770769479,0.34806548059530146
0.2723456,0.21320036264732548,0.948378770769479,0.34813762065464193
0.27235234,0.2132931828901063,0.948378770769479,0.34826135892393456
0.27237993,0.21330092155866773,0.948378770769479,0.34827167441692714
0.27243,0.21330866078879576,0.948378770769479,0.34828199052102715
0.2724353,0.2133164005805515,0.948378770769479,0.3482923072362889
0.2724693,0.21332414093399615,0.948378770769479,0.34830262456276667
0.2725464,0.2133318818491908,0.948378770769479,0.34831294250051476
0.27262634,0.21337833914053425,0.948378770769479,0.3483748629667233
0.272645,0.21338608398969183,0.948378770769479,0.34838518518488526
0.27268136,0.21339382940108892,0.948378770769479,0.3483955080147524
0.27273208,0.21343256489381013,0.948378770769479,0.34844713134156824
0.27282307,0.21350232423009877,0.948378770769479,0.34854009189239304
0.27282667,0.21356437082243535,0.948378770769479,0.3486227651433534
0.27287796,0.21357212918225743,0.948378770769479,0.34863310205745957
0.27288994,0.2135798881057909,0.948378770769479,0.3486434395845776
0.27290204,0.21363421635960608,0.948378770769479,0.34871581944332053
0.2730531,0.21364197979504324,0.948378770769479,0.34872616187649796
0.2730801,0.21368857225937773,0.948378770769479,0.34878822936103593
0.27314582,0.21365999054923485,0.9482174544281335,0.3487392465140873
0.27317736,0.21371436881908087,0.9482174544281335,0.34881167848529454
0.2732641,0.2137610008000582,0.9482174544281335,0.34887378698370425
0.27328452,0.21383876600698487,0.9482174544281335,0.34897735031287686
0.27336282,0.213901018922853,0.9482174544281335,0.34906024525638774
0.2734399,0.21390880308599294,0.9482174544281335,0.3490706098933988
0.27344447,0.2139165878157071,0.9482174544281335,0.34908097514594183
0.27361187,0.21392437311205736,0.9482174544281335,0.34909134101407185
0.27366376,0.21393215897510554,0.9482174544281335,0.3491017074978435
0.2736677,0.21390354868061875,0.9480561380867882,0.3490526815938078
0.2737085,0.21398143091206992,0.9480561380867882,0.34915636882099227
0.27374467,0.21398922225458783,0.9480561380867882,0.34916674093188027
0.27374846,0.21405157342657344,0.9480561380867882,0.3492497400086134
0.2738086,0.21413736564037164,0.9480561380867882,0.3493639281889753
0.2738597,0.21414516834280717,0.9480561380867882,0.3493743126353145
0.27388594,0.2141529716138906,0.9480561380867882,0.3493846976990038
0.2739181,0.21416077545368414,0.9480561380867882,0.3493950833800983
0.27396232,0.21420761043883949,0.9480561380867882,0.3494574104352575
0.27396965,0.21424665524406694,0.9480561380867882,0.3495093666366306
0.27402598,0.2142779013380975,0.9480561380867882,0.34955094272259224
0.27405852,0.21433260393873085,0.9480561380867882,0.3496237246791959
0.274093,0.21434042087603486,0.9480561380867882,0.3496341245758191
0.27409315,0.21434823838354367,0.9480561380867882,0.3496445250911708
0.27412042,0.2143560564613196,0.9480561380867882,0.349654926225306
0.27418196,0.214410798978475,0.9480561380867882,0.34972775149483437
0.27418378,0.21441862162063555,0.9480561380867882,0.3497381575812273
0.27418846,0.2143899591360187,0.9478948217454428,0.34968905287558805
0.27418903,0.21446820935834732,0.9478948217454428,0.3497931362916298
0.2742254,0.21450735589384148,0.9478948217454428,0.34984520123808904
0.27422938,0.21451518691588786,0.9478948217454428,0.34985561608734156
0.2742728,0.21452301850972946,0.9478948217454428,0.34986603155671
0.2743605,0.2146170422586654,0.9478948217454428,0.34999106557835163
0.27436295,0.2147189943725791,0.9478948217454428,0.3501266199907609
0.27440426,0.21472684085510688,0.9478948217454428,0.3501370516026067
0.27441916,0.2147346879111241,0.9478948217454428,0.35014748383606625
0.27445087,0.21477393179575277,0.9478948217454428,0.3501996543295158
0.27446076,0.21482889733840305,0.9478948217454428,0.3502727191436884
0.2744886,0.21483675185550802,0.9478948217454428,0.350283159463186
0.27449015,0.21484460694698354,0.9478948217454428,0.3502936004050759
0.27457365,0.21485246261289262,0.9478948217454428,0.3503040419694137
0.27458125,0.21486031885329823,0.9478948217454428,0.35031448415625516
0.27478635,0.21486817566826344,0.9478948217454428,0.3503249269656559
0.2747972,0.21493105087969566,0.9478948217454428,0.35040849185967826
0.27482522,0.21493891286853464,0.9478948217454428,0.3504189402746189
0.27484134,0.21500969665922645,0.9478948217454428,0.35051300405600966
0.27484256,0.2150175644028103,0.9478948217454428,0.350523458704623
0.27485806,0.21502543272221614,0.9478948217454428,0.3505339139769103
0.27486125,0.21510414760039537,0.9478948217454428,0.35063850101413935
0.27490446,0.2151435266549502,0.9478948217454428,0.3506908179400762
0.27497455,0.21515140419611145,0.9478948217454428,0.35070128319874344
0.2750022,0.2151908005566542,0.9478948217454428,0.35075361886255463
0.2750243,0.21516205823109322,0.9477335054040974,0.35070439350495153
0.2750454,0.21520146520146521,0.9477335054040974,0.35075673900683296
0.275046,0.21520934832777758,0.9477335054040974,0.3507672099823839
0.27506697,0.21530399091142302,0.9477335054040974,0.3508929104697455
0.27509585,0.21531188155097852,0.9477335054040974,0.35090338957712097
0.27509764,0.2153592375366569,0.9477335054040974,0.3509662773676005
0.2751495,0.21546191366853706,0.9477335054040974,0.35110261160550704
0.27518356,0.2154331401745764,0.9475721890627521,0.35105333930942473
0.2752283,0.2154410416284614,0.9475721890627521,0.3510638297869321
0.2752604,0.21544894366197184,0.9475721890627521,0.35107432089142926
0.2753316,0.21545684627517148,0.9475721890627521,0.3510848126229723
0.27543303,0.21554381329810657,0.9475721890627521,0.3512002630710562
0.27551994,0.21559127945386478,0.9475721890627521,0.3512632680517237
0.27552515,0.2155991925123876,0.9475721890627521,0.35127377107971236
0.27555823,0.21560710615181325,0.9475721890627521,0.35128427473581614
0.27561504,0.21565460019090976,0.9475721890627521,0.3513473098660137
0.2756776,0.21573380343763773,0.9475721890627521,0.3514524187031412
0.27572688,0.21574172696220664,0.9475721890627521,0.3514629330458296
0.27578163,0.21574965106883126,0.9475721890627521,0.3514734480176485
0.2758219,0.21575757575757576,0.9475721890627521,0.3514839636186543
0.27585688,0.21572876873347047,0.9474108727214067,0.3514346408159022
0.27594987,0.21578425248925304,0.9474108727214067,0.35150825951609715
0.27600634,0.2158635645238358,0.9474108727214067,0.3516134826076125
0.2760416,0.21591911764705882,0.9474108727214067,0.35168717626246
0.27605048,0.21589029008419428,0.9472495563800613,0.3516378226238069
0.27606183,0.21589822781086845,0.9472495563800613,0.3516483516480493
0.27606383,0.2159379252013386,0.9472495563800613,0.3517010062287345
0.27610502,0.21600147139966894,0.9472495563800613,0.3517852863644232
0.27620468,0.21608095676172953,0.9472495563800613,0.35189069335380546
0.2762193,0.2161605006442113,0.9472495563800613,0.3519961635292503
0.276222,0.2161684582535709,0.9472495563800613,0.3520067140242156
0.27627355,0.2162878927400641,0.9472495563800613,0.3521650473788505
0.27629304,0.2162958597318403,0.9472495563800613,0.3521756080004171
0.27634108,0.21630382731056838,0.9472495563800613,0.35218616925538015
0.2763716,0.216367589078448,0.9472495563800613,0.35227068210420265
0.2763937,0.2163755619426634,0.9472495563800613,0.35228124906230035
0.27648807,0.2164313884486381,0.9472495563800613,0.35235523552324954
0.27649105,0.21644734417044492,0.9472495563800613,0.35237638022053247
0.27649656,0.21645532291359482,0.9472495563800613,0.3523869535208662
0.276534,0.21642643860360528,0.947088240038716,0.3523375142528329
0.2766082,0.21645037605072998,0.947088240038716,0.3523692344623806
0.27665374,0.216458356376507,0.947088240038716,0.35237980913480305
0.27666306,0.21653819201121233,0.947088240038716,0.352485590777795
0.27668145,0.21661808655868353,0.947088240038716,0.3525914359494898
0.2767021,0.2166580559450882,0.947088240038716,0.35264438237648765
0.2768197,0.21666605159242722,0.947088240038716,0.3526549735700958
0.27684236,0.21672203765227022,0.947088240038716,0.3527291297422545
0.27685484,0.21679406225767142,0.947088240038716,0.35282451923046604
0.27694818,0.2168421052631579,0.947088240038716,0.35288814089048237
0.27701193,0.21685011450099725,0.947088240038716,0.3528987467312809
0.27701828,0.2168581243305138,0.947088240038716,0.3529093532096029
0.27704647,0.21692222427489377,0.947088240038716,0.3529942279939247
0.27708215,0.21697834281912928,0.947088240038716,0.35306852692635876
0.2770982,0.21704251386321627,0.947088240038716,0.3531534782997959
0.27710062,0.21709066706108565,0.947088240038716,0.3532172186622721
0.27722177,0.2171388416302981,0.947088240038716,0.3532809820377866
0.27723747,0.21718703758508434,0.947088240038716,0.3533447684388045
0.27729645,0.21721918010951605,0.947088240038716,0.353387305504256
0.27731177,0.2171902171902172,0.9469269236973705,0.35333774754679814
0.2773694,0.21716125212758086,0.9467656073560252,0.3532881866061675
0.27748886,0.21721751360153965,0.9467656073560252,0.35336263471581414
0.27755117,0.21728184813594462,0.9467656073560252,0.3534477566994856
0.2775913,0.21732207657557578,0.9467656073560252,0.35350097876795405
0.27760342,0.21729309387150528,0.9466042910146798,0.353451391398323
0.27767712,0.21738164036452545,0.9466042910146798,0.3535685234835633
0.27771938,0.21744608315422811,0.9466042910146798,0.35365375922826325
0.27773756,0.21745414118954975,0.9466042910146798,0.3536644165860028
0.27779186,0.21747831887925284,0.9466042910146798,0.3536963925134841
0.27784568,0.21748637930395465,0.9466042910146798,0.3537070524409258
0.2778889,0.21749444032616752,0.9466042910146798,0.3537177130109382
0.2779118,0.21761542740589654,0.9466042910146798,0.35387769870914004
0.27792382,0.21768000890306785,0.9466042910146798,0.35396308360447337
0.27798846,0.217728470186635,0.9466042910146798,0.3540271493209629
0.27801624,0.21773654916512059,0.9466042910146798,0.35403782919514676
0.278048,0.21774462874318157,0.9466042910146798,0.35404850971370583
0.27805468,0.21782545751512677,0.9466042910146798,0.3541553503527648
0.27806222,0.21789825473449684,0.9466042910146798,0.3542515620752187
0.27807686,0.21790634631809574,0.9466042910146798,0.3542622554935378
0.27809325,0.2179144385026738,0.9466042910146798,0.3542729495574583
0.2781745,0.217922531288298,0.9466042910146798,0.35428364426703857
0.2781968,0.2179306246750353,0.9466042910146798,0.35429433962233725
0.27823648,0.21797919762258544,0.9466042910146798,0.3543585253174891
0.278258,0.2179872952189903,0.9466042910146798,0.3543692251944538
0.2783038,0.2180602006688963,0.9466042910146798,0.35446555317254885
0.27836624,0.21814937358266107,0.9466042910146798,0.3545833585107839
0.2783711,0.2181737061273052,0.9466042910146798,0.3546155008306368
0.27840203,0.21821427243315608,0.9466042910146798,0.35466908431519867
0.27858058,0.21822238750464856,0.9466042910146798,0.35467980295536045
0.27860883,0.21823050317973894,0.9466042910146798,0.3546905222434092
0.2786231,0.2182386194584945,0.9466042910146798,0.35470124217940346
0.27862996,0.21828732981176996,0.9466042910146798,0.3547655754055175
0.27866948,0.21835231078365708,0.9466042910146798,0.3548513893505254
0.27869338,0.21832322405388307,0.9464429746733344,0.35480164489567984
0.27872348,0.2183801086875605,0.9464429746733344,0.35487675790079926
0.27873355,0.21843702297181578,0.9464429746733344,0.354951902716133
0.27874592,0.21853465936603717,0.9464429746733344,0.35508079646522805
0.27884457,0.2185427996722044,0.9464429746733344,0.35509154183658426
0.2788698,0.21859165424739196,0.9464429746733344,0.3551560277245052
0.27891433,0.21864867886557596,0.9464429746733344,0.35523129086915495
0.27897105,0.21870573324386788,0.9464429746733344,0.3553065859194528
0.2789847,0.21873834911639697,0.9464429746733344,0.3553496259952736
0.2789929,0.2188607453277129,0.9464429746733344,0.3555111191901451
0.27899554,0.2188689099455346,0.9464429746733344,0.3555218906223278
0.2790047,0.2189424189274919,0.9464429746733344,0.3556188628921666
0.2790126,0.21898327859062405,0.9464429746733344,0.35567275923706254
0.27902597,0.21899145235340226,0.9464429746733344,0.35568354046650286
0.27906594,0.21899962672639045,0.9464429746733344,0.355694322349569
0.27909175,0.21900780170965695,0.9464429746733344,0.3557051048863202
0.27909717,0.2190323303218099,0.9464429746733344,0.3557374564192794
0.27910155,0.21904050774687325,0.9464429746733344,0.35574824157136586
0.27910748,0.21904868578255676,0.9464429746733344,0.3557590273774348
0.27911186,0.21901952731210095,0.9462816583319891,0.35570917470104696
0.2791905,0.2190277051751176,0.9462816583319891,0.3557199599766511
0.27921563,0.21910951740624532,0.9462816583319891,0.3558278487152325
0.27925,0.21916682234261162,0.9462816583319891,0.3559034097800611
0.27935898,0.21921596472214955,0.9462816583319891,0.3559682019536966
0.27944663,0.21922415726137978,0.9462816583319891,0.3559790029429236
0.27950186,0.21923235041297603,0.9462816583319891,0.35598980458762997
0.27955148,0.21929791767916557,0.9462816583319891,0.3560762413497005
0.27956355,0.21934711887222824,0.9462816583319891,0.3561410964722826
0.27956563,0.21935532121756038,0.9462816583319891,0.3561519079563442
0.279571,0.2193635241763584,0.9462816583319891,0.35616272009684075
0.27959195,0.2194209620707713,0.9462816583319891,0.3562384234655189
0.27962592,0.21942916993977482,0.9462816583319891,0.35624924085964826
0.2797156,0.21943737842286398,0.9462816583319891,0.3562600589107508
0.27978048,0.21949485500467728,0.9462816583319891,0.3563358036687503
0.27982727,0.21946564885496184,0.9461203419906437,0.3562858791723092
0.27985337,0.21947386146764958,0.9461203419906437,0.3562967012936618
0.27997607,0.21948207469500786,0.9461203419906437,0.35630752407247457
0.27998286,0.2195149337525264,0.9461203419906437,0.3563508217635245
0.27999026,0.21958068139273682,0.9461203419906437,0.3564374487219283
0.2801483,0.21963001797483522,0.9461203419906437,0.35650244658511193
0.28015414,0.21963824289405684,0.9461203419906437,0.35651328186705783
0.2801879,0.21970406443154147,0.9461203419906437,0.35659998783942165
0.2801932,0.2197452229299363,0.9461203419906437,0.35665420049225993
0.28020495,0.21980287074167074,0.9461203419906437,0.3567301259044443
0.2802546,0.21984406627183448,0.9461203419906437,0.3567843781363853
0.28031605,0.21991825715249916,0.9461203419906437,0.3568820737492376
0.2803216,0.21995124695293455,0.9461203419906437,0.35692551119735694
0.28033718,0.22000075021568702,0.9461203419906437,0.3569906871991582
0.28037834,0.22002551020408162,0.9461203419906437,0.35702328412691947
0.28041098,0.22003376477208778,0.9461203419906437,0.357034151092407
0.2804638,0.22004201995948075,0.9461203419906437,0.3570450187194454
0.28046495,0.22011634452993056,0.9461203419906437,0.35714285714255084
0.2804901,0.22016592214422465,0.9461203419906437,0.3572081125522243
0.2805634,0.22024033045437477,0.9461203419906437,0.35730604039081126
0.28061378,0.22029823836532322,0.9461203419906437,0.3573822436167797
0.2806442,0.22031478907629315,0.9461203419906437,0.35740402193753634
0.28065467,0.22032306536438767,0.9461203419906437,0.35741491209329784
0.28065538,0.22033134227431533,0.9461203419906437,0.3574258029127291
0.2807665,0.22033961980614622,0.9461203419906437,0.3574366943958906
0.2808162,0.22039757994814174,0.9461203419906437,0.35751295336756916
0.28086412,0.22045557059088858,0.9461203419906437,0.3575892448858319
0.28087848,0.22053846732345642,0.9461203419906437,0.3576982892687447
0.28092518,0.22064632632331366,0.9461203419906437,0.35784014643044376
0.28092742,0.22065462753950338,0.9461203419906437,0.35785106318038823
0.2809837,0.2206878386514148,0.9461203419906437,0.3578947368417985
0.2810135,0.22074598215965976,0.9461203419906437,0.3579711914059432
0.2810172,0.2207542908762421,0.9461203419906437,0.3579821161531403
0.28104895,0.22076260021831595,0.9461203419906437,0.35799304156717165
0.28109086,0.22082078313253012,0.9461203419906437,0.358069538141883
0.28109354,0.2208623611372623,0.9461203419906437,0.35812419857086003
0.281099,0.22089563481601446,0.9461203419906437,0.35816793893099075
0.28111163,0.2209455641363722,0.9461203419906437,0.3582335695086107
0.28112137,0.22091621458710067,0.9459590256492982,0.3581834285187658
0.28129476,0.22088686282635722,0.9457977093079529,0.3581332844661275
0.28133726,0.22089518498982744,0.9457977093079529,0.3581442228395574
0.28135255,0.22096178487977688,0.9457977093079529,0.35823175388720707
0.2814485,0.2210117611580217,0.9457977093079529,0.35829743025605615
0.28144872,0.22098239529535946,0.9456363929666075,0.3582472651711162
0.2815033,0.2209907260800724,0.9456363929666075,0.35825821237555233
0.28151044,0.2209990574929312,0.9456363929666075,0.35826916024905114
0.28152543,0.2210824061851782,0.9456363929666075,0.3583786757959879
0.28155375,0.2210907445123331,0.9456363929666075,0.35838963103322685
0.2815619,0.22112410411165598,0.9456363929666075,0.3584334586807897
0.28158176,0.2210947225470595,0.9454750766252621,0.3583832701476688
0.2816076,0.22116981132075472,0.9454750766252621,0.3584819107614897
0.28165442,0.22119485224742425,0.9454750766252621,0.358514803033703
0.281685,0.22120320048309178,0.9454750766252621,0.35852576846581896
0.2816959,0.22121154934893375,0.9454750766252621,0.3585367345687267
0.281706,0.22118215445006417,0.9453137602839168,0.3584865261673738
0.2817824,0.22119050315177594,0.9453137602839168,0.3584974917407914
0.28179136,0.2211988524837687,0.9453137602839168,0.35850845798507086
0.2817973,0.22124896171562336,0.9453137602839168,0.3585742695422963
0.28189343,0.22125731546158203,0.9453137602839168,0.3585852404843334
0.28193575,0.221265669838393,0.9453137602839168,0.3585962120977252
0.2819817,0.22134924831910555,0.9453137602839168,0.3587059651697106
0.28204206,0.22139106124145227,0.9453137602839168,0.3587608669030842
0.28205568,0.22142452295484602,0.9453137602839168,0.3588048003915612
0.28209797,0.22147473449487887,0.9453137602839168,0.3588707208031709
0.2821189,0.2214453095472069,0.9451524439425714,0.3588204672808266
0.2821547,0.22148716591690923,0.9451524439425714,0.3588754134506295
0.28216133,0.22157930565010212,0.9451524439425714,0.3589963542780538
0.2821634,0.22158768579100638,0.9451524439425714,0.3590073529408687
0.2821686,0.2216547497446374,0.9451524439425714,0.35909536651109203
0.28223917,0.22166313559322035,0.9451524439425714,0.35910637124176265
0.28226963,0.22167152207634974,0.9451524439425714,0.3591173766469493
0.28230304,0.2216799091940976,0.9451524439425714,0.3591283827267142
0.28233686,0.221688296946536,0.9451524439425714,0.3591393894811192
0.28235182,0.22174702899099236,0.9451524439425714,0.3592164556570907
0.28243402,0.22175542182354946,0.9451524439425714,0.35922746781085096
0.28244188,0.22176381529144587,0.9451524439425714,0.35923848063980984
0.28248975,0.2217343578485181,0.944991127601226,0.35918817830614863
0.28249633,0.22170489817548641,0.9448298112598806,0.3591378728880632
0.28257984,0.22176365908144333,0.9448298112598806,0.35921496473443604
0.2826517,0.2218224511437661,0.9448298112598806,0.3592920896846903
0.28267133,0.22183085255463394,0.9448298112598806,0.3593031102383277
0.28271452,0.2218392546019241,0.9448298112598806,0.3593141314680519
0.28288713,0.22189808675885583,0.9448298112598806,0.35939129901178
0.2829029,0.22190649390012882,0.9448298112598806,0.35940232565243946
0.28298974,0.22197377397104526,0.9448298112598806,0.3594905631422421
0.28299835,0.2220747706074164,0.9448298112598806,0.35962300064439756
0.28301343,0.22211687966930865,0.9448298112598806,0.35967821174127856
0.28302374,0.22214215277251004,0.9448298112598806,0.35971134653738557
0.28303885,0.2221927162367223,0.9448298112598806,0.35977763444792416
0.28309265,0.22220114571872984,0.9448298112598806,0.3597886848083408
0.28311133,0.22220957584035209,0.9448298112598806,0.35979973584758923
0.2832116,0.2222180066016618,0.9448298112598806,0.3598107875657317
0.2832499,0.22226017000607165,0.9448298112598806,0.3598660563420467
0.28328153,0.2222686046070358,0.9448298112598806,0.3598771121348683
0.28330785,0.2222390891840607,0.9446684949185352,0.359826722786874
0.28335348,0.22229814371939416,0.9446684949185352,0.35990412390111126
0.28335866,0.22230658264368688,0.9446684949185352,0.3599151839215133
0.28337288,0.22231502220872404,0.9446684949185352,0.3599262446216952
0.2834317,0.2223825618045798,0.9446684949185352,0.3600147547027531
0.283444,0.222391007139602,0.9446684949185352,0.3600258215237762
0.28348827,0.2223994531160989,0.9446684949185352,0.36003688902520636
0.28353876,0.22240789973414357,0.9446684949185352,0.3600479572071064
0.28354242,0.22245014245014244,0.9446684949185352,0.3601033083258505
0.2835589,0.2224839481782607,0.9446684949185352,0.3601476014757061
0.28362295,0.22249240121580546,0.9446684949185352,0.36015867646575733
0.28364572,0.22254313293303946,0.9446684949185352,0.36022514071263695
0.28370762,0.22261927390229994,0.9446684949185352,0.36032488309100313
0.28374636,0.22265313105965553,0.9446684949185352,0.360369230768922
0.28385645,0.22266159695817492,0.9446684949185352,0.3603803193941342
0.2838956,0.22273781902552203,0.9446684949185352,0.3604801477374567
0.2839762,0.222771712253205,0.9446684949185352,0.3605245336449537
0.28401455,0.22278018717187856,0.9446684949185352,0.3605356318297666
0.284076,0.22285649046694828,0.9446684949185352,0.3606355462492292
0.284108,0.22294982106144826,0.9446684949185352,0.3607577391033411
0.2841218,0.22292023605558728,0.9445071785771899,0.3607072449479414
0.28416258,0.22292872372829728,0.9445071785771899,0.360718356282228
0.2842252,0.22298815553947518,0.9445071785771899,0.36079615479387384
0.28423327,0.22295856185252894,0.9443458622358445,0.36074564781974944
0.28425583,0.2230010285322464,0.9443458622358445,0.3608012326653304
0.28437656,0.22308601044167525,0.9443458622358445,0.36091245376048
0.28442684,0.22312852568989175,0.9443458622358445,0.36096809002589697
0.2844298,0.2230989136649514,0.9441845458944991,0.3609175556511676
0.28447136,0.22315845661125513,0.9441845458944991,0.36099546674036975
0.28447992,0.22316696534106073,0.9441845458944991,0.36100659964195314
0.2845083,0.2232350585453297,0.9441845458944991,0.3610956875806642
0.28451002,0.2232946741950252,0.9441845458944991,0.3611736756036522
0.28457502,0.22330319331578344,0.9441845458944991,0.3611848194998449
0.2846243,0.22331171308660816,0.9441845458944991,0.3611959640837413
0.28465128,0.22332023350757374,0.9441845458944991,0.3612071093554053
0.28466085,0.2232905982905983,0.9440232295531538,0.3611565402533395
0.28467703,0.22329911855611095,0.9440232295531538,0.36116768499629615
0.28470194,0.22330763947187668,0.9440232295531538,0.3611788304270938
0.2847378,0.22327800038160656,0.9438619132118083,0.36112825577058305
0.28478667,0.2233206106870229,0.9438619132118083,0.361183987159788
0.28478912,0.2233291346997977,0.9438619132118083,0.361195135501882
0.2847962,0.22342294180540706,0.9438619132118083,0.36131781270231805
0.28481734,0.22343147363195479,0.9438619132118083,0.361328969307416
0.28483355,0.22344000611013518,0.9438619132118083,0.3613401266015122
0.2848474,0.2235339063992359,0.9438619132118083,0.3614629023287198
0.28489983,0.22350424084969817,0.9437005968704629,0.36141228801748293
0.2850179,0.22351278034615826,0.9437005968704629,0.36142345236593276
0.2850907,0.2235213204951857,0.9437005968704629,0.3614346174041573
0.28509197,0.22358111981654882,0.9437005968704629,0.36151279199079145
0.28509828,0.22363240185022362,0.9437005968704629,0.3615798256996716
0.28514677,0.22364095114305374,0.9437005968704629,0.361591000401458
0.2851729,0.2237093690248566,0.9437005968704629,0.3616804228875693
0.285247,0.22371792420360243,0.9437005968704629,0.3616916038082718
0.28526777,0.22376926902038788,0.9437005968704629,0.36175870385226566
0.2852723,0.22381207437447395,0.9437005968704629,0.3618146395766453
0.2853608,0.2238463304507538,0.9437005968704629,0.3618594006120675
0.2853847,0.22388916529526579,0.9437005968704629,0.3619153674829862
0.28539687,0.22397488418392741,0.9437005968704629,0.36202735317748563
0.28542286,0.2240520873228648,0.9437005968704629,0.3621281995725643
0.28546718,0.22407783353123684,0.9437005968704629,0.36216182752398873
0.28548667,0.22414651902371738,0.9437005968704629,0.3622515326023277
0.28552416,0.2241551076710859,0.9437005968704629,0.36226274886181326
0.2856023,0.224163696976664,0.9437005968704629,0.36227396581588994
0.28561884,0.22425822280150273,0.9437005968704629,0.36239739817221567
0.28562495,0.22428401640915538,0.9437005968704629,0.36243107614119263
0.28568113,0.22432701894317048,0.9437005968704629,0.36248722000154854
0.28572443,0.22433562142884533,0.9437005968704629,0.36249845086101073
0.28579855,0.2243442245743212,0.9437005968704629,0.36250968241642084
0.28588754,0.22438725020137318,0.9437005968704629,0.36256585063495456
0.2859082,0.22443890274314215,0.9437005968704629,0.36263327547700164
0.28592855,0.22450780980158883,0.9437005968704629,0.36272321428540377
0.28598657,0.22451642615904208,0.9437005968704629,0.362734459773368
0.28605705,0.22458538083538085,0.9437005968704629,0.362824448785623
0.28606778,0.22466300549176235,0.9437005968704629,0.36292573980985127
0.28607446,0.22473205024778148,0.9437005968704629,0.36301582376636626
0.28614768,0.2247022666154437,0.9435392805291176,0.3629650314930648
0.28616372,0.2247713473214972,0.9435392805291176,0.3630551503674618
0.28616554,0.22483182779165867,0.9435392805291176,0.36313404109983194
0.28617752,0.22484047051587608,0.9435392805291176,0.3631453140033523
0.28620687,0.22490963623779128,0.9435392805291176,0.3632355224340937
0.28624198,0.22494423505884162,0.9435392805291176,0.3632806434579668
0.28625843,0.2249528864274451,0.9435392805291176,0.36329192546552763
0.28626466,0.22502212134036087,0.9435392805291176,0.36338220675913235
0.28630656,0.22508273685830832,0.9435392805291176,0.36346123970762745
0.28631803,0.22505291514335193,0.9433779641877722,0.36341039025571675
0.28633025,0.2250615763546798,0.9433779641877722,0.36342168225429544
0.28638107,0.22503175152984645,0.9432166478464269,0.36337082841308777
0.28643233,0.22500192440920638,0.9430553315050815,0.36331997141139144
0.2864362,0.2250538959039113,0.9430553315050815,0.36338772338741226
0.28650513,0.2250240615976901,0.942894015163736,0.36333685584602443
0.2865451,0.22503272503272503,0.942894015163736,0.3633481490687841
0.2866821,0.22510205653546947,0.942894015163736,0.3634385201302655
0.2866856,0.2251714307727868,0.942894015163736,0.36352893615666854
0.28684884,0.22514158030589052,0.9427326988223907,0.36347804453259086
0.2868734,0.22515025427646787,0.9427326988223907,0.36348934846804515
0.28695157,0.2252109907896258,0.9427326988223907,0.3635684957070422
0.28699312,0.22530650011566042,0.9427326988223907,0.36369293960201615
0.28701097,0.22531518679878165,0.9427326988223907,0.363704256907829
0.2870125,0.22534994023059424,0.9427326988223907,0.363749533175339
0.2870767,0.22538470438505148,0.9427326988223907,0.36379482071682007
0.28714132,0.22540209048482276,0.9427326988223907,0.3638174687166156
0.28714886,0.2254107845406156,0.9427326988223907,0.36382879377400756
0.28717917,0.2254194792671167,0.9427326988223907,0.36384011953648343
0.28719476,0.2254977620003087,0.9427326988223907,0.36394208313840865
0.28720427,0.22550646343816322,0.9427326988223907,0.3639534159553464
0.28725895,0.2255848066085077,0.9427326988223907,0.3640554430770906
0.28737488,0.22568063332689708,0.9427326988223907,0.36418022060167
0.28749594,0.2257416563658838,0.9427326988223907,0.36425966902452694
0.2875105,0.22575037663692202,0.9427326988223907,0.36427102162905933
0.28758553,0.22582016306657907,0.9427326988223907,0.36436186794656766
0.28762844,0.22582888940412707,0.9427326988223907,0.36437322692240537
0.2876663,0.2258987243911867,0.9427326988223907,0.3644641242318125
0.28767326,0.2259773403967364,0.9427326988223907,0.36456643792857135
0.2877475,0.2260560111403373,0.9427326988223907,0.3646688090852079
0.28779924,0.2261172373766686,0.9427326988223907,0.36474847085226564
0.2878372,0.2261609907120743,0.9427326988223907,0.364805393426449
0.28784528,0.22622227383579144,0.9427326988223907,0.3648851148848027
0.28785115,0.22623103127903377,0.9427326988223907,0.364896506509007
0.28786772,0.22623978940033293,0.9427326988223907,0.3649078988445208
0.287877,0.2262923523717328,0.9427326988223907,0.3649762677988384
0.28788632,0.22633617350890783,0.9427326988223907,0.36503326150067156
0.28790748,0.22638001162115048,0.9427326988223907,0.3650902730052477
0.28791982,0.22635004261253583,0.9425713824810453,0.36503920282354047
0.28799096,0.2263938936030067,0.9425713824810453,0.36509622594320174
0.28800297,0.22647286821705426,0.9425713824810453,0.36519891246570213
0.2880288,0.22648164657544867,0.9425713824810453,0.3652103256450404
0.288048,0.2264904256143887,0.9425713824810453,0.36522173953776926
0.28808174,0.22649920533395357,0.9425713824810453,0.3652331541439556
0.28811035,0.22650798573422237,0.9425713824810453,0.36524456946366635
0.28813332,0.22651676681527427,0.9425713824810453,0.36525598549696825
0.28816542,0.2264867798712879,0.9424100661396999,0.3652048885690621
0.28822172,0.2265394757251435,0.9424100661396999,0.3652733923153157
0.28823453,0.22658340767172166,0.9424100661396999,0.36533049840504045
0.28830278,0.22659219610581025,0.9424100661396999,0.36534192176573604
0.28831682,0.22660098522167488,0.9424100661396999,0.3653533458408382
0.28833947,0.2266097750193949,0.9424100661396999,0.36536477063041384
0.28835642,0.2266889138954639,0.9424100661396999,0.3654676258989679
0.2883567,0.22665890570430733,0.9422487497983546,0.3654164972313806
0.28838646,0.2267556970379285,0.9422487497983546,0.3655422742346207
0.28839374,0.22681733457595527,0.9422487497983546,0.36562235923726977
0.28840196,0.2267873092307095,0.9420874334570092,0.36557120500751195
0.28843722,0.2268401631384735,0.9420874334570092,0.36563986977178836
0.28847227,0.22686659933183126,0.9420874334570092,0.3656742118277452
0.28847805,0.22695476449556973,0.9420874334570092,0.36578873195296135
0.2885082,0.2270076964938195,0.9420874334570092,0.36585747846483974
0.2886214,0.2270959713796858,0.9420874334570092,0.3659721134259755
0.2886434,0.227104802644371,0.9420874334570092,0.3659835808732847
0.2886455,0.22711363459593994,0.9420874334570092,0.3659950490392633
0.28885227,0.22708357640104226,0.9419261171156638,0.3659438455750191
0.28887993,0.22713657758587155,0.9419261171156638,0.3660126621948853
0.288884,0.2271454135221349,0.9419261171156638,0.3660241341479395
0.28888673,0.22711534720871426,0.9417648007743185,0.3659729187559557
0.288912,0.22712418300653595,0.9417648007743185,0.3659843901824283
0.2889788,0.2272037361354349,0.9417648007743185,0.3660876653912965
0.2889836,0.22727449682718884,0.9417648007743185,0.3661795145201659
0.2890892,0.22728334501284747,0.9417648007743185,0.36619099890199186
0.28911227,0.22725326065797158,0.941603484432973,0.36613975661742604
0.28913417,0.2272231739604423,0.9414421680916277,0.3660885111184648
0.28916445,0.22723202118132618,0.9414421680916277,0.36609999372655455
0.28921196,0.2272408690911923,0.9414421680916277,0.3661114770549861
0.28922403,0.22729397102352392,0.9414421680916277,0.3661803921565494
0.28926083,0.22735595465347305,0.9414421680916277,0.3662608259065524
0.28928065,0.2274445613624849,0.9414421680916277,0.3663757925792584
0.28930327,0.22745342583209915,0.9414421680916277,0.366387293216248
0.28933758,0.22748002338725395,0.9414421680916277,0.366421799459723
0.28935763,0.22752436647173488,0.9414421680916277,0.3664793243112818
0.2893881,0.22753323716324222,0.9414421680916277,0.366490831449071
0.28939888,0.22755985338844265,0.9414421680916277,0.36652535719861873
0.28940827,0.22756872684733867,0.9414421680916277,0.3665368672274217
0.28948566,0.22753860552175947,0.9412808517502823,0.3664855698266499
0.28952733,0.22754747884412901,0.9412808517502823,0.3664970793288743
0.28962716,0.227591855838989,0.9412808517502823,0.366554637685398
0.28966674,0.22760073331513048,0.9412808517502823,0.36656615152626004
0.2897028,0.2276628950448693,0.9412808517502823,0.3666467686697671
0.2897312,0.22775175644028103,0.9412808517502823,0.36676199754832073
0.28976864,0.22772161286545142,0.9411195354089369,0.3667106669177829
0.28978613,0.2278016399843811,0.9411195354089369,0.36681442359049377
0.28979447,0.22783722565023823,0.9411195354089369,0.36686055651595717
0.28980446,0.22784612380394453,0.9411195354089369,0.3668720915604961
0.2898442,0.22789952732528615,0.9411195354089369,0.3669413170636524
0.28986433,0.22786936479412453,0.9409582190675916,0.36688995817184067
0.2898813,0.22787826698441224,0.9409582190675916,0.3669014970433394
0.28990626,0.22793169473643077,0.9409582190675916,0.36697074551714437
0.28992546,0.2279406017975772,0.9409582190675916,0.3669822894708868
0.28994018,0.22800297072274558,0.9409582190675916,0.3670631174875722
0.2899628,0.22801188335548433,0.9409582190675916,0.3670746672537057
0.28997672,0.22804754085542264,0.9409582190675916,0.36712087358750106
0.29005978,0.22812781102115842,0.9409582190675916,0.3672248803824609
0.2900855,0.22820813771517998,0.9409582190675916,0.36732894612519357
0.29014593,0.2283063916395945,0.9409582190675916,0.36745621771418746
0.2901495,0.22831532801002036,0.9409582190675916,0.36746779223202264
0.2901529,0.22837790219646842,0.9409582190675916,0.3675488342781985
0.2901922,0.22843156451928726,0.9409582190675916,0.3676183273457498
0.29028547,0.22844051069162685,0.9409582190675916,0.36762991207859397
0.29029453,0.22851210530439553,0.9409582190675916,0.3677226162329401
0.2902955,0.22852105778648385,0.9409582190675916,0.36773420753971836
0.29034352,0.22849083215796898,0.9407969027262462,0.3676827538375949
0.29035443,0.22853560092480113,0.9407969027262462,0.36774071505107586
0.29036397,0.22859830667920977,0.9407969027262462,0.36782189145690847
0.2903818,0.22860726745325546,0.9407969027262462,0.36783349101198437
0.29051316,0.22861622892983144,0.9407969027262462,0.3678450912986857
0.29051584,0.22862519110902035,0.9407969027262462,0.3678566923170816
0.29052484,0.22870588235294118,0.9407969027262462,0.36796113442032957
0.29053855,0.22875970816662744,0.9407969027262462,0.3680307954434741
0.29057506,0.22882253697963667,0.9407969027262462,0.36811209998074945
0.29064363,0.22884049440847556,0.9407969027262462,0.36813533644710345
0.29064792,0.22884947417987758,0.9407969027262462,0.3681469557803878
0.29064852,0.22890336761127247,0.9407969027262462,0.3682166871859718
0.29066277,0.22887310122855908,0.9406355863849007,0.3681651723699339
0.29066324,0.22888208509970168,0.9406355863849007,0.3681767955797956
0.29070118,0.22893600314095014,0.9406355863849007,0.36824655025387687
0.2907282,0.2289899465912661,0.9406355863849007,0.36831633136436936
0.2907316,0.2290529127548415,0.9406355863849007,0.36839777609268476
0.29073754,0.22906191074795726,0.9406355863849007,0.36840941399431465
0.29079744,0.22907090944804556,0.9406355863849007,0.3684210526312639
0.2908182,0.22907990885518975,0.9406355863849007,0.36843269200360246
0.29082844,0.229124916499666,0.9406355863849007,0.3684908998985727
0.2908486,0.22919696552808458,0.9406355863849007,0.3685840707961451
0.29086545,0.22926004560824093,0.9406355863849007,0.3686656339895056
0.2908785,0.22932316042002596,0.9406355863849007,0.36874723328875075
0.290971,0.22940435911558738,0.9406355863849007,0.3688521997656334
0.29102322,0.2294404658849453,0.9406355863849007,0.36889887071742733
0.2910365,0.22944949435328374,0.9406355863849007,0.36891054030083614
0.2910526,0.22952174768746308,0.9406355863849007,0.36900392355366507
0.2910808,0.22960308710033075,0.9406355863849007,0.3691090362395959
0.29117358,0.22961212837172673,0.9406355863849007,0.36912071912356886
0.29120827,0.22962117035520202,0.9406355863849007,0.3691324027471286
0.29122797,0.22963021305084078,0.9406355863849007,0.36914408711034546
0.29126337,0.22963925645872715,0.9406355863849007,0.3691557722132897
0.29127407,0.2296483005789453,0.9406355863849007,0.36916745805603146
0.29129907,0.22972067919473663,0.9406355863849007,0.36926097143911196
0.29130405,0.22976593900228545,0.9406355863849007,0.3693194413652353
0.29134774,0.22983839180134016,0.9406355863849007,0.3694130317713591
0.2913701,0.22984745161417477,0.9406355863849007,0.369424733907439
0.2913803,0.22985651214128036,0.9406355863849007,0.3694364367849348
0.29138598,0.22992902208201893,0.9406355863849007,0.3695300865043264
0.29144922,0.2299652942104433,0.9406355863849007,0.3695769291709725
0.2915099,0.2299349240780911,0.9404742700435554,0.3695252582870646
0.2916293,0.22994399305829455,0.9404742700435554,0.3695369695429923
0.29165936,0.22995306275391472,0.9404742700435554,0.3695486815412664
0.29169944,0.22996213316503628,0.9404742700435554,0.36956039428195736
0.29171348,0.22997120429174392,0.9404742700435554,0.3695721077651358
0.29177123,0.2300347222222222,0.9404742700435554,0.3696541229429679
0.29178396,0.2300043404490392,0.94031295370221,0.3696024348484573
0.29180455,0.23001341646278906,0.94031295370221,0.3696141530068811
0.29180914,0.2300769686204855,0.94031295370221,0.36969620092566874
0.29185086,0.23014055590650664,0.94031295370221,0.36977828527896844
0.29186344,0.2302132701421801,0.94031295370221,0.3698721406132821
0.29193267,0.23029512860021334,0.94031295370221,0.3699777848298965
0.29193458,0.23037704529286224,0.94031295370221,0.37008348941271835
0.2919501,0.23039525691699606,0.94031295370221,0.37010698752309723
0.2920113,0.23036483655480453,0.9401516373608646,0.3700552416023253
0.29201716,0.23037394260415844,0.9401516373608646,0.3700669905067162
0.29205477,0.23040126507214864,0.9401516373608646,0.3701022416965149
0.29208145,0.23041037400173955,0.9401516373608646,0.37011399358556
0.29209617,0.2304741566812987,0.9401516373608646,0.3701962777104123
0.2921515,0.23048327137546468,0.9401516373608646,0.3702080355721786
0.29215968,0.2304528376507811,0.9399903210195193,0.3701562698510368
0.29217726,0.23046195222274957,0.9399903210195193,0.37016802718896047
0.29219678,0.23051665479863914,0.9399903210195193,0.3702385869044078
0.29220754,0.2305257744194327,0.9399903210195193,0.37025034947229774
0.29223335,0.2304953315398006,0.9398290046781739,0.3701985702935676
0.2923196,0.23050445103857567,0.9398290046781739,0.3702103323374863
0.2923635,0.23051357125900135,0.9398290046781739,0.37022209512884197
0.29238385,0.2305226922011633,0.9398290046781739,0.370233858667706
0.2924155,0.23059568573124875,0.9398290046781739,0.3703279938974715
0.292452,0.23064133016627078,0.9398290046781739,0.3703868527286323
0.2924782,0.23065046122174274,0.9398290046781739,0.37039862674009927
0.29248434,0.230696127346163,0.9398290046781739,0.3704575080275346
0.29249027,0.23070526274106046,0.9398290046781739,0.37046928653154154
0.2925225,0.2307509505703422,0.9398290046781739,0.3705281902881052
0.29262602,0.23078751386468072,0.9398290046781739,0.3705753267814791
0.29265118,0.23079665649883135,0.9398290046781739,0.3705871127787687
0.29268968,0.23080579985738056,0.9398290046781739,0.3705988995257799
0.29270148,0.2308606752258678,0.9398290046781739,0.3706696357560059
0.29274595,0.23086982365761838,0.9398290046781739,0.3706814277530714
0.2927479,0.23087897281445668,0.9398290046781739,0.37069322050043096
0.2928114,0.2309521921826687,0.9398290046781739,0.37078758949848994
0.29281247,0.2309217046580773,0.9396676883368286,0.37073574338053866
0.29281276,0.23097664459336215,0.9396676883368286,0.3708065440190352
0.29282707,0.23098580379094297,0.9396676883368286,0.3708183467546248
0.2928436,0.2310591035303451,0.9396676883368286,0.3709127956951844
0.2928512,0.23106826926891189,0.9396676883368286,0.37092460519581144
0.29285392,0.231132449805571,0.9396676883368286,0.3710072927610601
0.2929301,0.23110194039919052,0.9395063719954831,0.3709554140124219
0.29294962,0.23118450301683074,0.9395063719954831,0.3710617692966153
0.29296154,0.23119368028264062,0.9395063719954831,0.3710735903150701
0.29298362,0.23120285827709408,0.9395063719954831,0.37108541208671986
0.2929852,0.23117233713128746,0.9393450556541377,0.3710335159930563
0.29299122,0.23118151500714626,0.9393450556541377,0.37104533724121613
0.29299134,0.23119987294528707,0.9393450556541377,0.37106898199745264
0.2930032,0.2312090530077427,0.9393450556541377,0.37108080550567324
0.29301122,0.23121823379923762,0.9393450556541377,0.3710926297673916
0.2930185,0.23127333386289617,0.9393450556541377,0.3711635911651863
0.2930216,0.23135603321546347,0.9393450556541377,0.37127008416188634
0.29308742,0.23141119898263324,0.9393450556541377,0.37134111344908016
0.29310456,0.23149399697861175,0.9393450556541377,0.3714477083529504
0.29313868,0.23154922856688404,0.9393450556541377,0.37151880562701545
0.29319867,0.23155843639400325,0.9393450556541377,0.3715306578188622
0.29327098,0.23161369873911142,0.9393450556541377,0.3716017868535435
0.29327494,0.23162291169451074,0.9393450556541377,0.37161364434059974
0.29328158,0.23163212538287123,0.9393450556541377,0.371625502584404
0.29336536,0.23168742291011818,0.9393450556541377,0.3716966679429993
0.2933721,0.23175197007084294,0.9393450556541377,0.3717797286509195
0.29346272,0.23182578230750855,0.9393450556541377,0.37187470064150635
0.2936498,0.23189040659471943,0.9393450556541377,0.37195784094506723
0.2936857,0.23194582752439752,0.9393450556541377,0.372029133656723
0.29372424,0.2319550669216061,0.9393450556541377,0.3720410184324204
0.29379067,0.23196430705493368,0.9393450556541377,0.3720529039674799
0.2938249,0.23203825463239688,0.9393450556541377,0.37214801559372584
0.29388577,0.2321122493721848,0.9393450556541377,0.37224317586108985
0.29389572,0.23221406922954219,0.9393450556541377,0.3723741007191066
0.29394427,0.23222333000997009,0.9393450556541377,0.3723860075458866
0.29395267,0.23219270957964425,0.9391837393127924,0.37233396220350007
0.2940013,0.23227608218631557,0.9391837393127924,0.3724411463661099
0.29400733,0.23233169719462068,0.9391837393127924,0.3725126367646701
0.29403663,0.23230106153723362,0.939022422971447,0.3724605688322635
0.29404896,0.232375249500998,0.939022422971447,0.3725559217891792
0.2940645,0.23244948486542608,0.939022422971447,0.3726513235808732
0.29413947,0.2325237676759607,0.939022422971447,0.37274677424487124
0.29416037,0.23262598409463295,0.939022422971447,0.3728780987761855
0.29421738,0.23263528095276156,0.939022422971447,0.3728900419586196
0.2942911,0.23271898612721384,0.939022422971447,0.3729975650387692
0.29432058,0.2327469012395042,0.939022422971447,0.37303341984652066
0.29434288,0.23282137429005678,0.939022422971447,0.3731290663757592
0.2943773,0.2328306867725291,0.939022422971447,0.37314102564070717
0.29442316,0.23284,0.939022422971447,0.37315298567229926
0.29447663,0.2328493139725589,0.939022422971447,0.37316494647060916
0.2944843,0.23294249469766698,0.939022422971447,0.37328459663941466
0.29450417,0.23300776559122569,0.939022422971447,0.37336839742118805
0.2945347,0.2330170929906729,0.939022422971447,0.3733803720330361
0.29460242,0.23307307307307307,0.939022422971447,0.3734522358372383
0.29462042,0.23308240570193,0.939022422971447,0.373464215827481
0.29462996,0.23309173907820446,0.939022422971447,0.37347619658636166
0.29464644,0.23314775503664836,0.939022422971447,0.37354809728518473
0.2946594,0.2331570936473604,0.939022422971447,0.3735600834266025
0.29470357,0.23320379792476262,0.939022422971447,0.3736200256736222
0.2947356,0.23321314102564103,0.939022422971447,0.37363201643153077
0.29478422,0.2332224848751953,0.939022422971447,0.3736440079591138
0.29480037,0.2332692153562555,0.939022422971447,0.37370397714473946
0.29483074,0.23327856369975555,0.939022422971447,0.37371597329192563
0.29484478,0.23328791279256172,0.939022422971447,0.37372797020930526
0.2948478,0.23334402308987412,0.939022422971447,0.37379996789179865
0.29488936,0.23342823916268998,0.939022422971447,0.3739080164436687
0.2950255,0.23343760025665705,0.939022422971447,0.3739200256942371
0.2950422,0.23348441699089487,0.939022422971447,0.3739800835204006
0.29516247,0.23349378259125553,0.939022422971447,0.37399209740081824
0.29516256,0.23350314894299812,0.939022422971447,0.37400411205313766
0.29516357,0.2335125160462131,0.939022422971447,0.37401612747743346
0.2951726,0.23358747993579454,0.939022422971447,0.3741122786718748
0.29533222,0.23364373444649594,0.939022422971447,0.3741844245167638
0.29539922,0.23365311283265766,0.939022422971447,0.3741964515296372
0.2954177,0.23370939896414664,0.939022422971447,0.3742686298460128
0.29543743,0.23371878262266121,0.939022422971447,0.3742806622726273
0.295484,0.2338032694702173,0.939022422971447,0.37438898893716466
0.29549477,0.23381266066838047,0.939022422971447,0.37440102910403833
0.2955041,0.23382205262100825,0.939022422971447,0.37441307004534874
0.2955316,0.233859627977984,0.939022422971447,0.3744612415564514
0.29553854,0.2338690237042989,0.939022422971447,0.3744732863710661
0.29559463,0.23387842018562416,0.939022422971447,0.37448533196056594
0.29561144,0.23396302250803858,0.939022422971447,0.37459377714823755
0.2956984,0.23397242654447525,0.939022422971447,0.37460583049070323
0.29570812,0.2340194580686661,0.939022422971447,0.374666108840153
0.2957412,0.23412299400715925,0.939022422971447,0.37479878951741924
0.29575863,0.23417008608898543,0.939022422971447,0.37485912998647886
0.29577458,0.23417950677877458,0.939022422971447,0.3748712004118391
0.2957988,0.23418892822658513,0.939022422971447,0.37488327161455726
0.2958112,0.23419835043250856,0.939022422971447,0.3748953435947085
0.29588276,0.23430204475929803,0.939022422971447,0.3750281867084392
0.29595584,0.23427122328221228,0.9388611066301016,0.37497583918529986
0.29599097,0.23431838312263467,0.9388611066301016,0.37503624705964095
0.29601914,0.2343278173692475,0.9388611066301016,0.3750483309701661
0.29605904,0.23429698824287326,0.9386997902887563,0.37499597228903103
0.2960672,0.2343064223877592,0.9386997902887563,0.3750080556805464
0.2960674,0.2343158572924217,0.9386997902887563,0.3750201398508065
0.29608294,0.23439136389269313,0.9386997902887563,0.37511684125673095
0.2960909,0.23436052366565963,0.9385384739474109,0.3750644662193811
0.29610267,0.23436996455043507,0.9385384739474109,0.3750765561032163
0.29610446,0.23443607204738687,0.9385384739474109,0.37516120711858647
0.29611248,0.23440522243713732,0.9383771576060655,0.3751088183133993
0.2961189,0.23446191051995163,0.9383771576060655,0.3751813989483724
0.29614654,0.2344713611995647,0.9383771576060655,0.37519349845169253
0.2962163,0.2345375372953794,0.9383771576060655,0.3752782168313952
0.29623282,0.23454699407281965,0.9383771576060655,0.37529032258032524
0.29630357,0.2346321393998064,0.9383771576060655,0.3753993094766249
0.29631034,0.2346416038078335,0.9383771576060655,0.3754114230393702
0.2963352,0.23471734656821208,0.9383771576060655,0.37550835969240465
0.2963671,0.23478366160800776,0.9383771576060655,0.37559322033866294
0.29660007,0.23479313824419779,0.9383771576060655,0.3756053464192575
0.2966303,0.2348879466989703,0.9383771576060655,0.375726650303258
0.29665038,0.23489743175577452,0.9383771576060655,0.37573878500113306
0.2966535,0.23490691757864557,0.9383771576060655,0.37575092048285264
0.29673368,0.23491640416767628,0.9383771576060655,0.37576305674849275
0.29686752,0.23492589152295948,0.9383771576060655,0.3757751937981293
0.29686898,0.23493537964458805,0.9383771576060655,0.3757873316318383
0.2968882,0.23500181796145922,0.9383771576060655,0.37587231842821417
0.29691708,0.23501131221719457,0.9383771576060655,0.375884462537239
0.29694194,0.2350208072401115,0.9383771576060655,0.37589660743102055
0.2969481,0.23503030303030303,0.9383771576060655,0.3759087531096347
0.2969846,0.23509679505314635,0.9383771576060655,0.3759937948416419
0.2969891,0.235106296984884,0.9383771576060655,0.3760059468016575
0.29702136,0.23511579968473384,0.9383771576060655,0.3760180995471908
0.29705894,0.23521086894990093,0.9383771576060655,0.3761396702227639
0.29706702,0.23527746319365797,0.9383771576060655,0.3762248164793224
0.29711223,0.23530601512883784,0.9383771576060655,0.37626131953396147
0.2971156,0.23531553398058253,0.9383771576060655,0.376273488792978
0.29716104,0.235325053602492,0.9383771576060655,0.37628565883919035
0.29716852,0.23533457399465976,0.9383771576060655,0.37629782967267483
0.29717585,0.23534409515717927,0.9383771576060655,0.37631000129350783
0.29720005,0.23542982030111706,0.9383771576060655,0.3764195813242983
0.29721305,0.23539887481280608,0.9382158412647201,0.3763670484692321
0.29724154,0.23540840281712944,0.9382158412647201,0.3763792266620316
0.2972663,0.2354560544107526,0.9382158412647201,0.3764401294495174
0.29729778,0.2354251012145749,0.9380545249233747,0.3763875853584287
0.29738608,0.23550137696419893,0.9380545249233747,0.37648506037325075
0.29738852,0.23557770215524226,0.9380545249233747,0.37658258588835575
0.2974255,0.23560633685831206,0.9380545249233747,0.376619170984135
0.29750457,0.2356158833063209,0.9380545249233747,0.37663136759578
0.2975425,0.235759172917089,0.9380545249233747,0.3768144116119133
0.29756182,0.23580697485806976,0.9380545249233747,0.3768754658281244
0.2975708,0.2358452303698897,0.9380545249233747,0.37692432344806653
0.29761234,0.23592177864329764,0.9380545249233747,0.37702207670081667
0.29766008,0.23589077778228587,0.9378932085820294,0.37696946119399893
0.29773393,0.23594821638732194,0.9378932085820294,0.377042801556099
0.29779387,0.2359577922077922,0.9378932085820294,0.37705502772431315
0.29781362,0.2360056829713822,0.9378932085820294,0.37711617046085794
0.29788113,0.2361111111111111,0.9378932085820294,0.37725075430652744
0.2978995,0.2361782508022911,0.9378932085820294,0.37733644859780946
0.29797965,0.2361878453038674,0.9378932085820294,0.3773486938176244
0.29807216,0.2361568149502336,0.937731892240684,0.3772960342698155
0.29809156,0.23612578207524174,0.9375705758993386,0.3772433713039982
0.29809737,0.23619295322469216,0.9375705758993386,0.37732909173505474
0.29815924,0.23626976706370179,0.9375705758993386,0.3774271056558899
0.29818514,0.2363274102386858,0.9375705758993386,0.3775006495190341
0.29821387,0.2363370201691607,0.9375705758993386,0.3775129096161247
0.2982362,0.2363466308812167,0.9375705758993386,0.37752517050958423
0.29827726,0.23635624237494918,0.9375705758993386,0.37753743219949
0.29829368,0.23636585465045346,0.9375705758993386,0.3775496946859197
0.29832,0.23637546770782494,0.9375705758993386,0.37756195796895103
0.2983691,0.23638508154715906,0.9375705758993386,0.3775742220486617
0.29842332,0.2364139277578913,0.9375705758993386,0.3776110190686449
0.29847714,0.23650050864699898,0.9375705758993386,0.3777214531744362
0.2985382,0.23651013266053553,0.9375705758993386,0.37773372761804497
0.2985782,0.23651975745737192,0.9375705758993386,0.37774600285942084
0.29860836,0.23652938303760376,0.9375705758993386,0.37775827889864155
0.29861096,0.23653900940132677,0.9375705758993386,0.37777055573578483
0.2986121,0.2366353161516225,0.9375705758993386,0.3778933680100813
0.29861918,0.23664495114006515,0.9375705758993386,0.37790565362951006
0.29863012,0.2367027775515191,0.9375705758993386,0.37797938412480414
0.2986474,0.23677992340910942,0.9375705758993386,0.3780777362169491
0.29872185,0.23678957017722552,0.9375705758993386,0.3780900338274168
0.29872504,0.23679921773142112,0.9375705758993386,0.37810233223791107
0.29873878,0.23680886607179236,0.9375705758993386,0.37811463144851026
0.2987432,0.23687642647538312,0.9375705758993386,0.37820074833219786
0.2987489,0.23690539273631436,0.9375705758993386,0.37823766757744703
0.2987626,0.23691504973096364,0.9375705758993386,0.3782499755943543
0.29877716,0.2369247075129428,0.9375705758993386,0.378262284412304
0.29884627,0.23693436608234814,0.9375705758993386,0.37827459403137437
0.2988516,0.23699233404012396,0.9375705758993386,0.3783484685737103
0.29889992,0.2370019981242099,0.9375705758993386,0.3783607838028156
0.29890597,0.23705033036952444,0.9375705758993386,0.3784223719761078
0.29891923,0.23713737810600188,0.9375705758993386,0.3785332812293247
0.29902786,0.2371470540231761,0.9375705758993386,0.3785456084928552
0.29904342,0.23715673072999552,0.9375705758993386,0.3785579365593078
0.29904765,0.23712560189341386,0.9374092595579933,0.37850512945742076
0.29904833,0.23721271992488877,0.9374092595579933,0.3786161063327504
0.29907542,0.23730959284518316,0.9374092595579933,0.37873949032099674
0.29910108,0.23736775458518852,0.9374092595579933,0.37881355932171146
0.29910913,0.23737745098039215,0.9374092595579933,0.37882590697187346
0.29915306,0.2373871481678173,0.9374092595579933,0.37883825542701954
0.29917324,0.23739684614756107,0.9374092595579933,0.3788506046872284
0.29923147,0.23736569023981696,0.9372479432166478,0.3787977572040066
0.29923582,0.23737538813531622,0.9372479432166478,0.3788101059491477
0.29928735,0.23738508682328907,0.9372479432166478,0.3788224554994493
0.29929727,0.23739478630383265,0.9372479432166478,0.37883480585498996
0.299298,0.2374432955985124,0.9372479432166478,0.3788965697140377
0.29941013,0.23745299983652118,0.9372479432166478,0.37890892490266764
0.29945827,0.2374627048677811,0.9372479432166478,0.3789212808970882
0.29946265,0.23747241069238945,0.9372479432166478,0.3789336376973783
0.29946727,0.23750153292727794,0.9372479432166478,0.37897071293425433
0.29947385,0.23755979883060063,0.9372479432166478,0.37904488517713036
0.29949337,0.23761809332951617,0.9372479432166478,0.3791190864597099
0.2995339,0.23774449627629102,0.9372479432166478,0.3792799556089078
0.29955864,0.23775422515038672,0.9372479432166478,0.3792923358137521
0.29960895,0.23772303159273203,0.9370866268753024,0.37923943202187393
0.29968584,0.2378300921187308,0.9370866268753024,0.3793756530822267
0.29970706,0.23785930718204898,0.9370866268753024,0.3794128212661282
0.29986537,0.23791775884665792,0.9370866268753024,0.3794871794868565
0.29989558,0.23795674258561364,0.9370866268753024,0.3795367678282353
0.29995066,0.2379664905165704,0.9370866268753024,0.3795491669385858
0.300034,0.23797623924621056,0.9370866268753024,0.37956156685909737
0.30006644,0.2379859887746323,0.9370866268753024,0.37957396758984946
0.3001405,0.23799573910193378,0.9370866268753024,0.3795863691309214
0.30015966,0.23796451837587576,0.9369253105339571,0.3795334248183399
0.30016744,0.23806205681026354,0.9369253105339571,0.37965747156458735
0.30019712,0.23807181505164782,0.9369253105339571,0.3796698806991376
0.300209,0.23804058208649315,0.9367639941926117,0.37961691834968014
0.30021524,0.23810890601935378,0.9367639941926117,0.37970379572988894
0.30024892,0.23823589743589743,0.9367639941926117,0.3798652449790709
0.30027452,0.23831411335002256,0.9367639941926117,0.3799646666227218
0.30027798,0.2383728089979886,0.9367639941926117,0.38003926701538343
0.300301,0.23838259441707718,0.9367639941926117,0.3800517032622179
0.30031744,0.23846090670170828,0.9367639941926117,0.3801512225455833
0.30032954,0.2384706993552626,0.9367639941926117,0.3801636661207894
0.30040878,0.23858827396359752,0.9367639941926117,0.38031305258989184
0.30041265,0.2385569890705892,0.9366026778512664,0.38026001244359686
0.3004207,0.23856679130541972,0.9366026778512664,0.3802724652865509
0.30042574,0.23861581456518166,0.9366026778512664,0.380334741737582
0.30043605,0.23864523819310288,0.9366026778512664,0.38037211740009563
0.3004512,0.23861394278197962,0.936441361509921,0.3803190618138081
0.30048457,0.23858264479796112,0.9362800451685755,0.3802660027514289
0.3004901,0.2386611291582713,0.9362800451685755,0.3803656858244355
0.30049798,0.2386905741075835,0.9362800451685755,0.3804030804519128
0.3005055,0.23870039070532592,0.9362800451685755,0.38041554696172636
0.30050686,0.23866907954265032,0.9361187288272302,0.3803624684557441
0.30056006,0.23876728110599077,0.9361187288272302,0.38048716519654197
0.300578,0.2387967573350891,0.9361187288272302,0.38052459016361057
0.3005854,0.23880658436213992,0.9361187288272302,0.38053706678875115
0.3006028,0.23890489913544669,0.9361187288272302,0.38066187805405627
0.3006222,0.23901313892664441,0.9361187288272302,0.38079926504331396
0.30072203,0.23909192039882987,0.9361187288272302,0.3808992451588488
0.3008766,0.23910177173465183,0.9361187288272302,0.3809117463648339
0.3008815,0.23915104059344736,0.9361187288272302,0.3809742647055582
0.30088377,0.239190470302131,0.9361187288272302,0.38102429415594635
0.3010517,0.23923977572559366,0.9361187288272302,0.38108684944968396
0.30108467,0.23924963924963924,0.9361187288272302,0.38109936297334096
0.30109048,0.23925950358703718,0.9361187288272302,0.3811118773188233
0.30122915,0.23930883747783413,0.9361187288272302,0.3811744613764492
0.30124483,0.23931870669745958,0.9361187288272302,0.38118698065458423
0.3012756,0.239328576731142,0.9361187288272302,0.3811995007551115
0.3012869,0.2393878140340745,0.9361187288272302,0.3812746386330528
0.30136222,0.2393976897689769,0.9361187288272302,0.3812871644925959
0.30139688,0.23940756631874252,0.9361187288272302,0.38129969117517987
0.30141124,0.23948660806405017,0.9361187288272302,0.38139993427506164
0.301504,0.23949649195212547,0.9361187288272302,0.3814124683686656
0.30150628,0.2395063766560733,0.9361187288272302,0.3814250032861222
0.3015716,0.23956570201874253,0.9361187288272302,0.38150023009631606
0.30164325,0.23957559243662785,0.9361187288272302,0.3815127707830159
0.30166247,0.23958548367119442,0.9361187288272302,0.38152531229421854
0.30167773,0.23959537572254336,0.9361187288272302,0.38153785463000517
0.3017275,0.2396745415496448,0.9361187288272302,0.38163822301108574
0.30175197,0.23968444095658997,0.9361187288272302,0.38165077277178977
0.30177277,0.23976366566128166,0.9361187288272302,0.3817512005785846
0.3017986,0.23982311856841756,0.9361187288272302,0.38182655612548133
0.30180776,0.23983303025293437,0.9361187288272302,0.3818391182757075
0.30190974,0.23984294275676793,0.9361187288272302,0.3818516812525541
0.30198678,0.2399619567464748,0.9361187288272302,0.38200250148081527
0.3019921,0.2399305268381441,0.9359574124858848,0.3819492445933357
0.3020347,0.2399404491129399,0.9359574124858848,0.3819618169845336
0.3020352,0.23995037220843674,0.9359574124858848,0.3819743902034343
0.30208614,0.2399801464201514,0.9359574124858848,0.3820121148271705
0.30211255,0.23999007279947054,0.9359574124858848,0.3820246913576998
0.30219993,0.24,0.9359574124858848,0.38203726871634064
0.30227324,0.24000992802184165,0.9359574124858848,0.38204984690317495
0.3023895,0.24001985686509741,0.9359574124858848,0.3820624259182843
0.30247152,0.24003971701625915,0.9359574124858848,0.38208758643365603
0.30247667,0.24011919049786865,0.9359574124858848,0.382188261642518
0.3024927,0.24012912838341197,0.9359574124858848,0.3822008497740566
0.3025178,0.24013906709159388,0.9359574124858848,0.38221343873485286
0.30254513,0.24018877297565822,0.9359574124858848,0.3822763959805677
0.3025461,0.24029819838475874,0.9359574124858848,0.38241497495353716
0.30261484,0.24035792700608974,0.9359574124858848,0.3824906058405345
0.30262354,0.24042764793635008,0.9359574124858848,0.3825788796937171
0.3026262,0.24051734858848403,0.9359574124858848,0.38269243453565516
0.3026997,0.24052731945941463,0.9359574124858848,0.3827050559015249
0.302708,0.24061709451333305,0.9359574124858848,0.3828186856687165
0.30271003,0.24065701605209672,0.9359574124858848,0.3828692094493248
0.30272335,0.24069695084007467,0.9359574124858848,0.3829197465677844
0.30272728,0.24066544971788914,0.9357960961445394,0.38286638286605734
0.3027548,0.24073536124828818,0.9357960961445394,0.3829548455238361
0.30277288,0.24080531340805314,0.9357960961445394,0.38304334907029414
0.3027882,0.24081530989248204,0.9357960961445394,0.3830559957735783
0.30280733,0.24092532602375613,0.9357960961445394,0.3831951646461056
0.30282256,0.24100540091400083,0.9357960961445394,0.3832964419039327
0.3028555,0.24097386679961777,0.9356347798031941,0.3832430289411306
0.30285588,0.2410139206316227,0.9356347798031941,0.38329368226242866
0.3028661,0.24102393617021275,0.9356347798031941,0.3833063476849665
0.3029057,0.2410339525412459,0.9356347798031941,0.3833190139445556
0.30300972,0.24104396974482586,0.9356347798031941,0.3833316810412789
0.30301398,0.2410940682545621,0.9356347798031941,0.38339502908481427
0.30306008,0.2410625207848354,0.9354734634618487,0.38334159643001625
0.30310234,0.24107254209104137,0.9354734634618487,0.3833542672040108
0.3031091,0.24111263564924534,0.9354734634618487,0.3834049586773601
0.30312765,0.2410810810810811,0.9353121471205033,0.38335151575226095
0.30314633,0.24114124105806023,0.9353121471205033,0.38342757001587613
0.3031586,0.24115127064010314,0.9353121471205033,0.3834402486604769
0.3032005,0.2412014310674765,0.9353121471205033,0.38350365446274903
0.3032528,0.24127169073280347,0.9353121471205033,0.38359245782302825
0.3032743,0.24128173116937163,0.9353121471205033,0.3836051473747112
0.30327716,0.24137213271720578,0.9353121471205033,0.38371939113137477
0.30336544,0.24143243805954612,0.9353121471205033,0.3837955914473471
0.3034236,0.24140084950445573,0.935150830779158,0.38374209777215584
0.30346236,0.24146117960679772,0.935150830779158,0.38381832025656787
0.30348516,0.24147123755571293,0.935150830779158,0.3838310269479622
0.3035151,0.24154166666666665,0.935150830779158,0.38391999735057936
0.30354515,0.24155173132213842,0.935150830779158,0.3839327107752218
0.3035459,0.24162220740246748,0.935150830779158,0.38402172832930825
0.3036069,0.24163227877120586,0.935150830779158,0.3840344484925521
0.30364054,0.24164235097957482,0.935150830779158,0.3840471694984977
0.30369765,0.24165242402767936,0.935150830779158,0.384059891347229
0.3037861,0.24172295888583104,0.935150830779158,0.3841489678933815
0.30382848,0.2418137070871397,0.935150830779158,0.3842635556141505
0.30388236,0.2418237944268313,0.935150830779158,0.38427629180306083
0.30388534,0.24183388260815153,0.935150830779158,0.38428902883626614
0.30389994,0.24184397163120566,0.935150830779158,0.38430176671385025
0.30394167,0.24185406149609912,0.935150830779158,0.3843145054358973
0.30395782,0.24188433614286906,0.935150830779158,0.3843527266696552
0.3039644,0.2419752055766582,0.935150830779158,0.3844674359991428
0.30408213,0.2419853063950576,0.935150830779158,0.38448018570685294
0.30409676,0.2419954080567731,0.935150830779158,0.38449293626020264
0.3041337,0.24207625172255398,0.935150830779158,0.3845949711401231
0.30417955,0.24217738229519153,0.935150830779158,0.3847225909208306
0.30419245,0.2421457219251337,0.9349895144378125,0.3846689895467116
0.30424738,0.24211405890954668,0.9348281980964672,0.3846153846150578
0.30429122,0.24218488799732532,0.9348281980964672,0.3847047498917965
0.30436656,0.24219500982154052,0.9348281980964672,0.3847175197500548
0.30439216,0.24220513249184988,0.9348281980964672,0.38473029045610463
0.3044627,0.24217345872518287,0.9346668817551218,0.38467666976464454
0.30446482,0.2421835813409129,0.9346668817551218,0.38468943996249216
0.30447873,0.2422443348106029,0.9346668817551218,0.3847660789584007
0.3044997,0.24221265208847265,0.9345055654137764,0.3847124452115206
0.30450115,0.24218096671684228,0.9343442490724311,0.38465880790271134
0.3045352,0.24219109345598996,0.9343442490724311,0.384671581323974
0.3045744,0.2421594045329096,0.9341829327310857,0.38461793909574454
0.30461508,0.24216953121732948,0.9341829327310857,0.3846307120081746
0.3046777,0.2422303091144853,0.9341829327310857,0.3847073673018719
0.30468902,0.24224044173010958,0.9341829327310857,0.38472014615479666
0.3047004,0.24233167343181153,0.9341829327310857,0.3848351940453932
0.30471376,0.24234181452962839,0.9341829327310857,0.38484798139193066
0.30480832,0.24241282598685587,0.9341829327310857,0.3849375166175935
0.304885,0.24246357394071344,0.9341829327310857,0.38500149586112276
0.30489045,0.242431855294561,0.9340216163897402,0.38494780932086153
0.30494687,0.24240013399212795,0.9338603000483949,0.3848941192111351
0.30503127,0.24246104875188473,0.9338603000483949,0.3849709060678356
0.30516744,0.24247120418848167,0.9338603000483949,0.38498370685609357
0.30523434,0.24248136047583144,0.9338603000483949,0.3849965084956658
0.30526185,0.24249151761404097,0.9338603000483949,0.3850093109866373
0.30532953,0.2424597855227882,0.9336989837070495,0.3849556050676784
0.30537125,0.24242805077290436,0.9335376673657041,0.38490189557665966
0.30538693,0.24249916191753268,0.9335376673657041,0.38499151781226615
0.30540082,0.2424674181787705,0.9333763510243588,0.384937795222878
0.30542436,0.2424356717793982,0.9332150346830134,0.38488406905925143
0.30544093,0.24244583211097606,0.9332150346830134,0.38489687292049757
0.30544928,0.24245599329421627,0.9332150346830134,0.38490967763365913
0.30547127,0.24250681198910082,0.9332150346830134,0.38497371398117247
0.3055238,0.24255765199161425,0.9332150346830134,0.38503777163932773
0.30552468,0.24256782255021175,0.9332150346830134,0.38505058572917195
0.30557257,0.24262886381747265,0.9332150346830134,0.38512748818288267
0.30558243,0.24263904034896402,0.9332150346830134,0.3851403082450704
0.30558422,0.24272048334312327,0.9332150346830134,0.38524289947691404
0.3056399,0.24273066756178407,0.9332150346830134,0.38525572722396645
0.30564997,0.24278160147725364,0.9332150346830134,0.38531987877544077
0.30567455,0.24279179082553407,0.9332150346830134,0.3853327116495758
0.30568415,0.24280198102912784,0.9332150346830134,0.3853455453785232
0.3057128,0.24286314021830394,0.9332150346830134,0.3854225657080569
0.3057322,0.24287333641210798,0.9332150346830134,0.38543540542308485
0.30573347,0.2428835334620875,0.9332150346830134,0.385448245993609
0.30573997,0.24289373136835035,0.9332150346830134,0.38546108741971485
0.30576164,0.24290393013100436,0.9332150346830134,0.38547392970148797
0.30589065,0.24291412975015747,0.9332150346830134,0.3854867728390139
0.30595115,0.24301617307288384,0.9332150346830134,0.3856152512994988
0.3059715,0.243026382120652,0.9332150346830134,0.38562810385595314
0.30600867,0.2430365920262152,0.9332150346830134,0.38564095726918746
0.3060719,0.24310808539250295,0.9332150346830134,0.3857309551588653
0.30607837,0.24316939890710382,0.9332150346830134,0.3858081296472094
0.30614883,0.24325119838533343,0.9332150346830134,0.385911077015115
0.30616984,0.2433330529149491,0.9332150346830134,0.3860140793377428
0.30617404,0.24340472083140488,0.9332150346830134,0.3861042514846882
0.3061845,0.2434559380523525,0.9332150346830134,0.3861686859580844
0.30618468,0.2435174271762923,0.9332150346830134,0.3862460357199188
0.3062773,0.2435379304538183,0.9332150346830134,0.38627182586018655
0.30632216,0.24358920375594761,0.9332150346830134,0.3863363162812264
0.30634674,0.24365076022406604,0.9332150346830134,0.38641373321722555
0.30644345,0.24366102266026451,0.9332150346830134,0.38642663905648333
0.30648986,0.24362916473611052,0.9330537183416681,0.3863727454906536
0.30649713,0.24370101963427993,0.9330537183416681,0.3864631009250716
0.30653954,0.24374209860935525,0.9330537183416681,0.38651475157840787
0.30656633,0.24375237051708878,0.9330537183416681,0.38652766639902997
0.30657423,0.24378319143555593,0.9330537183416681,0.38656641603977177
0.306596,0.24379346680716543,0.9330537183416681,0.38657933431326585
0.30663577,0.2438037430450177,0.9330537183416681,0.3865922534501945
0.30668864,0.24384485666104552,0.9330537183416681,0.38664393863398405
0.30674377,0.24385513723175514,0.9330537183416681,0.3866568620893833
0.30675492,0.2439374130150563,0.9330537183416681,0.386760280842199
0.30676344,0.2439477013918178,0.9330537183416681,0.3867732120763038
0.30676454,0.2439888635788408,0.9330537183416681,0.38682494566093206
0.30680487,0.2439569711031428,0.9328924020003226,0.3867710005347168
0.30681896,0.2440599282549061,0.9328924020003226,0.3869003813470988
0.3068883,0.24414235656689323,0.9328924020003226,0.38700394833668517
0.30692294,0.24415266402094063,0.9328924020003226,0.3870168981090906
0.3069458,0.24416297234536627,0.9328924020003226,0.3870298487481654
0.30695435,0.24417328154028037,0.9328924020003226,0.38704280025399634
0.30699283,0.2441835916057932,0.9328924020003226,0.38705575262667063
0.30699477,0.24419390254201503,0.9328924020003226,0.38706870586627534
0.30699992,0.2442661034846885,0.9328924020003226,0.38715940282487027
0.30709684,0.2443177017321504,0.9328924020003226,0.38722421239379207
0.30710623,0.24432802399763404,0.9328924020003226,0.38723717691141607
0.3071857,0.24433834713537267,0.9328924020003226,0.38725014229719
0.30723438,0.24443129464474408,0.9328924020003226,0.3873668698502973
0.30734792,0.2445346526280181,0.9328924020003226,0.3874966496914425
0.30739334,0.24456567707011756,0.9328924020003226,0.38753560060278697
0.307478,0.24467950074042732,0.9328924020003226,0.387678487631232
0.30751535,0.24464754167724465,0.9327310856589772,0.38762444273087443
0.3075274,0.24465789362332332,0.9327310856589772,0.3876374363096734
0.30753323,0.24466824644549762,0.9327310856589772,0.3876504307596184
0.30754304,0.2446786001438788,0.9327310856589772,0.3876634260807971
0.30755544,0.24473038178278167,0.9327310856589772,0.3877284157582624
0.3075688,0.24474074074074073,0.9327310856589772,0.38774141630868353
0.30761173,0.24484437857294092,0.9327310856589772,0.3878714697789689
0.3076811,0.24492735205659338,0.9327310856589772,0.3879755753871764
0.3076923,0.2450207644715654,0.9327310856589772,0.38809276101588014
0.30773604,0.24509346784790811,0.9327310856589772,0.3881839543467667
0.3077765,0.2451038575667656,0.9327310856589772,0.38819698546410353
0.3077772,0.2451142481665183,0.9327310856589772,0.3882100174563644
0.30780235,0.24522860293493934,0.9327310856589772,0.38835342714142396
0.30788448,0.24523900411417907,0.9327310856589772,0.3883664696396488
0.30795804,0.24520699015948422,0.9325697693176319,0.3883123425689398
0.30807772,0.24521739130434783,0.9325697693176319,0.3883253845633836
0.3081273,0.24522779333163655,0.9325697693176319,0.3883384274339228
0.3083157,0.2452381962414627,0.9325697693176319,0.3883514711806457
0.30851668,0.24532145130490135,0.9325697693176319,0.38845585270763955
0.30852845,0.24533186216262096,0.9325697693176319,0.38846890434399034
0.30853528,0.24534227390400204,0.9325697693176319,0.3884819568574083
0.308563,0.24543601935976905,0.9325697693176319,0.3885994689607833
0.3085813,0.24551940881678416,0.9325697693176319,0.3887039838625041
0.30858508,0.24560285495794035,0.9325697693176319,0.388808554998493
0.3086477,0.2456132897140672,0.9325697693176319,0.388821630346724
0.30868357,0.24562372535690008,0.9325697693176319,0.3888347065744135
0.30869505,0.24571768606282143,0.9325697693176319,0.3889524322138931
0.30877423,0.24572813057893395,0.9325697693176319,0.3889655172410492
0.3087744,0.24586399013311785,0.9325697693176319,0.3891357027460349
0.30878493,0.24587444709084721,0.9325697693176319,0.38914880010737396
0.30878678,0.24588490493811407,0.9325697693176319,0.3891618983503934
0.30885556,0.24593720752148387,0.9325697693176319,0.38922740279381207
0.30886915,0.24594767070835993,0.9325697693176319,0.3892405063287836
0.30888245,0.2459581347855684,0.9325697693176319,0.3892536107460589
0.30889255,0.245968599753223,0.9325697693176319,0.3892667160457272
0.30889922,0.24609424886126602,0.9325697693176319,0.38942404850084844
0.3089009,0.24606215410813112,0.9324084529762865,0.3893698002623932
0.30893627,0.24615646693070994,0.9324084529762865,0.38948787061961554
0.3090915,0.24616695059625213,0.9324084529762865,0.389500993968469
0.30909774,0.24627183638687686,0.9324084529762865,0.3896322761127841
0.30910167,0.2463768115942029,0.9324084529762865,0.3897636467847936
0.30910987,0.2463873140372565,0.9324084529762865,0.38977678872446536
0.3091145,0.2464818763326226,0.9324084529762865,0.38989510607407313
0.30914927,0.2465659926627421,0.9324084529762865,0.39000033737020323
0.30926347,0.24667121884602253,0.9324084529762865,0.3901319563966857
0.3092982,0.24671333447157248,0.9324084529762865,0.39018462888548266
0.3093533,0.2467870714316212,0.9324084529762865,0.3902768399726602
0.3093561,0.24679760888129804,0.9324084529762865,0.3902900165431039
0.30938894,0.2468081472308809,0.9324084529762865,0.3903031940033154
0.30940738,0.2468186864804851,0.9324084529762865,0.3903163723533848
0.30944198,0.24687139623286208,0.9324084529762865,0.39038227745475473
0.30951622,0.24688194088501622,0.9324084529762865,0.3903954611458646
0.30952102,0.24692412850307588,0.9324084529762865,0.39044820481609743
0.30952877,0.24700854700854702,0.9324084529762865,0.39055373492314605
0.3095427,0.24701910338048635,0.9324084529762865,0.39056693019765515
0.30954933,0.2470824605651263,0.9324084529762865,0.3906461205727966
0.3095861,0.24709302325581395,0.9324084529762865,0.3906593220908451
0.30964085,0.24710358684964304,0.9324084529762865,0.39067252450118956
0.30968788,0.24707139803334757,0.9322471366349411,0.390618135117449
0.30970275,0.24703920646457736,0.9320858202935958,0.39056374205725963
0.3097187,0.2470070121429793,0.9319245039522503,0.3905093453202487
0.3097286,0.24708096317522774,0.9319245039522503,0.3906017579442258
0.30973297,0.24704875962360992,0.9317631876109049,0.39054734778018857
0.30974033,0.24713332192366935,0.9317631876109049,0.390653004632586
0.3097939,0.24714389628171665,0.9317631876109049,0.390666215758884
0.3098001,0.24715447154471545,0.9317631876109049,0.3906794277787616
0.3098042,0.24720736143804836,0.9317631876109049,0.3907455012850156
0.30982003,0.24721794213319637,0.9317631876109049,0.39075871866827455
0.3098224,0.2472285237341095,0.9317631876109049,0.39077193694574797
0.3098691,0.24723910624090403,0.9317631876109049,0.3907851561175265
0.309933,0.2473237989209557,0.9317631876109049,0.3908909416976348
0.30995026,0.2474085496444787,0.9317631876109049,0.3909967845655848
0.30996585,0.2474191475690726,0.9317631876109049,0.39101001895444765
0.3099673,0.2473869088416724,0.9316018712695596,0.3909555563074232
0.30997553,0.247354667352097,0.9314405549282142,0.3909010899732653
0.30999085,0.24746067800968585,0.9314405549282142,0.3910334552346676
0.309993,0.24747128407337562,0.9314405549282142,0.3910466966912805
0.31004363,0.24752432803189436,0.9314405549282142,0.3911129174283751
0.31009632,0.24753493955243078,0.9314405549282142,0.3911261642672381
0.31014878,0.24758801080571158,0.9314405549282142,0.39119241192378745
0.3101721,0.24761986448237414,0.9314405549282142,0.3912321712907885
0.31020796,0.24771547470933974,0.9314405549282142,0.3913514978985429
0.31023237,0.2477367314540696,0.9314405549282142,0.39137802480818157
0.31031954,0.2477473611945422,0.9314405549282142,0.39139128961159825
0.31034717,0.24776862341228972,0.9314405549282142,0.3914178219160833
0.31037864,0.24783243196840932,0.9314405549282142,0.3914974404173376
0.31039038,0.24780014594153754,0.9312792385868689,0.3914429075125511
0.310405,0.24785334020264468,0.9312792385868689,0.39150927401546937
0.31040978,0.2479278505475628,0.9312792385868689,0.3916022249352261
0.31044275,0.2479384985397698,0.9312792385868689,0.39161550724112903
0.31044382,0.24794914744663488,0.9312792385868689,0.391628790448077
0.31048545,0.24802371541501977,0.9312792385868689,0.3917217981336797
0.31049442,0.24811965444621137,0.9312792385868689,0.3918414443762373
0.3104982,0.24820499591555956,0.9312792385868689,0.39194785796694304
0.31056204,0.2482797178737313,0.9312792385868689,0.39204101728261215
0.31059134,0.2482473872091523,0.9311179222455235,0.39198641765671344
0.31059378,0.24825806451612903,0.9311179222455235,0.3919997283435842
0.310619,0.2483221476510067,0.9311179222455235,0.39207961145230485
0.31064075,0.2484183344092963,0.9311179222455235,0.3921994971797993
0.31066132,0.24838598605491952,0.9309566059041781,0.3921448714025146
0.31074414,0.2483966771402746,0.9309566059041781,0.39215819516139616
0.31079367,0.24836432506887052,0.9307952895628328,0.3921035642686356
0.3108528,0.24848197752034795,0.9307952895628328,0.3922501699520806
0.31088018,0.24849267872523687,0.9307952895628328,0.39226350317788544
0.31089535,0.24850338085188853,0.9307952895628328,0.3922768373101575
0.31089902,0.24858903106285812,0.9307952895628328,0.39238354301224804
0.31090146,0.24864259243299147,0.9307952895628328,0.39245026356028617
0.3109188,0.2486533074768369,0.9307952895628328,0.392463610392811
0.31101957,0.24874978444559406,0.9307952895628328,0.3925837727501349
0.31102347,0.2488141440275981,0.9307952895628328,0.3926639218751988
0.311072,0.24887853692201517,0.9307952895628328,0.39274410373311835
0.31108266,0.24896444597859854,0.9307952895628328,0.39285106382945423
0.31113127,0.24901816926330328,0.9307952895628328,0.3929179434794082
0.31115624,0.2490611645875599,0.9307952895628328,0.3929714635970244
0.31126106,0.24910417476147304,0.9307952895628328,0.39302499829678567
0.31126776,0.24911492962611173,0.9307952895628328,0.39303838425088444
0.31126803,0.24912568541945512,0.9307952895628328,0.3930517711168331
0.3112689,0.24909326424870468,0.9306339732214873,0.39299703668347763
0.31128743,0.2491040200354074,0.9306339732214873,0.3930104230530083
0.3113049,0.2491793365583967,0.9306339732214873,0.3931041531801377
0.31131032,0.24921162901205235,0.9306339732214873,0.3931443369221146
0.31131628,0.2492546986390149,0.9306339732214873,0.393197928025839
0.31137845,0.24935165975103735,0.9306339732214873,0.39331856144503907
0.31141612,0.24936243786470716,0.9306339732214873,0.3933319697276274
0.31142804,0.24942712611872542,0.9306339732214873,0.3934124386248712
0.3114506,0.2495242214532872,0.9306339732214873,0.39353320372421374
0.3114517,0.24959979232466578,0.9306339732214873,0.39362718340578
0.3114802,0.24961059190031154,0.9306339732214873,0.39364061273891116
0.3115192,0.24957812297174506,0.9304726568801419,0.39358580689151224
0.311543,0.24958892254435308,0.9304726568801419,0.3935992357293058
0.3115629,0.2496969696969697,0.9304726568801419,0.39373357452439417
0.31156823,0.24977265838132767,0.9304726568801419,0.39382766625666477
0.31159407,0.24983757092736172,0.9304726568801419,0.39390835211330416
0.3116413,0.2498483929654336,0.9304726568801419,0.3939218029704704
0.31165475,0.24992417349105248,0.9304726568801419,0.39401598469807453
0.31173456,0.24993500303319177,0.9304726568801419,0.3940294429070678
0.3117544,0.24998916482468686,0.9304726568801419,0.3940967477449517
0.3118166,0.25,0.9304726568801419,0.39411021147177167
0.31181994,0.25001083611460273,0.9304726568801419,0.3941236761185591
0.3118618,0.25002167316861723,0.9304726568801419,0.3941371416854087
0.31189018,0.2501084034342208,0.9304726568801419,0.3942448993537551
0.31201237,0.2500758856944625,0.9303113405387966,0.39419002050547597
0.312049,0.25008673026886385,0.9303113405387966,0.39420349294200857
0.31208196,0.2501626686331497,0.9303113405387966,0.3942978257893555
0.31208828,0.2502495118246908,0.9303113405387966,0.3944056900557458
0.3120922,0.25033641533185746,0.9303113405387966,0.39451361335306573
0.31211886,0.2503472825143254,0.9303113405387966,0.3945271079182566
0.31214863,0.25035815064032996,0.9303113405387966,0.3945406034066577
0.31215185,0.2503690197099939,0.9303113405387966,0.39455409981836387
0.31215906,0.2503798897234403,0.9303113405387966,0.3945675971534699
0.31216228,0.25039076068079197,0.9303113405387966,0.3945810954120704
0.31217808,0.25040163258217185,0.9303113405387966,0.3945945945942604
0.3121836,0.25036908380373424,0.9301500241974512,0.39453966950597796
0.31221804,0.2503365321985323,0.9299887078561059,0.39448474065930716
0.31225345,0.2503474031613688,0.9299887078561059,0.39449823793034633
0.31245112,0.250358275068398,0.9299887078561059,0.39451173612503354
0.3124896,0.2504452843303358,0.9299887078561059,0.3946197549452471
0.3125514,0.25053235409152147,0.9299887078561059,0.39472783293359237
0.31257477,0.2505432420686658,0.9299887078561059,0.39474134684481604
0.31261897,0.25055413099222046,0.9299887078561059,0.3947548616813966
0.31263387,0.25052155771905427,0.9298273915147605,0.3946999007083999
0.31273347,0.250630489607792,0.9298273915147605,0.3948350857961515
0.31273898,0.25069589422407795,0.9298273915147605,0.3949162413069177
0.31280288,0.25070679831238313,0.9298273915147605,0.3949297704690043
0.31281498,0.2507177033492823,0.9298273915147605,0.39494330055809496
0.3128538,0.2506851102701292,0.929666075173415,0.39488831026415766
0.31288266,0.2507942034031072,0.929666075173415,0.39502364795360323
0.31288278,0.2508706251088281,0.929666075173415,0.39511843954578985
0.3129105,0.2509689500500806,0.929666075173415,0.39524038131781897
0.31294712,0.25103454284096355,0.929666075173415,0.39532171765640817
0.31302717,0.25108922969675845,0.929666075173415,0.39538952351515344
0.31302807,0.2511986749193619,0.929666075173415,0.395525205037241
0.3130569,0.2513082155939299,0.929666075173415,0.395660979711999
0.31310418,0.2513191749160525,0.929666075173415,0.39567456230656506
0.31312937,0.2513301351940689,0.929666075173415,0.3956881458337135
0.31318665,0.2512974835361333,0.9295047588320697,0.39563306783817087
0.31318673,0.2513961605584642,0.9295047588320697,0.3957553487410364
0.3132276,0.25140712945590993,0.9295047588320697,0.39576894017412734
0.3132284,0.25141809931058556,0.9295047588320697,0.39578253254079193
0.31333977,0.2514290701226164,0.9295047588320697,0.39579612584112656
0.3133498,0.25152785053256504,0.9295047588320697,0.395918507575162
0.31337944,0.25163769761551225,0.9295047588320697,0.39605457607279937
0.31338695,0.2517256443861948,0.9295047588320697,0.3961634982292359
0.31339192,0.25178064234214553,0.9295047588320697,0.3962316050058535
0.31342337,0.2517916448173396,0.9295047588320697,0.3962452291713456
0.31342736,0.2518026482541625,0.9295047588320697,0.396258854273786
0.31357455,0.25176995017918014,0.9293434424907243,0.39620370688732315
0.31359348,0.25178095362964903,0.9293434424907243,0.3962173314989767
0.31359676,0.25179195804195803,0.9293434424907243,0.39623095704770606
0.31362566,0.2518029634162332,0.9293434424907243,0.3962445835336077
0.31367105,0.25177025963808025,0.9291821261493789,0.3961894280699606
0.31370732,0.25178126502600867,0.9291821261493789,0.3962030540648729
0.3137159,0.2518803568305055,0.9291821261493789,0.3963257302091804
0.3137593,0.2519354415431046,0.9291821261493789,0.396393916454141
0.31382367,0.2519464613769574,0.9291821261493789,0.39640755651871057
0.3138457,0.2520015750098438,0.9291821261493789,0.39647577092477443
0.31386098,0.2520126006300315,0.9291821261493789,0.39648941662330905
0.3138816,0.2520677432059866,0.9291821261493789,0.3965576592079259
0.313897,0.25207877461706785,0.9291821261493789,0.3965713105439171
0.3139057,0.2520898069937415,0.9291821261493789,0.39658496281982397
0.31392297,0.25205707282913165,0.9290208098080336,0.3965297621093485
0.31392655,0.25210120819471193,0.9290208098080336,0.3965843748920651
0.3139901,0.2520684673641816,0.9288594934666882,0.39652916465774557
0.31399456,0.2520795026705192,0.9288594934666882,0.39654281877312236
0.31401166,0.2521346936988221,0.9288594934666882,0.39661110345744066
0.31401694,0.2521457348046943,0.9288594934666882,0.3966247632164714
0.3140174,0.25222304962985675,0.9288594934666882,0.396720407881709
0.3140508,0.25223409847555633,0.9288594934666882,0.39673407517105624
0.31411016,0.25233358166440245,0.9288594934666882,0.3968571231645961
0.31417412,0.2524220770680812,0.9288594934666882,0.3969665632537142
0.31418148,0.25243314335817624,0.9288594934666882,0.3969802475090575
0.31419683,0.25244421061861544,0.9288594934666882,0.3969939327078823
0.3142694,0.25245527884952645,0.9288594934666882,0.3970076188502862
0.31432593,0.25251063456562733,0.9288594934666882,0.39707606371940735
0.314343,0.2525549366200272,0.9288594934666882,0.3971308366090852
0.314347,0.25256601456268096,0.9288594934666882,0.39714453219264934
0.31436035,0.25264358738098375,0.9288594934666882,0.3972404277333651
0.31438568,0.2526879361039189,0.9288594934666882,0.39729524598048205
0.31439787,0.25278777768021776,0.9288594934666882,0.3974186423711997
0.31440046,0.25289880534082926,0.9288594934666882,0.39755583940312267
0.3144492,0.25290991347125225,0.9288594934666882,0.39756956431644874
0.31448296,0.25295435575275665,0.9288594934666882,0.3976244734476298
0.31450668,0.25304328718962865,0.9288594934666882,0.3977343372242265
0.31454915,0.25311002681436545,0.9288594934666882,0.39781677490639267
0.31458125,0.2530771935994373,0.9286981771253427,0.3977614260541768
0.3146173,0.2531328320802005,0.9286981771253427,0.3978301430443734
0.31462428,0.2531773604819913,0.9286981771253427,0.39788513373385365
0.31465417,0.2531884950303457,0.9286981771253427,0.3978988837816725
0.31471333,0.2531996305581211,0.9286981771253427,0.3979126347798679
0.31475705,0.2532107670654469,0.9286981771253427,0.3979263867285384
0.31485346,0.2532219045524522,0.9286981771253427,0.3979401396277824
0.31486714,0.2532330430192663,0.9286981771253427,0.3979538934776987
0.31490904,0.25324418246601854,0.9286981771253427,0.3979676482783857
0.3149165,0.2532553228928383,0.9286981771253427,0.3979814040299422
0.31491768,0.25326646429985483,0.9286981771253427,0.39799516073246655
0.31495968,0.25336678109321364,0.9286981771253427,0.3981190138650205
0.3149982,0.2533779323093174,0.9286981771253427,0.39813278008265074
0.3151282,0.25338908450704223,0.9286981771253427,0.3981465472523344
0.31513876,0.25347833744276155,0.9286981771253427,0.3982567188955851
0.3152132,0.2534454669543393,0.9285368607839974,0.39820131442373774
0.31530157,0.25345662703654775,0.9285368607839974,0.3982150887263572
0.31532946,0.25354594308871464,0.9285368607839974,0.3983253174627266
0.31534514,0.25351306109863003,0.928375544442652,0.3982698961934346
0.3153455,0.25352422907488986,0.928375544442652,0.3982836776355673
0.31536257,0.25359125760112805,0.928375544442652,0.39836638632160937
0.3153851,0.25363596297928603,0.928375544442652,0.398421544532184
0.31539223,0.2536471417867689,0.928375544442652,0.39843533647155427
0.31549174,0.2536583215796897,0.928375544442652,0.3984491293658138
0.31550068,0.2536695023581787,0.928375544442652,0.3984629232150613
0.31550303,0.25375898408219055,0.928375544442652,0.3985733084005216
0.31550568,0.2537701737366611,0.928375544442652,0.3985871108491278
0.3155111,0.2537372668342373,0.9282142281013067,0.39853165258312306
0.31552228,0.25379322512350033,0.9282142281013067,0.39860067195421917
0.31555474,0.2537603105288695,0.9280529117599613,0.3985452026321532
0.31557372,0.25380509110160143,0.9280529117599613,0.39860042957078445
0.315612,0.25381628871437395,0.9280529117599613,0.3986142386970471
0.31562117,0.2539283192090395,0.9280529117599613,0.3987523826023311
0.31562406,0.25402923124475646,0.9280529117599613,0.39887679400923054
0.31562546,0.2540404486443522,0.9280529117599613,0.39889062229122085
0.3157423,0.2540516670346655,0.9280529117599613,0.3989044515320436
0.31577298,0.2540628864158276,0.9280529117599613,0.39891828173179855
0.31583214,0.2541526771514402,0.9280529117599613,0.3990289578633697
0.31590462,0.254163905456152,0.9280529117599613,0.39904279669800463
0.31593588,0.25413095343288855,0.9278915954186159,0.398987271528813
0.31602404,0.2541421817699819,0.9278915954186159,0.3990011098775758
0.3160287,0.25426575899566795,0.9278915954186159,0.3991533950935175
0.31610823,0.2542769992484859,0.9278915954186159,0.39916724496843403
0.31614658,0.2543894564592455,0.9278915954186159,0.3993057965980656
0.31616232,0.25440070765148165,0.9278915954186159,0.39931965705127803
0.31622565,0.25441195983900217,0.9278915954186159,0.3993335184667547
0.31626782,0.2545020131852573,0.9278915954186159,0.3994444444441066
0.31631446,0.2545132743362832,0.9278915954186159,0.399458314524472
0.31633377,0.25448028673835127,0.9277302790772706,0.39940273630079415
0.31633943,0.2544472962209045,0.9275689627359252,0.3993471542171153
0.31634688,0.2544585564455459,0.9275689627359252,0.3993610223638793
0.3163768,0.2544698176668437,0.9275689627359252,0.39937489147387634
0.31640404,0.2545486741334278,0.9275689627359252,0.39947200222281065
0.31642103,0.25455994333274307,0.9275689627359252,0.39948587904228544
0.31644374,0.2546614110456619,0.9275689627359252,0.39961081381577146
0.316454,0.2547855370436016,0.9275689627359252,0.39976361803421534
0.3165217,0.2547968272255949,0.9275689627359252,0.39977751512168086
0.3165338,0.2548758865248227,0.9275689627359252,0.3998748217945782
0.3165893,0.25500022173932324,0.9275689627359252,0.40002782802248066
0.31662133,0.2550567778566359,0.9275689627359252,0.4000974150224497
0.31665367,0.25510204081632654,0.9275689627359252,0.4001531020561006
0.31666604,0.25514731984380545,0.9275689627359252,0.40020880459336267
0.31666696,0.2551586421122698,0.9275689627359252,0.40022273265087616
0.31670454,0.25521526853084775,0.9275689627359252,0.40029238748269264
0.31675273,0.25518220959652005,0.9274076463945797,0.40023670286794333
0.31675398,0.2551935369318182,0.9274076463945797,0.4002506352905029
0.31680644,0.25520486527278374,0.9274076463945797,0.4002645686830842
0.31687066,0.25522752497225304,0.9274076463945797,0.4002924383787173
0.3168995,0.2552841918294849,0.9274076463945797,0.40036212960027434
0.316909,0.2552955282206137,0.9274076463945797,0.4003760707566779
0.31692472,0.2553068656186162,0.9274076463945797,0.40039001288401566
0.3169547,0.2553182040236266,0.9274076463945797,0.4004039559823888
0.3169641,0.25540894753209825,0.9274076463945797,0.40051553573882814
0.31697097,0.255375866358628,0.9272463300532344,0.4004598181624788
0.3169733,0.25545531309719566,0.9272463300532344,0.4005574912888599
0.31701067,0.2554666666666667,0.9272463300532344,0.40057144848218684
0.31702846,0.2555575315667793,0.9272463300532344,0.4006831410543473
0.31706345,0.25561435496064394,0.9272463300532344,0.40075298054766373
0.31709275,0.2556712036295703,0.9272463300532344,0.4008228443914187
0.31717965,0.2556825763978471,0.9272463300532344,0.40083682008334315
0.3171857,0.25569395017793595,0.9272463300532344,0.4008507967498965
0.31727484,0.25570532496997195,0.9272463300532344,0.4008647743911807
0.3172919,0.255672212830323,0.927085013711889,0.4008090107051045
0.317311,0.25568358766739335,0.927085013711889,0.40082298786407733
0.31731257,0.2557290971387888,0.927085013711889,0.40087890624966105
0.31736302,0.25574047703809183,0.927085013711889,0.4008928882839901
0.3173853,0.25575185795024696,0.927085013711889,0.40090687129369657
0.31740224,0.2558315527065527,0.927085013711889,0.40100477968078296
0.31741217,0.25588850794781604,0.927085013711889,0.4010747435267738
0.3174415,0.25589990203936236,0.927085013711889,0.401088739225679
0.3174646,0.25591129714565614,0.927085013711889,0.4011027359013918
0.3174981,0.2559226932668329,0.927085013711889,0.4011167335540144
0.31754926,0.2559682879030821,0.927085013711889,0.4011727339356491
0.31756476,0.25597968910070823,0.927085013711889,0.40118673647435543
0.31758514,0.2559910913140312,0.927085013711889,0.40120073999058553
0.31761643,0.25613941257743905,0.927085013711889,0.40138287470283157
0.31771678,0.2561508290247816,0.927085013711889,0.4013968919151488
0.31773713,0.2561622464898596,0.927085013711889,0.4014109101065267
0.3177378,0.25617366497280913,0.927085013711889,0.4014249292770679
0.31777248,0.2562421972534332,0.927085013711889,0.40150906486849075
0.3177774,0.25634506445425753,0.927085013711889,0.4016353344045806
0.31780297,0.2563564992416808,0.927085013711889,0.4016493692556972
0.31780767,0.256425129394967,0.927085013711889,0.4017335989650934
0.31781453,0.2565281435522028,0.927085013711889,0.4018600097891857
0.31782183,0.2565854094115546,0.927085013711889,0.4019302724058568
0.31782877,0.256665624581305,0.927085013711889,0.4020286813567783
0.31783754,0.25667708798570793,0.927085013711889,0.4020427437122771
0.31790355,0.25668855241413197,0.927085013711889,0.40205680705157026
0.31790617,0.2567000178667143,0.927085013711889,0.4020708713747609
0.31790945,0.2567803047227559,0.927085013711889,0.40216934919490177
0.31791827,0.25679177837354783,0.927085013711889,0.402183421392991
0.317922,0.2568032530497341,0.927085013711889,0.40219749457590775
0.31797603,0.25681472875145234,0.927085013711889,0.4022115687437552
0.31798926,0.2568262054788399,0.927085013711889,0.40222564389663673
0.31801617,0.2568376832320343,0.927085013711889,0.4022397200346558
0.31805453,0.25695251721362783,0.927085013711889,0.40238053562017473
0.31805897,0.2569640062597809,0.927085013711889,0.4023946226015366
0.3180731,0.2569307816133071,0.9269236973705436,0.4023386899131846
0.31811732,0.25694227071502035,0.9269236973705436,0.4023527764158775
0.31814173,0.2570342205323194,0.9269236973705436,0.40246550395707403
0.31820926,0.2571262361838278,0.9269236973705436,0.40257829468192713
0.31825688,0.2571722687195095,0.9269236973705436,0.4026347137548278
0.31826255,0.2571837794288783,0.9269236973705436,0.4026488209940189
0.31826922,0.2572989432204908,0.9269236973705436,0.40278994777576305
0.31834897,0.25731046527249113,0.9269236973705436,0.4028040658952084
0.3183608,0.25741421019621896,0.9269236973705436,0.4029311735209248
0.31843153,0.25742574257425743,0.9269236973705436,0.4029453015424367
0.31848517,0.25739247311827956,0.9267623810291983,0.40288930186858923
0.31851253,0.2573592006810341,0.9266010646878529,0.4028332982674204
0.31853303,0.2573259252621203,0.9264397483465076,0.4027772907385173
0.3186021,0.257337455751221,0.9264397483465076,0.4027914153454305
0.31860533,0.2574412766720459,0.9264397483465076,0.40291858140071907
0.31868607,0.25749899116710756,0.9264397483465076,0.40298926391096407
0.31869474,0.257545181398269,0.9264397483465076,0.4030458277770475
0.3186981,0.2575567315454301,0.9264397483465076,0.4030599712247008
0.31870145,0.2575682827286182,0.9264397483465076,0.40307411566501605
0.31874362,0.2575798349479727,0.9264397483465076,0.4030882610980978
0.31878912,0.25767229002153624,0.9264397483465076,0.403201460314891
0.3187909,0.25768385157266566,0.9264397483465076,0.4032156146875763
0.31881487,0.25765054294175715,0.9262784320051621,0.40315955766158673
0.31893632,0.2576172313215167,0.9261171156638167,0.40310349669956114
0.31901145,0.25762879195835575,0.9261171156638167,0.4031176491236983
0.31904814,0.25766348009514833,0.9261171156638167,0.40316011235920995
0.319158,0.25776760057471265,0.9261171156638167,0.40328755575815045
0.31916624,0.2578718052373894,0.9261171156638167,0.40341507975512264
0.31920385,0.257987687053431,0.9261171156638167,0.4035568677066745
0.31927767,0.2579992809635089,0.9261171156638167,0.40357105198377213
0.31934282,0.25801087591568916,0.9261171156638167,0.4035852372580071
0.31941864,0.25806886631304504,0.9261171156638167,0.403656178589921
0.31942987,0.25808046752079117,0.9261171156638167,0.40367036984918797
0.31947342,0.2580920697716238,0.9261171156638167,0.4036845621063286
0.3194793,0.2581036730656836,0.9261171156638167,0.403698755361448
0.31956992,0.25811527740311124,0.9261171156638167,0.4037129496146515
0.3195797,0.25819653699123,0.9261171156638167,0.4038123373422769
0.3196471,0.25820814968066924,0.9261171156638167,0.4038265395839448
0.3197019,0.2582778477595825,0.9261171156638167,0.4039117740173182
0.31973004,0.2582894677644306,0.9261171156638167,0.4039259832544257
0.31978208,0.25839409487802684,0.9261171156638167,0.40405391139072755
0.31979954,0.25847553014272207,0.9261171156638167,0.4041534670887119
0.31983733,0.25852208763002654,0.9261171156638167,0.40421037808879484
0.31984982,0.2585337296226245,0.9261171156638167,0.4042246083432602
0.31989154,0.2586385547596522,0.9261171156638167,0.4043527257356778
0.31991088,0.25865020724454857,0.9261171156638167,0.4043669660148022
0.31992897,0.2586851709998648,0.9261171156638167,0.40440969287088996
0.31993014,0.2586968276856525,0.9261171156638167,0.40442393716284414
0.31995222,0.2587084854220179,0.9261171156638167,0.40443818245827073
0.31995967,0.2586750788643533,0.9259557993224714,0.4043819789351618
0.31996393,0.2587683707510594,0.9259557993224714,0.4044959656104545
0.31997964,0.2587349533384428,0.925794482981126,0.40443974629986995
0.3199934,0.2587466185752931,0.925794482981126,0.4044539976739952
0.32013732,0.2587582848640606,0.925794482981126,0.40446825005251635
0.32014808,0.25872486247632787,0.9256331666397806,0.40441202382176794
0.3201951,0.2586914370744465,0.9254718502984353,0.40435579362807683
0.32019824,0.258761445131027,0.9254718502984353,0.4044413112439305
0.3202224,0.25880813822348536,0.9254718502984353,0.4044983430864525
0.32023126,0.25891325931943315,0.9254718502984353,0.40462672355997853
0.32025638,0.25892494471273186,0.9254718502984353,0.404640993087541
0.32027534,0.25896000722217205,0.9254718502984353,0.4046838077096008
0.3202782,0.25903016073686114,0.9254718502984353,0.4047694641404845
0.3203317,0.25910035227170086,0.9254718502984353,0.40485515683957213
0.32034227,0.25911205455941466,0.9254718502984353,0.40486944248377954
0.32035172,0.2591588742828748,0.9254718502984353,0.40492659514364454
0.32035458,0.2591940001807174,0.9254718502984353,0.4049694702287196
0.32044747,0.2592057109293815,0.9254718502984353,0.40498376394149066
0.3204809,0.2592994350282486,0.9254718502984353,0.4050981499784746
0.3205615,0.25935804701627485,0.9254718502984353,0.40516967407007004
0.3205744,0.2593697725936977,0.9254718502984353,0.405183981919285
0.32058233,0.2594518813314038,0.9254718502984353,0.4052841651651413
0.3206428,0.25946361539505225,0.9254718502984353,0.405298481101742
0.32064763,0.25947535052012666,0.9254718502984353,0.405312798049748
0.3207771,0.259487086706771,0.9254718502984353,0.4053271160092665
0.3208603,0.25949882395512935,0.9254718502984353,0.4053414349804047
0.3210352,0.25956926974934397,0.9254718502984353,0.405427370057253
0.3211169,0.25958101443373605,0.9254718502984353,0.40544169611273206
0.32112455,0.2595927601809955,0.9254718502984353,0.405456023180689
0.3211292,0.25967501018422123,0.9254718502984353,0.4055563410147857
0.32119602,0.25968676443961614,0.9254718502984353,0.4055706761864309
0.32120466,0.2597690740321485,0.9254718502984353,0.4056710507704115
0.32128498,0.25973555515305197,0.9253105339570898,0.4056146801962422
0.32129744,0.2597473169406331,0.9253105339570898,0.4056290219924446
0.32129994,0.2597137940403949,0.9251492176157444,0.40557264594569914
0.32132655,0.2598079188185195,0.9251492176157444,0.40568740494430444
0.3213638,0.25981968921306575,0.9251492176157444,0.40570175438562245
0.3213891,0.2598314606741573,0.9251492176157444,0.4057161048420756
0.3214051,0.2598432332019392,0.9251492176157444,0.40573045631377147
0.32142854,0.259949233976974,0.9251492176157444,0.405859665262741
0.32144567,0.25991568831875256,0.9249879012743991,0.4058032554844417
0.32145363,0.2599274705349048,0.9249879012743991,0.40581761562653734
0.3215057,0.2599392538193028,0.9249879012743991,0.4058319767849926
0.32161593,0.2600453514739229,0.9249879012743991,0.40596127296507206
0.3216701,0.26013973323654843,0.9249879012743991,0.40607627208633984
0.32167178,0.26015153577423894,0.9249879012743991,0.406090651557731
0.3217085,0.260245994644397,0.9249879012743991,0.40620572400079064
0.32172054,0.2603050662792809,0.9249879012743991,0.40627767740072707
0.32172957,0.260352342898656,0.9249879012743991,0.40633525847678575
0.32173744,0.260364164736866,0.9249879012743991,0.4063496562961635
0.3217959,0.26037598764871495,0.9249879012743991,0.40636405513590323
0.32182017,0.26048244219324945,0.9249879012743991,0.40649369062775864
0.32185808,0.2604942758495366,0.9249879012743991,0.40650809967708784
0.32191625,0.26046067875153334,0.9248265849330537,0.4064516129028829
0.32194692,0.26056722116171255,0.9248265849330537,0.4065813269029583
0.3219949,0.2606619987269255,0.9248265849330537,0.4066966977615126
0.3220099,0.26067385077069977,0.9248265849330537,0.40671112372269885
0.3220786,0.2606857038923245,0.9248265849330537,0.4067255507073296
0.32217062,0.2606975580919467,0.9248265849330537,0.4067399787155136
0.32219917,0.2607687059358654,0.9248265849330537,0.40682656826533947
0.32220584,0.2607805676855895,0.9248265849330537,0.40684100344144797
0.3222308,0.26079243051448847,0.9248265849330537,0.40685543964198173
0.3222373,0.2608636301588024,0.9248265849330537,0.4069420783642223
0.32227466,0.2609586235149529,0.9248265849330537,0.4070576540752035
0.3223485,0.26097050254916243,0.9248265849330537,0.40707210565521107
0.32238135,0.2609823826649065,0.9248265849330537,0.4070865582613907
0.32247686,0.26094873896021126,0.9246652685917084,0.4070300017749096
0.3224916,0.26096061916685637,0.9246652685917084,0.40704445391245314
0.32253125,0.26092697140775817,0.924503952250363,0.4069878919145805
0.32257864,0.2608933205846196,0.9243426359090176,0.4069313258998058
0.3225789,0.2609051998907203,0.9243426359090176,0.40694577607294946
0.322589,0.26091708027867583,0.9243426359090176,0.40696022727238385
0.3226427,0.2609289617486339,0.9243426359090176,0.40697467949821836
0.32264808,0.26094084430074227,0.9243426359090176,0.4069891327505622
0.32267657,0.2609527279351489,0.9243426359090176,0.4070035870295249
0.32267898,0.26096461265200166,0.9243426359090176,0.4070180423352156
0.32275152,0.2609764984514483,0.9243426359090176,0.4070324986677439
0.32280332,0.260988385333637,0.9243426359090176,0.4070469560272193
0.3228036,0.2610478359908884,0.9243426359090176,0.407119258232631
0.3228478,0.2612144420131291,0.9243426359090176,0.4073218411228126
0.322858,0.2612978247982124,0.9243426359090176,0.4074232081907826
0.3228851,0.2614051094890511,0.9243426359090176,0.40755361143676283
0.32293406,0.26145281985763824,0.9243426359090176,0.4076115952335172
0.32297656,0.2614191193246635,0.9241813195676722,0.40755495482643295
0.32302585,0.261431048644702,0.9241813195676722,0.40756945185466986
0.32302818,0.2615265224139505,0.9241813195676722,0.407685465219368
0.32304218,0.26161011918352434,0.9241813195676722,0.4077870311050728
0.32305813,0.26166986388965013,0.9241813195676722,0.4078596091549616
0.3230633,0.26168181610560454,0.9241813195676722,0.4078741278652406
0.3230689,0.2616937694134844,0.9241813195676722,0.4078886476092107
0.3231042,0.26176551219957966,0.9241813195676722,0.40797578778673094
0.32311544,0.26177747315512906,0.9241813195676722,0.4079903147696317
0.32313985,0.2617894352038019,0.9241813195676722,0.40800484278710747
0.3231429,0.26180139834574784,0.9241813195676722,0.40801937183926845
0.3231697,0.2618971428571429,0.9241813195676722,0.408135641518499
0.32320118,0.2619091158452958,0.9241813195676722,0.40815017988780466
0.32321233,0.2619689972106635,0.9241813195676722,0.40822288727341954
0.32324925,0.26198097676970916,0.9241813195676722,0.4082374318591349
0.32329515,0.26201692202149557,0.9241813195676722,0.4082810718354597
0.32336313,0.2620888421245254,0.9241813195676722,0.4083683797843874
0.32337505,0.2620550828072102,0.9240200032263268,0.4083116512809759
0.32343698,0.2620670723338061,0.9240200032263268,0.40832620473304604
0.32346717,0.26207906295754024,0.9240200032263268,0.4083407592226106
0.32349068,0.26217502746246796,0.9240200032263268,0.4084572325022406
0.32353467,0.26218702796722665,0.9240200032263268,0.4084717963342488
0.3235531,0.2621532546003845,0.9238586868849814,0.40841504724515393
0.32363406,0.2622973344325364,0.9238586868849814,0.4085898762169708
0.32384273,0.262263546008336,0.9236973705436361,0.4085331050224865
0.32387578,0.2623236210371999,0.9236973705436361,0.40860598708353885
0.3238855,0.2624197983501375,0.9236973705436361,0.40872265248546863
0.32389885,0.2624318254732114,0.9236973705436361,0.40873724034514763
0.32391277,0.2624919776290456,0.9236973705436361,0.4088101952661387
0.32394752,0.26256419662509173,0.9236973705436361,0.4088977755557663
0.32398126,0.2625762369881231,0.9236973705436361,0.4089123759191011
0.32408044,0.262684649967887,0.9236973705436361,0.4090438261238828
0.3241455,0.2627569750367107,0.9236973705436361,0.4091315065553337
0.32416633,0.26272314258179985,0.9235360542022907,0.40907466952448546
0.3241709,0.26273519963285913,0.9235360542022907,0.4090892850759351
0.32421413,0.2627472577906283,0.9235360542022907,0.4091039016718003
0.32429463,0.26281962998668684,0.9235360542022907,0.4091916231859891
0.3244438,0.2629644940517202,0.9235360542022907,0.4093671791201412
0.3244573,0.26297657326596235,0.9235360542022907,0.4093818155811917
0.3244755,0.26298865358996737,0.9235360542022907,0.4093964530888997
0.3244942,0.26300073502388827,0.9235360542022907,0.4094110916433779
0.3245822,0.263012817567878,0.9235360542022907,0.40942573124473824
0.32458255,0.2629789580079022,0.9233747378609453,0.40936885392420347
0.32460856,0.26299104066161266,0.9233747378609453,0.4093834930621638
0.324655,0.26300312442565704,0.9233747378609453,0.4093981332471605
0.32466283,0.2630152093001884,0.9233747378609453,0.40941277447930585
0.3247027,0.2630272952853598,0.9233747378609453,0.40942741675871214
0.32472542,0.26309983452840596,0.9233747378609453,0.40951529243392415
0.32477045,0.2631119282923466,0.9233747378609453,0.40952994204730453
0.32482427,0.2631966157807614,0.9233747378609453,0.40963251869575806
0.32483432,0.26316273508989746,0.9232134215196,0.40957561010485766
0.32484776,0.26327169012788665,0.9232134215196,0.4097075562870155
0.32499006,0.26336861481822366,0.9232134215196,0.40982491317234243
0.32501748,0.26338073542270696,0.9232134215196,0.40983958751039645
0.3250556,0.26339285714285715,0.9232134215196,0.40985426289935734
0.32505998,0.26340497997882817,0.9232134215196,0.40986893933933805
0.32508466,0.2635020028546434,0.9232134215196,0.40998638870944754
0.32517415,0.2635141357399392,0.9232134215196,0.4100010746136889
0.32526746,0.26352626974259796,0.9232134215196,0.41001576157008
0.32529494,0.2634923558666421,0.9230521051782545,0.40995880351031183
0.32541087,0.2635651773376324,0.9230521051782545,0.4100469382632969
0.32541788,0.26357731816297386,0.9230521051782545,0.41006163107318166
0.32543254,0.2636866359447005,0.9230521051782545,0.41019391376000414
0.32548952,0.2636987879625789,0.9230521051782545,0.4102086171048231
0.3255382,0.26371094110056226,0.9230521051782545,0.4102233215037587
0.3255505,0.26379604444239546,0.9230521051782545,0.4103262818210956
0.32562068,0.26380820654679576,0.9230521051782545,0.4103409946570461
0.3256523,0.26382036977269585,0.9230521051782545,0.4103557085481339
0.32565337,0.2638325341202508,0.9230521051782545,0.41037042349447256
0.32568023,0.2639177159725105,0.9230521051782545,0.4104734576754074
0.3257092,0.2638837638376384,0.9228907888369092,0.41041644248324394
0.3257167,0.2639446366782007,0.9228907888369092,0.4104900624234182
0.32571948,0.2640542785931875,0.9228907888369092,0.4106226448946836
0.32572582,0.2641152301371128,0.9228907888369092,0.4106963388366963
0.32573593,0.26421281115780726,0.9228907888369092,0.410814304178887
0.3258613,0.2643104643104643,0.9228907888369092,0.4109323373075119
0.32596087,0.2643226760303086,0.9228907888369092,0.41094709621773373
0.3260065,0.2643348888786213,0.9228907888369092,0.410961856188146
0.32600975,0.2643471028555586,0.9228907888369092,0.4109766172188628
0.32604972,0.264313109375722,0.9227294724955638,0.41091954022953886
0.3261178,0.2643253234750462,0.9227294724955638,0.41093430080068827
0.32612082,0.2642913258468506,0.9225681561542184,0.41087721819061584
0.32617256,0.2643035400683982,0.9225681561542184,0.4108919783019134
0.3262733,0.26431575541895824,0.9225681561542184,0.4109067394737161
0.32629183,0.2643279718986874,0.9225681561542184,0.4109215017061384
0.32631195,0.2644379710547001,0.9225681561542184,0.4110544095446835
0.32632303,0.2645602997640746,0.9225681561542184,0.41120218579200335
0.32635003,0.264658244250081,0.9225681561542184,0.4113204833138077
0.3264848,0.26467049241021845,0.9225681561542184,0.41133527529004804
0.32653522,0.26469499213181524,0.9225681561542184,0.4113648624344674
0.32670283,0.2648052970319952,0.9225681561542184,0.4114980572740814
0.3268364,0.2648175588071865,0.9225681561542184,0.41151286202519755
0.32687062,0.2647835147024774,0.9224068398128731,0.41145570986509195
0.32687902,0.2648816417288183,0.9224068398128731,0.41157417404413615
0.3269292,0.2648475863985917,0.9222455234715277,0.41151700557820287
0.326955,0.26481352791290247,0.9220842071301822,0.41145983299706185
0.32696882,0.26482579688658264,0.9220842071301822,0.41147464276681306
0.32697695,0.2649608306679646,0.9220842071301822,0.4116376206247433
0.32700104,0.26497311329501205,0.9220842071301822,0.4116524431957931
0.32706487,0.26498539706086877,0.9220842071301822,0.4116672668343669
0.3270678,0.26499768196569307,0.9220842071301822,0.4116820915405801
0.32710463,0.2650099680096435,0.9220842071301822,0.41169691731454794
0.3271308,0.26502225519287836,0.9220842071301822,0.41171174415638595
0.3271806,0.26503454351555616,0.9220842071301822,0.4117265720662094
0.32720178,0.26500046369284985,0.9219228907888369,0.41166936790889136
0.3272232,0.2650127521446789,0.9219228907888369,0.4116841953605522
0.32726166,0.26497866815062143,0.9217615744474915,0.41162698555596905
0.3273226,0.26510160527048343,0.9217615744474915,0.4117753035704381
0.32738772,0.2651139052568088,0.9217615744474915,0.41179014125073393
0.3274224,0.2651262063845583,0.9217615744474915,0.4118049800003738
0.32746542,0.26513850865389077,0.9217615744474915,0.4118198198194728
0.32749045,0.2652985421116167,0.9217615744474915,0.4120128348412003
0.32749793,0.2653108603798115,0.9217615744474915,0.4120276896448793
0.32753283,0.2652767459138187,0.9216002581061461,0.41197043446873527
0.32759857,0.2653876527151949,0.9216002581061461,0.41210416215791573
0.32761756,0.265461642117002,0.9216002581061461,0.4121933621930149
0.3276334,0.26556035885278667,0.9216002581061461,0.41231235565785124
0.32769316,0.26557270360728896,0.9216002581061461,0.41232723467180454
0.32774282,0.26563444459943275,0.9216002581061461,0.41240164585253647
0.32777667,0.26572093023255816,0.9216002581061461,0.4125058666374373
0.32789567,0.2657332899204614,0.9216002581061461,0.4125207596212859
0.32791582,0.26589407055757236,0.9216002581061461,0.4127144663171528
0.32793626,0.26590644635792415,0.9216002581061461,0.4127293743675184
0.3279897,0.26591882331037053,0.9216002581061461,0.4127442834949383
0.32804835,0.26604265623544754,0.9216002581061461,0.41289343403282547
0.32812697,0.26605504587155965,0.9216002581061461,0.41290835501555284
0.3281756,0.26611701136575366,0.9216002581061461,0.4129829761083738
0.32819003,0.2661294079284483,0.9216002581061461,0.4129979035635935
0.32820097,0.2661418056461381,0.9216002581061461,0.41301283209797146
0.32828462,0.2661542045189844,0.9216002581061461,0.4130277617116244
0.3283052,0.2661666045471487,0.9216002581061461,0.4130426924046697
0.32838956,0.26626584638329603,0.9216002581061461,0.4131621768212034
0.32841343,0.2662782568165929,0.9216002581061461,0.4131771172340486
0.32845002,0.2662906684068239,0.9216002581061461,0.41319205872745746
0.32845584,0.2663900027977245,0.9216002581061461,0.41331162958908957
0.32850856,0.2664024248076475,0.9216002581061461,0.4133265808128484
0.32852626,0.26641484797612386,0.9216002581061461,0.413341533118344
0.32853875,0.26652670865407047,0.9216002581061461,0.41347615256533193
0.32856277,0.26649248856956237,0.9214389417648008,0.41341873846453087
0.32858256,0.26657954916693893,0.9214389417648008,0.4135234923619193
0.32863784,0.2666168782673637,0.9214389417648008,0.4135684031419608
0.32865587,0.26662932362414227,0.9214389417648008,0.4135833755698495
0.32869267,0.2666417701428438,0.9214389417648008,0.4135983490818719
0.32874352,0.266654217823631,0.9214389417648008,0.4136133236781457
0.3288462,0.26666666666666666,0.9214389417648008,0.41362829935878864
0.32886973,0.2666791166721135,0.9214389417648008,0.41364327612391866
0.32904133,0.2668036806950348,0.9214389417648008,0.41379310344792763
0.32913345,0.2669657879977566,0.9214389417648008,0.41398804131148353
0.32918814,0.2669782659499883,0.9214389417648008,0.41400304413968203
0.32927644,0.26699074506871084,0.9214389417648008,0.4140180480553179
0.32931966,0.26700322535408777,0.9214389417648008,0.41403305305850924
0.32932687,0.26696896035901274,0.9212776254234554,0.41397557174406097
0.32942584,0.2669814407928568,0.9212776254234554,0.41399057629541086
0.32947534,0.2669471715755026,0.9211163090821101,0.4139330892743625
0.32947782,0.2669596521576511,0.9211163090821101,0.41394809337358224
0.32948163,0.26697213390686364,0.9211163090821101,0.41396309856056784
0.32950184,0.2669846168233039,0.9211163090821101,0.41397810483543773
0.32952487,0.2669971009071355,0.9211163090821101,0.4139931121983102
0.32965398,0.2671470010292879,0.9211163090821101,0.41417328546006554
0.32966653,0.267159500304122,0.9211163090821101,0.4141883069777451
0.32969788,0.26723452052230073,0.9211163090821101,0.4142784589708478
0.32976338,0.2672470279883928,0.9211163090821101,0.4142934881186428
0.32980776,0.2672595366253218,0.9211163090821101,0.414308518356929
0.32986736,0.2673095828846964,0.9211163090821101,0.41436865021735814
0.33002713,0.26732209737827717,0.9211163090821101,0.4143836859098803
0.33011937,0.26739720895382596,0.9211163090821101,0.41447392298444413
0.3301786,0.26736289982672223,0.9209549927407646,0.41441637630627143
0.33021802,0.26742551995503094,0.9209549927407646,0.41449159618072356
0.33023816,0.26753831013637003,0.9209549927407646,0.41462706078837935
0.33024144,0.26755084825194486,0.9209549927407646,0.41464211787741556
0.33027425,0.2675165205980222,0.9207936763994192,0.41458454386949417
0.33030638,0.26752905886764156,0.9207936763994192,0.41459960050809486
0.33030677,0.2675415983126318,0.9207936763994192,0.4146146582403716
0.33031252,0.2676545062365188,0.9207936763994192,0.4147502270659543
0.3303471,0.26762016412661194,0.9206323600580739,0.4146926318845514
0.33040914,0.26763271431251173,0.9206323600580739,0.41470769901501997
0.33042946,0.2676452656755616,0.9206323600580739,0.4147227672404038
0.3304626,0.26769548290257517,0.9206323600580739,0.41478305109348046
0.3304846,0.26770804015386057,0.9206323600580739,0.4147981247952318
0.33052891,0.26772059858329034,0.9206323600580739,0.41481319959261503
0.33056286,0.26789654039337185,0.9206323600580739,0.4150243618642425
0.33065253,0.26799718243719184,0.9206323600580739,0.41514512257184827
0.3306859,0.26807271360796653,0.9206323600580739,0.41523573923131535
0.3307701,0.26808530627583615,0.9206323600580739,0.4152508458540546
0.33078188,0.2681608871346678,0.9206323600580739,0.41534150867837405
0.33078897,0.2681734880879658,0.9206323600580739,0.415356622998195
0.3308416,0.2682743383631834,0.9206323600580739,0.41547757716913214
0.3308782,0.26828694998119595,0.9206323600580739,0.41549270139384803
0.3309134,0.268413131408146,0.9206323600580739,0.4156440042238229
0.3309252,0.26842575607920605,0.9206323600580739,0.41565914056774944
0.33093166,0.2684383819379116,0.9206323600580739,0.41567427801414475
0.33097944,0.26845100898443014,0.9206323600580739,0.4156894165631292
0.33101898,0.26846363721892935,0.9206323600580739,0.4157045562148232
0.33106935,0.26847626664157687,0.9206323600580739,0.4157196969693473
0.3310793,0.26848889725254044,0.9206323600580739,0.4157348388268221
0.33112612,0.268454481298518,0.9204710437167285,0.41567713265791506
0.3311461,0.268555560785052,0.9204710437167285,0.41579829483314146
0.33115083,0.26856820107314316,0.9204710437167285,0.41581344507161233
0.33117732,0.26865671641791045,0.9204710437167285,0.4159195276620163
0.33119226,0.26875794828317084,0.9204710437167285,0.41604083120635815
0.33127356,0.26880859282988645,0.9204710437167285,0.41610150951616726
0.33130342,0.268871925360475,0.9204710437167285,0.41617738229788864
0.33131835,0.26883747231515953,0.9203097273753831,0.4161196207144568
0.33132946,0.2689135045958049,0.9203097273753831,0.41621069526484294
0.33140278,0.2688790421419817,0.9201484110340378,0.4161529201470253
0.3314497,0.2688445764389761,0.9199870946926924,0.4160951408138919
0.3314741,0.26885725061286064,0.9199870946926924,0.4161103206738318
0.33150086,0.2689840581077257,0.9199870946926924,0.41626218021205086
0.33159813,0.268996745436536,0.9199870946926924,0.4162773722624236
0.33161822,0.2690094339622642,0.9199870946926924,0.41629256542174553
0.33166307,0.2690855902613947,0.9199870946926924,0.4163837476724129
0.3316939,0.2690982871702921,0.9199870946926924,0.4163989485977806
0.33169952,0.2691109852774632,0.9199870946926924,0.41641415063306947
0.3317421,0.2690764947383323,0.919825778351347,0.4163563344282733
0.33175245,0.2691399981119607,0.919825778351347,0.4164323534778312
0.3317809,0.26910549917394383,0.9196644620100016,0.41637452526988045
0.33182508,0.26907099697885195,0.9195031456686562,0.4163166928382722
0.3318749,0.26903649152622383,0.9193418293273109,0.41625885618254355
0.3319268,0.2691635573607897,0.9193418293273109,0.41641093087791936
0.33200723,0.2691762705460042,0.9193418293273109,0.416426144459114
0.3320202,0.26921441730832824,0.9193418293273109,0.4164717918733707
0.33202592,0.26927801927801925,0.9193418293273109,0.41654789314002155
0.33207253,0.2693289224952741,0.9193418293273109,0.4166087941807234
0.33209598,0.2693416513067725,0.9193418293273109,0.41662402222349626
0.33212152,0.269354381321486,0.9193418293273109,0.41663925137955227
0.332136,0.269367112539585,0.9193418293273109,0.4166544816490134
0.3321398,0.2694307866868381,0.9193418293273109,0.4167306497016713
0.3321417,0.2693962460403763,0.9191805129859655,0.41667276051153235
0.33215216,0.26940898345153663,0.9191805129859655,0.41668799590443567
0.33218402,0.26942172206723725,0.9191805129859655,0.416703232411526
0.33218446,0.26943446188764897,0.9191805129859655,0.41671847003292545
0.33220935,0.2694472029129427,0.9191805129859655,0.4167337087687563
0.33224997,0.2694126548756266,0.9190191966446201,0.41667580910551877
0.33225992,0.26952736906845814,0.9190191966446201,0.41681299385390735
0.33226615,0.26954012112036335,0.9190191966446201,0.41682824218000414
0.33232737,0.26964218099204845,0.9190191966446201,0.4169502689644093
0.33233184,0.26965494391063566,0.9190191966446201,0.4169655273362517
0.3323347,0.26966770803748935,0.9190191966446201,0.4169807868249008
0.3323365,0.26968047337278106,0.9190191966446201,0.41699604743047924
0.33237,0.2696932399166824,0.9190191966446201,0.41701130915310963
0.33242068,0.26970600766936514,0.9190191966446201,0.4170265719929147
0.33255836,0.2698337517169516,0.9190191966446201,0.41717926186256643
0.3325584,0.26984653277756726,0.9190191966446201,0.4171945369993927
0.33256495,0.2699104562467428,0.9190191966446201,0.41727092946570044
0.3325783,0.2699232445750024,0.9190191966446201,0.41728621131625765
0.3325913,0.2698886519782042,0.9188578803032748,0.41722824494544447
0.3327167,0.2699909939801868,0.9188578803032748,0.4173505275494731
0.33273095,0.2700806069227122,0.9188578803032748,0.4174575836414093
0.33281168,0.2700934136279577,0.9188578803032748,0.4174728818524779
0.3328402,0.2701702793720059,0.9188578803032748,0.4175646946701275
0.33284754,0.2701830945830566,0.9188578803032748,0.41758000073275975
0.33294785,0.27019591100991414,0.9188578803032748,0.41759530791753735
0.33300954,0.2702856600550441,0.9188578803032748,0.417702489641419
0.33303672,0.2702984862145874,0.9188578803032748,0.4177178058078036
0.33306742,0.2703626352762483,0.9188578803032748,0.4177944034910485
0.33308446,0.2704653371320038,0.9188578803032748,0.417917018232159
0.33308765,0.27043069471484876,0.9186965639619293,0.4178589771806597
0.33312345,0.270443536898091,0.9186965639619293,0.4178743075169835
0.33317983,0.2704088901552928,0.9185352476205839,0.41781626063950766
0.33329168,0.27048596266210634,0.9185352476205839,0.41790825688038247
0.33333623,0.27058879437342587,0.9185352476205839,0.41803098157222024
0.3333544,0.27060165383518675,0.9185352476205839,0.41804632722698953
0.3334084,0.2705669882610142,0.9183739312792386,0.41798825256939875
0.3335674,0.2706441644877585,0.9183739312792386,0.4180803407501808
0.33360398,0.27065703147285347,0.9183739312792386,0.4180956927253855
0.33363187,0.2707213847543868,0.9183739312792386,0.41817246951632225
0.3336406,0.27073425908312726,0.9183739312792386,0.41818782825836204
0.33364877,0.2706995767346745,0.9182126149378932,0.41812972893522454
0.3336601,0.2707124512508323,0.9182126149378932,0.41814508723564464
0.33380184,0.2708412637990103,0.9182126149378932,0.41829873231638526
0.33387756,0.27085415179633593,0.9182126149378932,0.4183141030348506
0.3339388,0.27093150554524253,0.9182126149378932,0.41840635107286195
0.33402774,0.2708968012185834,0.9180512985965479,0.41834821920794013
0.33403197,0.271,0.9180512985965479,0.41847126732565265
0.3340545,0.2709652840611458,0.9178899822552025,0.41841311861131064
0.33409372,0.27097818839889515,0.9178899822552025,0.4184285031433771
0.3341938,0.27109438277192816,0.9178899822552025,0.41856701485914477
0.3342038,0.2711072994091862,0.9178899822552025,0.4185824107106495
0.33429018,0.2711202172773622,0.9178899822552025,0.4185978076947851
0.33429405,0.2711848250881708,0.9178899822552025,0.4186748096093017
0.3343286,0.27123653351129756,0.9178899822552025,0.4187364315410247
0.3343456,0.27130119677680825,0.9178899822552025,0.4188134844689544
0.33445185,0.2712664505054358,0.917728665913857,0.41875529056679656
0.33456457,0.2712317009203185,0.9175673495725117,0.41869709238095065
0.33460575,0.271244635193133,0.9175673495725117,0.41871250322022996
0.33461678,0.27125757069960416,0.9175673495725117,0.418727915193994
0.33470502,0.27127050743990844,0.9175673495725117,0.418743328302368
0.33471867,0.27128344541422234,0.9175673495725117,0.418758742545477
0.33473003,0.27142584462683716,0.9175673495725117,0.4189283741480549
0.33486724,0.2714387974230494,0.9175673495725117,0.4189438020177665
0.33489794,0.2714517514555693,0.9175673495725117,0.4189592310238438
0.33491173,0.27146470672457407,0.9175673495725117,0.4189746611664125
0.33504674,0.2715035799522673,0.9175673495725117,0.4190209584143222
0.33516636,0.2715165401689818,0.9175673495725117,0.419036393104112
0.33518732,0.27152950162306666,0.9175673495725117,0.4190518289310212
0.33525905,0.27154246431469903,0.9175673495725117,0.41906726589517546
0.3352632,0.2717500358320195,0.9175673495725117,0.41931441208958475
0.33527926,0.2719449225473322,0.9175673495725117,0.41954637654399546
0.3353464,0.27198393343853106,0.9175673495725117,0.41959280023570505
0.33534908,0.27199693955623566,0.9175673495725117,0.41960827708275
0.3353615,0.2719621251972646,0.9174060332311663,0.4195499815562684
0.33542323,0.2720011478859767,0.9174060332311663,0.41959641420999877
0.33543012,0.27205319556065827,0.9174060332311663,0.41965834040476835
0.33544084,0.27213130443104605,0.9174060332311663,0.41975126397720913
0.33553314,0.27227462057739266,0.9174060332311663,0.4199217307830776
0.3355335,0.2722876568036005,0.9174060332311663,0.41993723463136196
0.33561918,0.2723006942781901,0.9174060332311663,0.41995273962451773
0.3356562,0.27231373300134076,0.9174060332311663,0.41996824576267183
0.3357166,0.2723267729732318,0.9174060332311663,0.4199837530459508
0.33577448,0.27233981419404274,0.9174060332311663,0.41999926147448174
0.33577576,0.2724441889431829,0.9174060332311663,0.42012337014702617
0.3357842,0.2724572414123509,0.9174060332311663,0.4201388888885358
0.33578628,0.27242238405519353,0.9172447168898209,0.42008052897899745
0.33579338,0.2725790987535954,0.9172447168898209,0.42026682434644447
0.33579743,0.2725921664509324,0.9172447168898209,0.4202823564191899
0.3359028,0.2727229123698978,0.9172447168898209,0.4204377403131633
0.33592093,0.2727359938603223,0.9172447168898209,0.42045328502201507
0.3359486,0.27286687781936847,0.9172447168898209,0.4206087953541608
0.33600736,0.27287997312473006,0.9172447168898209,0.4206243527145452
0.3360204,0.2729585713599923,0.9172447168898209,0.4207177210503309
0.33604687,0.2729716754680749,0.9172447168898209,0.4207332864697341
0.33606833,0.27301099534258416,0.9172447168898209,0.4207799896392527
0.3362146,0.27312902296089925,0.9172447168898209,0.4209201613795183
0.33624503,0.27314214344045734,0.9172447168898209,0.4209357417822937
0.33627957,0.2732471526743236,0.9172447168898209,0.42106042653993064
0.33636457,0.27326028450595924,0.9172447168898209,0.42107601732848693
0.3364131,0.27332596260154784,0.9172447168898209,0.4211539885930838
0.33643878,0.27329102970868185,0.9170834005484756,0.42109551498057285
0.33648968,0.27330416806884283,0.9170834005484756,0.42111111111075733
0.33649972,0.27331730769230766,0.9170834005484756,0.42112670839625344
0.33652243,0.27333044857925864,0.9170834005484756,0.4211423068371897
0.33653477,0.27339617197268445,0.9170834005484756,0.4212203163779665
0.33656028,0.27351455376473416,0.9170834005484756,0.42136080640344087
0.33662057,0.27352771362586603,0.9170834005484756,0.42137642219139637
0.33665717,0.27361986812340566,0.9170834005484756,0.4214857651242011
0.33669427,0.2736330381209087,0.9170834005484756,0.42150139017573496
0.33677718,0.2736462093862816,0.9170834005484756,0.4215170163857956
0.3367872,0.27361124482526233,0.9169220842071302,0.4214584955322156
0.33678958,0.2736244163096327,0.9169220842071302,0.4214741213106351
0.33688745,0.2736375890621991,0.9169220842071302,0.4214897482477642
0.33689064,0.2736507630831448,0.9169220842071302,0.421505376343732
0.33691347,0.27366393837265285,0.9169220842071302,0.42152100559866695
0.3369822,0.27369029275808937,0.9169220842071302,0.42155226758595515
0.3370332,0.27365531853421293,0.9167607678657848,0.4214937328484184
0.33705762,0.27377396666345505,0.9167607678657848,0.42163445487222057
0.33710098,0.27387951807228916,0.9167607678657848,0.4217596200226522
0.33713207,0.27389271772133594,0.9167607678657848,0.4217752708917341
0.33715066,0.27402478422296156,0.9167607678657848,0.4219318434921098
0.33723682,0.2740908652454905,0.9167607678657848,0.4220101733928806
0.33724186,0.2740558529879902,0.9165994515244394,0.42195158176111897
0.33724207,0.2740208373528844,0.916438135183094,0.42189298577811646
0.3372437,0.27403405527953306,0.916438135183094,0.4219086520605441
0.33729193,0.2740472744814279,0.916438135183094,0.42192431950649695
0.33732063,0.2741795366795367,0.916438135183094,0.42208105798842666
0.33737034,0.2741445050436797,0.9162768188417487,0.42202243851662297
0.3373989,0.2741577372333237,0.9162768188417487,0.42203811717466494
0.33744323,0.274170970700391,0.9162768188417487,0.4220537969977135
0.3374535,0.2741842054450666,0.9162768188417487,0.42206947798589844
0.33750498,0.27414916727009414,0.9161155025004033,0.42201084937171945
0.33751827,0.27425508282223404,0.9161155025004033,0.4221363264695777
0.3375247,0.27426832802086354,0.9161155025004033,0.4221520163534829
0.33754054,0.2742815744989133,0.9161155025004033,0.42216770740374887
0.3375531,0.27429482225656876,0.9161155025004033,0.42218339962050544
0.33756793,0.27430807129401535,0.9161155025004033,0.4221990930038829
0.33759204,0.2743610802454225,0.9161155025004033,0.4222618782062035
0.3377242,0.27449369230025616,0.9161155025004033,0.4224189229392465
0.3377586,0.2745998742807408,0.9161155025004033,0.422544642856788
0.33777913,0.27461315280464216,0.9161155025004033,0.42256036310839173
0.3378189,0.27462643261279557,0.9161155025004033,0.42257608452974404
0.33789587,0.27463971370538737,0.9161155025004033,0.42259180712097566
0.33796713,0.27469285092386575,0.9161155025004033,0.4226547091873055
0.33817357,0.27470613844144537,0.9161155025004033,0.42267043762989215
0.3381894,0.27471942724458204,0.9161155025004033,0.4226861672431417
0.33819726,0.27473271733346233,0.9161155025004033,0.422701898027185
0.3383251,0.27489229875599014,0.9161155025004033,0.422890758805215
0.33837843,0.2749588457441658,0.9161155025004033,0.4229695006141014
0.33839157,0.2749721590083765,0.9161155025004033,0.4229852524948035
0.33851612,0.27498547356188263,0.9161155025004033,0.42300100554878645
0.3385263,0.2750653879686138,0.9161155025004033,0.4230955485189221
0.3386118,0.275078711552434,0.9161155025004033,0.423111309789542
0.33863243,0.27509203642704905,0.9161155025004033,0.42312707223449186
0.3386361,0.2751053625926464,0.9161155025004033,0.42314283585390305
0.33864877,0.2751186900494138,0.9161155025004033,0.42315860064790667
0.33868963,0.2751320187975389,0.9161155025004033,0.42317436661663427
0.33869937,0.27522535620820004,0.9161155025004033,0.4232847613010272
0.3387135,0.27534545454545456,0.9161155025004033,0.42342678198592554
0.3387179,0.2753588052754073,0.9161155025004033,0.4234425679450646
0.33872208,0.27537215730010184,0.9161155025004033,0.42345835508129404
0.3387938,0.27533701871787414,0.9159541861590579,0.4233995749595641
0.33880815,0.27535037098103876,0.9159541861590579,0.4234153616700398
0.3388725,0.27536372453928226,0.9159541861590579,0.4234311495577937
0.3388905,0.27537707939279304,0.9159541861590579,0.42344693862295724
0.33889133,0.2753904355417596,0.9159541861590579,0.4234627288656624
0.33895174,0.27540379298637047,0.9159541861590579,0.4234785202860407
0.3389651,0.27547059965068893,0.9159541861590579,0.42355749505764306
0.33900476,0.275483964873126,0.9159541861590579,0.4235732935468284
0.3390159,0.2754973313925279,0.9159541861590579,0.4235890932146096
0.33903426,0.2755641834506188,0.9159541861590579,0.42366810923707166
0.3390383,0.2755775577557756,0.9159541861590579,0.4236839159791989
0.33906797,0.2757247608410625,0.9159541861590579,0.4238578680199489
0.33907607,0.27568958818958816,0.9157928698177126,0.4237990369896782
0.3391036,0.275702977028799,0.9157928698177126,0.4238148562893046
0.33911386,0.2757967353284104,0.9157928698177126,0.42392562446292315
0.33911842,0.27581013457707815,0.9157928698177126,0.42394145321449
0.33912554,0.27577494898454963,0.9156315534763672,0.42388260333783173
0.33915618,0.27573975997279043,0.9154702371350217,0.4238237490661117
0.33921045,0.27570456754130224,0.9153089207936764,0.42376489039883763
0.33922005,0.2757179649156907,0.9153089207936764,0.4237807155123785
0.3392555,0.2756827680046652,0.915147604452331,0.4237218508417848
0.33929452,0.27569616562181076,0.915147604452331,0.42373767552996977
0.3393142,0.2757363662875474,0.915147604452331,0.42378515668735184
0.33931687,0.27574976911485927,0.915147604452331,0.4238009861045298
0.33931732,0.2757631732451876,0.915147604452331,0.4238168167042872
0.33933198,0.27577657867872246,0.915147604452331,0.4238326484867565
0.33935216,0.27578998541565386,0.915147604452331,0.4238484814520704
0.33938333,0.27587045321921805,0.915147604452331,0.42394350409111364
0.33939162,0.2758838690852502,0.915147604452331,0.42395934534005203
0.33939907,0.27589728625620075,0.915147604452331,0.42397518777289606
0.33943683,0.2759107047322601,0.915147604452331,0.4239910313897785
0.3394664,0.2759241245136187,0.915147604452331,0.42400687619083194
0.33951005,0.27599124300656774,0.915147604452331,0.4240861179633129
0.3395252,0.27600467062372286,0.915147604452331,0.4241019698721816
0.33952883,0.2760718283128133,0.915147604452331,0.4241812471956959
0.3395667,0.27616590400155777,0.915147604452331,0.4242922852544959
0.3395916,0.2761793486198335,0.915147604452331,0.4243081525800477
0.3395982,0.27627349761371384,0.915147604452331,0.4244192570976126
0.339702,0.27628695271027126,0.915147604452331,0.42443513392153503
0.33988214,0.27630040911747517,0.915147604452331,0.4244510119333536
0.3399499,0.2762651600019483,0.9149862881109856,0.424392068836157
0.33998176,0.2763863171230874,0.9149862881109856,0.4245350099169372
0.3400432,0.27639978558549777,0.9149862881109856,0.4245508982032364
0.34004593,0.2765210608424337,0.9149862881109856,0.42469394631389606
0.3400493,0.27653454244064163,0.9149862881109856,0.42470984649908194
0.34010506,0.27666943075947514,0.9149862881109856,0.42486891385732123
0.34011915,0.27672342293994245,0.9149862881109856,0.42493257416805813
0.34023649,0.27677743619772605,0.9149862881109856,0.42499625355876225
0.34029445,0.2768449824287388,0.9149862881109856,0.42507587964141647
0.34033492,0.276858495631376,0.9149862881109856,0.42509180843852507
0.3404216,0.2768720101532754,0.9149862881109856,0.42510773842947275
0.34046596,0.27688552599463023,0.9149862881109856,0.4251236696143937
0.34047633,0.27703428738888347,0.9149862881109856,0.42529899148916445
0.34050342,0.27707488642469835,0.9149862881109856,0.4253468316456873
0.34053603,0.2771290369863683,0.9149862881109856,0.4254106352655248
0.3405432,0.27714257793413466,0.9149862881109856,0.4254265891614657
0.34057844,0.2772238514173998,0.9149862881109856,0.42552233767172376
0.34058285,0.2772780602268283,0.9149862881109856,0.4255861939595005
0.3405911,0.2773458510586279,0.9149862881109856,0.4256660412754402
0.34061807,0.2774408139307376,0.9149862881109856,0.4257778778662495
0.34062895,0.2775494225875905,0.9149862881109856,0.4259057630933165
0.3406812,0.2775630046488867,0.9149862881109856,0.42592175414847505
0.34072182,0.2775276499951062,0.9148249717696403,0.42586265159728487
0.34081003,0.2776499388004896,0.9148249717696403,0.42600661057656586
0.34081933,0.2776635330983157,0.9148249717696403,0.4260226120268373
0.34082353,0.2776281643245361,0.9146636554282949,0.42596348884345614
0.34083566,0.2776417588874743,0.9146636554282949,0.42597948987605605
0.3408828,0.2777233542319749,0.9146636554282949,0.42607552132220505
0.340922,0.27768797452853294,0.9145023390869496,0.426016382354794
0.34101802,0.2776525913588714,0.9143410227456041,0.4259572389430161
0.34102848,0.2776661931122324,0.9143410227456041,0.42597324515220536
0.3410445,0.2778567576842002,0.9143410227456041,0.4261974584551655
0.34107783,0.2778703794489656,0.9143410227456041,0.42621348272325793
0.34109482,0.2778349757317253,0.9141797064042587,0.4261543089182768
0.34110668,0.2778485977642675,0.9141797064042587,0.42617033276895994
0.34111837,0.2779576221306651,0.9141797064042587,0.42629856696846163
0.3411345,0.2780394465705034,0.9141797064042587,0.42639479327303315
0.34119734,0.27818958323106374,0.9141797064042587,0.4265713210384077
0.34121272,0.2782032400589102,0.9141797064042587,0.4265873762652148
0.3412298,0.27821689822769896,0.9141797064042587,0.42660343270063594
0.34124696,0.27823055773762767,0.9141797064042587,0.4266194903448073
0.34137967,0.2782442185888938,0.9141797064042587,0.4266355491978655
0.34144497,0.27820877933811256,0.9140183900629134,0.4265763222281383
0.34147754,0.27822244046157624,0.9140183900629134,0.42659238066520455
0.341484,0.2782907662082515,0.9140183900629134,0.42667269098951377
0.3414958,0.27825531705879464,0.913857073721568,0.4266134498076096
0.34149998,0.27836469952336496,0.913857073721568,0.42674199623316367
0.34153247,0.27844679282378965,0.913857073721568,0.42683845690139005
0.34153673,0.27854262956042874,0.913857073721568,0.4269510494777291
0.34155303,0.27855632590844276,0.913857073721568,0.4269671389806488
0.34155566,0.27852084972462626,0.9136957573802226,0.42690785754627836
0.34156322,0.27853454634865993,0.9136957573802226,0.4269239466341486
0.3415911,0.27865787661123687,0.9136957573802226,0.42706880301566447
0.34160483,0.27872644062792185,0.9136957573802226,0.42714932126661004
0.3416468,0.2788087619985233,0.9136957573802226,0.4272459832537716
0.3416494,0.2789048650778019,0.9136957573802226,0.42735881087978655
0.3416824,0.27891859949771014,0.9136957573802226,0.4273749339768542
0.34170276,0.27893233527036343,0.9136957573802226,0.4273910582905301
0.34176105,0.2789460723959616,0.9136957573802226,0.42740718382095155
0.3417828,0.2790972701291022,0.9136957573802226,0.4275846450002076
0.3417871,0.2792073351079562,0.9136957573802226,0.42771380026394196
0.34180504,0.27931748693165004,0.9136957573802226,0.4278430335759528
0.34184393,0.27933126202100905,0.9136957573802226,0.4278591932312474
0.34188104,0.279469087679479,0.9136957573802226,0.428020856948179
0.34197995,0.2794335339978289,0.9135344410388773,0.4279614585297754
0.341993,0.2795300853941458,0.9135344410388773,0.42807468440511404
0.34200108,0.27964051157967507,0.9135344410388773,0.42820415878981116
0.342038,0.2797924901185771,0.9135344410388773,0.4283823140054657
0.34205297,0.2798063145412323,0.9135344410388773,0.4283985172853661
0.3420696,0.27982014033007213,0.9135344410388773,0.42841472179106965
0.34212384,0.27978455304640015,0.9133731246975318,0.42835527311206345
0.34213403,0.27974896224550305,0.9132118083561864,0.4282958199353323
0.34215114,0.2797627872498147,0.9132118083561864,0.4283120223950408
0.3421646,0.27977661362063855,0.9132118083561864,0.428328226080676
0.34219155,0.27985960055368797,0.9132118083561864,0.42842547394674046
0.34221393,0.27987343649577295,0.9132118083561864,0.42844168621775935
0.3422481,0.27988727380599226,0.9132118083561864,0.4284578997158186
0.34226307,0.27999802156494213,0.9132118083561864,0.4285876518904686
0.34228688,0.2801088570014844,0.9132118083561864,0.428717482676001
0.34228882,0.2801227176010688,0.9132118083561864,0.42873371705507846
0.34230018,0.28020591001336437,0.9132118083561864,0.42883114915500764
0.34230384,0.2802197802197802,0.9132118083561864,0.4288473921438776
0.3423218,0.2802336517994159,0.9132118083561864,0.42886363636327696
0.3423236,0.28028915185423575,0.9132118083561864,0.4289286255489662
0.34235045,0.2803030303030303,0.9132118083561864,0.42894487592311087
0.34235314,0.28031691012626886,0.9132118083561864,0.42896112752862436
0.34240454,0.28045578399801835,0.9132118083561864,0.42912371133984667
0.34241056,0.28055307760927745,0.9132118083561864,0.42923759335749007
0.3424609,0.28056698220746396,0.9132118083561864,0.42925386715159675
0.34250244,0.28053132434575734,0.9130504920148411,0.4291943127958489
0.3426038,0.280545229244114,0.9130504920148411,0.4292105861830028
0.34261596,0.28064260214200715,0.9130504920148411,0.42932453445558905
0.34275255,0.2807261184406309,0.9130504920148411,0.4294222525697248
0.34280056,0.28082361696849417,0.9130504920148411,0.4295363132727676
0.34283218,0.2808375508583904,0.9130504920148411,0.4295526126054156
0.34289318,0.2808514861310971,0.9130504920148411,0.4295689131751107
0.34305757,0.2808157999206034,0.9128891756734957,0.42950931653411695
0.3431616,0.28084367245657565,0.9128891756734957,0.4295419180989987
0.34316579,0.2809133780094316,0.9128891756734957,0.42962344366802757
0.34316593,0.2810528929724361,0.9128891756734957,0.42978658768096445
0.34317848,0.28106685209099036,0.9128891756734957,0.429802908897221
0.3432035,0.2812065195786126,0.9128891756734957,0.42996618926378155
0.34330386,0.2813043694387831,0.9128891756734957,0.430080559355165
0.34332404,0.2813603142246308,0.9128891756734957,0.43014594101514597
0.34343722,0.28137430389817025,0.9128891756734957,0.43016228953633545
0.34344894,0.2814302765068629,0.9128891756734957,0.4302276960501206
0.34345388,0.28148627138877835,0.9128891756734957,0.430293122457154
0.34347606,0.2815002735910063,0.9128891756734957,0.4303094821682961
0.34355035,0.28151427718634964,0.9128891756734957,0.4303258431234754
0.3435982,0.28162635612620684,0.9128891756734957,0.43045677556728124
0.34364313,0.2817806104665638,0.9128891756734957,0.43063693782781093
0.34367484,0.28179464196793147,0.9128891756734957,0.43065332369356285
0.3436844,0.2818086748667895,0.9128891756734957,0.4306697108063366
0.34369704,0.2818227091633466,0.9128891756734957,0.4306860991662745
0.3438221,0.28190694430606755,0.9128891756734957,0.4307844555243225
0.34400564,0.28192098839236784,0.9128891756734957,0.43080085261839696
0.3440132,0.2820193361905711,0.9128891756734957,0.43091566723740826
0.34410626,0.28198355345128334,0.9127278593321504,0.4308559244589753
0.34431827,0.28206789969589713,0.9127278593321504,0.43095437580891643
0.3443542,0.2821382267876733,0.9127278593321504,0.43103645297644194
0.3443545,0.28215229641450157,0.9127278593321504,0.4310528721617602
0.34436655,0.2821663674446439,0.9127278593321504,0.4310692925980164
0.34437454,0.2821804398783103,0.9127278593321504,0.43108571428535347
0.34437463,0.28219451371571075,0.9127278593321504,0.43110213722391444
0.34440884,0.2822085889570552,0.9127278593321504,0.4311185614138422
0.34445688,0.2822930698997156,0.9127278593321504,0.4312171328401238
0.34446236,0.28230715497455344,0.9127278593321504,0.4312335657936256
0.3445723,0.2823776014373409,0.9127278593321504,0.43131574935167444
0.34459242,0.2823916949490916,0.9127278593321504,0.4313321898223949
0.34459692,0.28240578986773146,0.9127278593321504,0.4313486315464866
0.34464413,0.2824903889360427,0.9127278593321504,0.43144730821986166
0.3447202,0.28250449370880765,0.9127278593321504,0.4314637587215667
0.34472537,0.2825185998901483,0.9127278593321504,0.4314802104777905
0.34473488,0.28253270748027565,0.9127278593321504,0.4314966634886761
0.34476894,0.2825468164794008,0.9127278593321504,0.4315131177543675
0.34479904,0.2826315000749288,0.9127278593321504,0.43161186970747323
0.344818,0.28264561894295137,0.9127278593321504,0.43162833276082446
0.3448498,0.2827586206896552,0.9127278593321504,0.4317600824140766
0.3448574,0.28277275226148235,0.9127278593321504,0.43177655677619564
0.34491765,0.2827868852459016,0.9127278593321504,0.43179303239556355
0.34492517,0.28288585570721464,0.9127278593321504,0.43190839694620364
0.34493014,0.2830415207603802,0.9127278593321504,0.43208980869794705
0.34493288,0.28306984190514306,0.9127278593321504,0.4321228090270186
0.34499773,0.28326824872334033,0.9127278593321504,0.4323539525461559
0.3450255,0.283282431282231,0.9127278593321504,0.43237047226006947
0.3451396,0.2834101382488479,0.9127278593321504,0.43251920651265297
0.34517333,0.2834243350197866,0.9127278593321504,0.4325357388575239
0.34523204,0.2835805934242181,0.9127278593321504,0.432717678099902
0.34524667,0.28375125376128385,0.9127278593321504,0.4329163319174621
0.34527066,0.28376548472842167,0.9127278593321504,0.4329328946358001
0.34528217,0.28387938387436656,0.9127278593321504,0.43306544202030395
0.34529483,0.283843452082288,0.912566542990805,0.43300547284590085
0.34533042,0.28385769481659895,0.912566542990805,0.4330220453150085
0.34533793,0.2839859437751004,0.912566542990805,0.4331712546418524
0.34538758,0.28402871918461614,0.912566542990805,0.4332210139374538
0.34540817,0.28408577311304173,0.912566542990805,0.4332873774506183
0.34542862,0.2841000401767778,0.912566542990805,0.43330397150589967
0.34543988,0.2841571227647177,0.912566542990805,0.4333703604393667
0.3454775,0.2841211634098558,0.9124052266494596,0.43331035011072333
0.3454836,0.2841354365517934,0.9124052266494596,0.43332694886000933
0.34555632,0.28426395939086296,0.9124052266494596,0.43347639484942313
0.34561583,0.28429253581301833,0.9124052266494596,0.4335096190691555
0.34580705,0.28430682617874736,0.9124052266494596,0.43352623308897204
0.3458126,0.2843211179811994,0.9124052266494596,0.4335428483822837
0.34589124,0.2843354112205912,0.9124052266494596,0.43355946494923714
0.3459389,0.2843497058971394,0.9124052266494596,0.43357608278997883
0.34595883,0.28443550414885593,0.9124052266494596,0.43367581659218474
0.3459771,0.2844498088915711,0.9124052266494596,0.4336924433535463
0.34598154,0.28454998239170903,0.9124052266494596,0.43380886639018823
0.345991,0.28451398671764944,0.9122439103081142,0.4337488015336739
0.34600884,0.28457125603864736,0.9122439103081142,0.43381535038895896
0.34601805,0.28458557697146597,0.9122439103081142,0.4338319907936536
0.34604937,0.284700196344963,0.9122439103081142,0.4339651600027071
0.34605515,0.28466418286174605,0.9120825939667688,0.43390506887650315
0.3460696,0.2846785156840038,0.9120825939667688,0.4339217191093841
0.34619156,0.2848075760628652,0.9120825939667688,0.43407162872790106
0.34619305,0.28490803728898967,0.9120825939667688,0.4341882967282504
0.34630063,0.2849798387096774,0.9120825939667688,0.43427166941858564
0.34631485,0.28499420333686176,0.9120825939667688,0.4342883477990073
0.34632486,0.28510917250768997,0.9120825939667688,0.4344218209754343
0.3463482,0.28523862375138737,0.9120825939667688,0.43457207639946793
0.34641212,0.2853393893515014,0.9120825939667688,0.43468901360769413
0.34643507,0.2853033208842233,0.9119212776254234,0.43462883942607755
0.3464457,0.28531772068843686,0.9119212776254234,0.43464554820815604
0.3464605,0.2854041500479628,0.9119212776254234,0.4347458278855093
0.34647176,0.2854185600323134,0.9119212776254234,0.43476254566393213
0.34653875,0.28543297147185054,0.9119212776254234,0.43477926472814016
0.3465884,0.28544738436679457,0.9119212776254234,0.4347959850782816
0.34659827,0.28546179871736604,0.9119212776254234,0.4348127067145049
0.34662446,0.2855915934121451,0.9119212776254234,0.4349632593386895
0.34667754,0.28563488454347935,0.9119212776254234,0.43501346671760516
0.3467186,0.2855987872662961,0.9117599612840781,0.4349532494513278
0.34674633,0.2856854023453296,0.9117599612840781,0.43505368895010427
0.3467857,0.28578651969459473,0.9117599612840781,0.43517092700918386
0.34681693,0.2858732486975874,0.9117599612840781,0.43527146707703357
0.34685156,0.2859600303566911,0.9117599612840781,0.43537205361233094
0.34686843,0.2859239020441206,0.9115986449427327,0.43531178985442975
0.3468805,0.2859383696807165,0.9115986449427327,0.4353285571215839
0.34695965,0.28590223661572717,0.9114373286013874,0.43526828704559
0.347011,0.28597459128410185,0.9114373286013874,0.4353521343808969
0.34703156,0.2861049220174195,0.9114373286013874,0.43550314101786575
0.34703887,0.2861194105433737,0.9114373286013874,0.43551992599979056
0.34705386,0.2861339005368176,0.9114373286013874,0.43553671227560464
0.34713948,0.2862788812322659,0.9114373286013874,0.4357046462305982
0.3471558,0.2863514266889666,0.9114373286013874,0.4357886617813562
0.3472296,0.28640948953211337,0.9114373286013874,0.43585589755421456
0.34726873,0.28642400892223463,0.9114373286013874,0.4358727097392697
0.3472848,0.2864385297845374,0.9114373286013874,0.4358895232213611
0.34728962,0.2864530521192456,0.9114373286013874,0.43590633800063905
0.3473102,0.2864675759265832,0.9114373286013874,0.43592315407725357
0.34734404,0.2864313964101004,0.911276012260042,0.4358628139342836
0.34735855,0.28644592059226204,0.911276012260042,0.4358796296292657
0.34736806,0.28646044624746453,0.911276012260042,0.4358964466218051
0.34740964,0.28647497337593186,0.911276012260042,0.4359132649120521
0.34751529,0.28648950197788825,0.911276012260042,0.43593008450015697
0.34752223,0.2865621670978542,0.911276012260042,0.4360142019138071
0.34754607,0.28662032573950985,0.911276012260042,0.4360815192214979
0.34761226,0.28663486908869495,0.911276012260042,0.43609835179644757
0.3476994,0.28669305724725946,0.911276012260042,0.4361656950928684
0.34779027,0.28665685428614934,0.9111146959186965,0.4361053200521415
0.34780753,0.2866714039183839,0.9111146959186965,0.43612215744529437
0.34784773,0.28663519618293487,0.9109533795773512,0.4360617760614119
0.3479089,0.2866497461928934,0.9109533795773512,0.43607861307349977
0.34795886,0.2868390308325291,0.9109533795773512,0.43629761260876815
0.34799036,0.28685360154424466,0.9109533795773512,0.43631446783815225
0.3479944,0.2868681737363475,0.9109533795773512,0.43633132436990313
0.3479977,0.286970220550869,0.9109533795773512,0.4364493565711084
0.34801483,0.2869848045941963,0.9109533795773512,0.4364662235272288
0.34809732,0.2871015303269104,0.9109533795773512,0.43660120612303127
0.3480981,0.28711612772015455,0.9109533795773512,0.4366180848181301
0.34820163,0.28713072659785427,0.9109533795773512,0.4366349648183164
0.34825796,0.287262183335029,0.9109533795773512,0.43678694357390935
0.34829265,0.2872767970697461,0.9109533795773512,0.4368038366332988
0.3483003,0.28745227793331635,0.9109533795773512,0.4370066553161497
0.34831637,0.287569384325508,0.9109533795773512,0.4371419724411897
0.34857905,0.28753310246486047,0.9107920632360058,0.4370814786139182
0.3485809,0.2875477463712758,0.9107920632360058,0.43709839746034596
0.34858176,0.28756239176937964,0.9107920632360058,0.43711531761663674
0.34859046,0.2875770386594,0.9107920632360058,0.4371322390829427
0.34872657,0.2875916870415648,0.9107920632360058,0.4371491618594161
0.34873918,0.2876063369161021,0.9107920632360058,0.4371660859462089
0.34876463,0.28762098828323995,0.9107920632360058,0.4371830113434735
0.34877092,0.2877822518986697,0.9107920632360058,0.43736927724806646
0.34883645,0.2877969211948211,0.9107920632360058,0.4373862183828709
0.34887823,0.28776061579242496,0.9106307468946604,0.43732568949452205
0.34890747,0.28772430668841764,0.9104694305533151,0.4372651559167375
0.34894377,0.2877683169326467,0.9104694305533151,0.43731597706456604
0.34895793,0.2877829900061187,0.9104694305533151,0.4373329200724721
0.34899393,0.2879591836734694,0.9104694305533151,0.4375363386174108
0.34904137,0.2879738762181744,0.9104694305533151,0.4375532987049609
0.3490994,0.28807676602694976,0.9104694305533151,0.4376720561432508
0.34910253,0.2880914705732224,0.9104694305533151,0.43768902675419086
0.3491221,0.28817972938473324,0.9104694305533151,0.43779087806355044
0.34918424,0.2881433823529412,0.9103081142119697,0.43773028739830827
0.34931841,0.2881728117659075,0.9103081142119697,0.4377642449862528
0.3493649,0.288231688630095,0.9103081142119697,0.4378321759704614
0.34936708,0.28829058955757636,0.9103081142119697,0.43790012804060774
0.34942633,0.2883053185510652,0.9103081142119697,0.43791711935397265
0.34954542,0.2883937241273573,0.9103081142119697,0.4380190949309394
0.34959012,0.28840846366145356,0.9103081142119697,0.4380360954779967
0.34961885,0.2884969325153374,0.9103081142119697,0.43813812647969974
0.34968576,0.28851168260136,0.9103081142119697,0.43815513626797836
0.34968746,0.28861497545008186,0.9103081142119697,0.4382742417766528
0.3497145,0.2887035710631331,0.9103081142119697,0.43837638376347204
0.34982088,0.2887183422870299,0.9103081142119697,0.43839341205681265
0.34987304,0.2887331150225133,0.9103081142119697,0.438410441673099
0.34990725,0.288696720053216,0.9101467978706242,0.43834977857161783
0.3499733,0.28882973277362545,0.9101467978706242,0.43850308941789085
0.34998965,0.288793324118159,0.9099854815292789,0.4384424063419317
0.34999555,0.2888081097685849,0.9099854815292789,0.4384594458043056
0.3500315,0.28891165172855315,0.9099854815292789,0.43857875913507194
0.35011908,0.28887523048555624,0.9098241651879335,0.43851805776894565
0.35014573,0.2890084550345888,0.9098241651879335,0.4386715407945317
0.35018837,0.2889720200881418,0.9096628488465882,0.43861081942949437
0.3502403,0.2890905362452579,0.9096628488465882,0.4387473254227034
0.3502904,0.28910535760061523,0.9096628488465882,0.43876439464638156
0.35029405,0.289209149656375,0.9096628488465882,0.4388839164101099
0.3503623,0.28917269323485667,0.9095015325052428,0.43882316313786557
0.35051027,0.2891875256462864,0.9095015325052428,0.43884024129171406
0.35061288,0.28932108585210653,0.9095015325052428,0.4389940045157126
0.35072377,0.2893359334907113,0.9095015325052428,0.4390110959700446
0.3507505,0.2894696308466396,0.9095015325052428,0.43916497896832035
0.350762,0.28948449373588003,0.9095015325052428,0.4391820837386794
0.35081846,0.28949935815147626,0.9095015325052428,0.43919918984149703
0.35092998,0.28954396055875103,0.9095015325052428,0.4392505161462583
0.3509564,0.2895588310821221,0.9095015325052428,0.4392676275804673
0.350959,0.28952234206471494,0.9093402161638974,0.4392068253531729
0.35100612,0.2896264707393516,0.9093402161638974,0.4393266308156261
0.3510671,0.28964135237899497,0.9093402161638974,0.43934375121743485
0.35113922,0.28973067434210525,0.9093402161638974,0.43944650165623067
0.35114306,0.28980515140609736,0.9093402161638974,0.43953216374232346
0.35122275,0.28982005141388173,0.9093402161638974,0.4395493001672813
0.35143867,0.28978353642860816,0.9091788998225521,0.43948845913874757
0.35151792,0.28984314733864747,0.9091788998225521,0.4395570113863125
0.35154784,0.2898580538983748,0.9091788998225521,0.4395741527898685
0.35155457,0.2899475254655829,0.9091788998225521,0.43967702929323244
0.35160342,0.28991099449503527,0.9090175834812066,0.43961616476792786
0.35167235,0.28992591068121015,0.9090175834812066,0.43963331382838305
0.35168132,0.28994082840236685,0.9090175834812066,0.4396504642268315
0.35170767,0.28995574765874244,0.9090175834812066,0.4396676159634299
0.35173723,0.28991920959193124,0.9088562671398612,0.43960674157266694
0.35175583,0.2899341292713051,0.9088562671398612,0.4396238929417736
0.35183725,0.2899490504863363,0.9088562671398612,0.43964104564926265
0.35184503,0.29003861003861003,0.9088562671398612,0.4397439900089994
0.3518818,0.2900535420098847,0.9088562671398612,0.4397611520895524
0.3519232,0.29014316613451435,0.9088562671398612,0.4398641527107233
0.35193136,0.2901581088736674,0.9088562671398612,0.43988132417202536
0.3519469,0.2902627511591963,0.9088562671398612,0.4400015619505097
0.35196346,0.2902777062187645,0.9088562671398612,0.44001874414208847
0.35199058,0.2903674689481008,0.9088562671398612,0.44012186547889237
0.35200286,0.29045728720936226,0.9088562671398612,0.44022503516137684
0.3520108,0.29047226232212825,0.9088562671398612,0.4402422348111194
0.3521968,0.2905471610540973,0.9088562671398612,0.4403282532235485
0.35222498,0.2905621454357916,0.9088562671398612,0.44034546093988053
0.35227916,0.29052555572747435,0.9086949507985159,0.44028450836292815
0.35228875,0.2906304818904138,0.9086949507985159,0.44040498807672124
0.3522891,0.29064547752953923,0.9086949507985159,0.4404222048471699
0.35233316,0.2907504903478889,0.9086949507985159,0.4405427599417591
0.35240304,0.2907138801424663,0.9085336344571705,0.44048177694316465
0.3524234,0.29086401900531944,0.9085336344571705,0.4406540959232692
0.35243788,0.29087904142134074,0.9085336344571705,0.44067133523690805
0.35244688,0.290842415164506,0.9083723181158251,0.44061032863813027
0.35249,0.29106792101726453,0.9083723181158251,0.440869054609145
0.3525011,0.2910829671749806,0.9083723181158251,0.440886313811095
0.3525863,0.2910980148883375,0.9083723181158251,0.440903574364429
0.35261264,0.2910613658687897,0.9082110017744798,0.440842533865422
0.3526274,0.2911215678163297,0.9082110017744798,0.44091158273907943
0.35265213,0.29121191744685254,0.9082110017744798,0.44101519661564353
0.35272047,0.29117525346575623,0.9080496854331344,0.4409541341894407
0.35276994,0.29128072445019404,0.9080496854331344,0.44107506660361273
0.3527865,0.2913561076604555,0.9080496854331344,0.4411614875187355
0.35283023,0.29137118898493714,0.9080496854331344,0.4411787757657581
0.35283405,0.2913345066777099,0.907888369091789,0.4411176862480155
0.35289013,0.29134958844541076,0.907888369091789,0.4411349741335089
0.35302582,0.29136467177469455,0.907888369091789,0.4411522633741177
0.3530451,0.2913797566658038,0.907888369091789,0.4411695539700014
0.35305062,0.29153069153069155,0.907888369091789,0.44134253450402355
0.35306793,0.2916666666666667,0.907888369091789,0.44149833300610386
0.35308513,0.2916817828452967,0.907888369091789,0.44151565074098287
0.35309517,0.2916969005908573,0.907888369091789,0.4415329698344886
0.3532157,0.29171201990359197,0.907888369091789,0.44155029028678083
0.35324535,0.29172714078374457,0.907888369091789,0.44156761209801954
0.35335684,0.291817898994089,0.907888369091789,0.4416715715122863
0.35339162,0.29183303085299456,0.907888369091789,0.44168890284063017
0.3534136,0.2918481642812695,0.907888369091789,0.4417062355292005
0.35342458,0.29195414224205013,0.907888369091789,0.4418276024489959
0.3535729,0.2920298879202989,0.907888369091789,0.4419143339480437
0.35357603,0.2919931503295107,0.9077270527504436,0.44185316058070745
0.35358492,0.2919564089257914,0.9075657364090982,0.44179198240962025
0.3535851,0.29197156053765116,0.9075657364090982,0.4418093293541157
0.35359806,0.29193481419970935,0.9074044200677529,0.44174814465742407
0.3536157,0.292101573453809,0.9074044200677529,0.44193903205494267
0.35365912,0.29211674283340255,0.9074044200677529,0.4419563936354594
0.35372564,0.29213191378862635,0.9074044200677529,0.4419737565801298
0.3537279,0.2922837100545596,0.9074044200677529,0.4421474610906548
0.35375038,0.2922469341093328,0.9072431037264075,0.4420862319691319
0.35376006,0.29235327753807766,0.9072431037264075,0.4422078943226381
0.35376084,0.2923684757745893,0.9072431037264075,0.44222528012544216
0.35385898,0.29242928452579037,0.9072431037264075,0.4422948370095798
0.3538601,0.292444490666112,0.9072431037264075,0.4423122296496509
0.3539202,0.2924076963078523,0.9070817873850621,0.442250973297834
0.3539987,0.29242290290706746,0.9070817873850621,0.44226836558088023
0.35400587,0.29243811108799667,0.9070817873850621,0.4422857592319434
0.35403767,0.29245332085088677,0.9070817873850621,0.4423031542511847
0.35403833,0.2924685321959846,0.9070817873850621,0.44232055063876596
0.35411924,0.2924837451235371,0.9070817873850621,0.44233794839484836
0.35420915,0.2924469413233458,0.9069204710437168,0.44227667859775105
0.35421252,0.292462154710503,0.9069204710437168,0.44229407599679904
0.35426527,0.2924253459577567,0.9067591547023713,0.4422327996534607
0.35426703,0.2925471010721349,0.9067591547023713,0.4423720143230089
0.35432023,0.2925623275906938,0.9067591547023713,0.4423894223197948
0.35449824,0.29257755569435767,0.9067591547023713,0.44240683168669576
0.35450518,0.29259278538337413,0.9067591547023713,0.44242424242387346
0.35453779,0.29260801665799063,0.9067591547023713,0.44244165453148987
0.35456812,0.2926841968237438,0.9067591547023713,0.44252873563181494
0.3545888,0.2926994376171631,0.9067591547023713,0.4425461559654618
0.35461098,0.29283667621776505,0.9067591547023713,0.4427030007084598
0.35461345,0.29285193289569655,0.9067591547023713,0.4427204347651174
0.3546192,0.292867191163445,0.9067591547023713,0.4427378701949681
0.35461992,0.2929587741700109,0.9067591547023713,0.4428425116202091
0.35464174,0.292974043573439,0.9067591547023713,0.44285995666695405
0.35464674,0.29312682519816435,0.9067591547023713,0.44303448275825136
0.35471928,0.29334098737083814,0.9067591547023713,0.4432790505102571
0.3547442,0.2934175497207287,0.9067591547023713,0.4433664615866316
0.35478047,0.29343286698684484,0.9067591547023713,0.443383947938893
0.35478657,0.29355546271151034,0.9067591547023713,0.44352388842824136
0.35479376,0.2935707943803207,0.9067591547023713,0.44354138720076675
0.35486588,0.2935861276506842,0.9067591547023713,0.4435588873541382
0.35490245,0.2936014625228519,0.9067591547023713,0.4435763888885193
0.35491124,0.2936167989970748,0.9067591547023713,0.4435938918040735
0.35497192,0.2936321370736039,0.9067591547023713,0.4436113961009642
0.35499883,0.29364747675269043,0.9067591547023713,0.443628901779355
0.35503972,0.29366281803458544,0.9067591547023713,0.44364640883940937
0.35507876,0.29380096173949405,0.9067591547023713,0.4438040345817629
0.35511875,0.2938163190633004,0.9067591547023713,0.44382155546745505
0.35512507,0.2938316779926817,0.9067591547023713,0.44383907773661163
0.35514677,0.29398535564853556,0.9067591547023713,0.44401437655478637
0.35522154,0.2939484282650766,0.9065978383610259,0.4439529188715789
0.3552308,0.2939638037451616,0.9065978383610259,0.44397045463485546
0.35524917,0.29405609041439934,0.9065978383610259,0.44407569831261656
0.35525283,0.2940714771597509,0.9065978383610259,0.4440932437767932
0.35530937,0.29408686551543695,0.9065978383610259,0.44411079062747
0.3553468,0.2941022554817102,0.9065978383610259,0.444128338864811
0.35535723,0.29411764705882354,0.9065978383610259,0.4441458884889809
0.3553645,0.294179229480737,0.9065978383610259,0.44421610085723584
0.35543796,0.29419462911584565,0.9065978383610259,0.44423365741801585
0.35545328,0.2941576798241022,0.9064365220196806,0.44417216710764945
0.35545513,0.2941730799434585,0.9064365220196806,0.4441897233197881
0.3554664,0.2943888510504532,0.9064365220196806,0.4444356560939112
0.35548747,0.29435188095986586,0.9062752056783352,0.44437413486219657
0.3555403,0.29436730416557505,0.9062752056783352,0.44439171017207085
0.35562488,0.2944753118775553,0.9062752056783352,0.4445147762784603
0.35565317,0.2945833988778774,0.9062752056783352,0.444637910565518
0.35568148,0.29459884635553224,0.9062752056783352,0.4446555067470277
0.3557014,0.294707024078057,0.9062752056783352,0.4447787190242516
0.35571715,0.29472248452418426,0.9062752056783352,0.4447963263525056
0.3557272,0.2947688755968309,0.9062752056783352,0.4448491567024564
0.35575193,0.294731871130234,0.9061138893369899,0.4447875836398085
0.3557793,0.29474733693655875,0.9061138893369899,0.44480519480482444
0.35580108,0.2948556430446194,0.9061138893369899,0.4449285120199075
0.35580343,0.2948711218436663,0.9061138893369899,0.44494613434690455
0.35583466,0.29488660226795466,0.9061138893369899,0.4449637580698953
0.35587314,0.29504149595545753,0.9061138893369899,0.44514007211596646
0.35603556,0.2950569942743079,0.9061138893369899,0.44515771120584274
0.35606074,0.2950724942214751,0.9061138893369899,0.44517535169370503
0.35607153,0.2950879957972157,0.9061138893369899,0.4451929935797197
0.35607517,0.2951965524490225,0.9061138893369899,0.4453165259440539
0.3561049,0.2951595101697588,0.9059525729956445,0.44525489574211724
0.35613552,0.29529919024082446,0.9059525729956445,0.4454138081449279
0.35617647,0.2953147184098438,0.9059525729956445,0.44543147208084743
0.35619548,0.29527766091712243,0.905791256654299,0.4453698195514832
0.35631835,0.29524059952668946,0.9056299403129537,0.445308162131778
0.3563276,0.2954114923174069,0.9056299403129537,0.4455025195409535
0.35644075,0.295551460910766,0.9056299403129537,0.445661665475536
0.35644287,0.2955670211645783,0.9056299403129537,0.4456793553761224
0.35644397,0.2955825830569157,0.9056299403129537,0.4456970466811152
0.3564618,0.29570713721358965,0.9056299403129537,0.4458386276997559
0.35646644,0.29572271386430676,0.9056299403129537,0.4458563316519339
0.35650322,0.29586297760210806,0.9056299403129537,0.4460157305152401
0.35650936,0.29595656070430704,0.9056299403129537,0.44612205975805214
0.35659015,0.2960970464135021,0.9056299403129537,0.4462816487138064
0.35660508,0.29611266417005117,0.9056299403129537,0.4462993878682986
0.35665742,0.29612828357421667,0.9056299403129537,0.44631712843306653
0.35668585,0.2960911536635544,0.9054686239716083,0.4462553665125877
0.35670555,0.29620052770448546,0.9054686239716083,0.4463795777164363
0.35672665,0.29621615916407196,0.9054686239716083,0.4463973278189382
0.35673368,0.29629434121621623,0.9054686239716083,0.44648609951042667
0.356755,0.2963099825793169,0.9054686239716083,0.44650385808569953
0.3568201,0.2963256255939183,0.9054686239716083,0.4465216180736908
0.35682318,0.29634127026028195,0.9054686239716083,0.4465393794745688
0.356855,0.29635691657866947,0.9054686239716083,0.4465571422885022
0.35698062,0.29637256454934263,0.9054686239716083,0.4465749065156599
0.35698277,0.29648214663004435,0.9054686239716083,0.44669929569020955
0.3570156,0.29649780782842955,0.9054686239716083,0.4467170712292343
0.35703617,0.29662315700470326,0.9054686239716083,0.44685932648637283
0.35706487,0.2967172384627584,0.9054686239716083,0.4469660774004882
0.35709086,0.2967329245083527,0.9054686239716083,0.4469838741784058
0.35715866,0.29687417358650237,0.9054686239716083,0.4471441089775617
0.35721552,0.29703127480552466,0.9054686239716083,0.4473222824350758
0.35728568,0.29704699407281965,0.9054686239716083,0.4473401075907815
0.3573051,0.2970627150039693,0.9054686239716083,0.4473579341671581
0.3573618,0.29707843759923785,0.9054686239716083,0.447375762164375
0.3573786,0.297041232202403,0.9053073076302629,0.44731388490318286
0.3573892,0.2970569553250053,0.9053073076302629,0.4473317125658868
0.357433,0.2971513290267923,0.9053073076302629,0.44743870839109684
0.35749644,0.29716706380725444,0.9053073076302629,0.4474565460050497
0.35752422,0.2971828002541834,0.9053073076302629,0.44747438504128945
0.357626,0.29714558068103586,0.9051459912889176,0.4474124870421285
0.3576411,0.29716131765702786,0.9051459912889176,0.4474303257442154
0.35766026,0.2971770562999841,0.9051459912889176,0.4474481658688463
0.35766858,0.29728727349793366,0.9051459912889176,0.44757308658679323
0.35771802,0.29738181047275813,0.9051459912889176,0.44768021701801847
0.35772103,0.2975395057800403,0.9051459912889176,0.4478588817492385
0.35776988,0.2975552845097311,0.9051459912889176,0.44787675606603883
0.35782483,0.29757106491302504,0.9051459912889176,0.4478946318096455
0.35787442,0.29761841616718826,0.9051459912889176,0.4479482676030125
0.3579257,0.2976342032675578,0.9051459912889176,0.4479661490555534
0.3579382,0.29764999204286247,0.9051459912889176,0.44798403193575526
0.35795557,0.2976657824933687,0.9051459912889176,0.44800191624378904
0.35797113,0.2976285214069712,0.9049846749475722,0.4479399552854787
0.3580076,0.29764431239388794,0.9049846749475722,0.44795783926181454
0.35805893,0.29766010505650764,0.9049846749475722,0.44797572466624086
0.35810867,0.2976758993950971,0.9049846749475722,0.4479936114989287
0.3581798,0.2976916954099231,0.9049846749475722,0.4480114997600491
0.35819784,0.2977074931012524,0.9049846749475722,0.44802938944977316
0.35820854,0.29772329246935203,0.9049846749475722,0.4480472805682722
0.3582766,0.2977390935144889,0.9049846749475722,0.4480651731157171
0.3583096,0.2977548962369301,0.9049846749475722,0.44808306709227924
0.3583376,0.29777070063694266,0.9049846749475722,0.44810096249812975
0.35843146,0.29784974780992834,0.9049846749475722,0.448190460972704
0.35848603,0.2979288369622942,0.9049846749475722,0.44827999520518885
0.35849935,0.297944659833236,0.9049846749475722,0.44829790634452105
0.35854235,0.2979604843849586,0.9049846749475722,0.44831581891519845
0.35857216,0.2979231954108461,0.9048233586062268,0.44825381603095465
0.35859343,0.2978859024753001,0.9046620422648814,0.4481918081914354
0.35862467,0.29790172642762286,0.9046620422648814,0.448209718669704
0.3586668,0.2980125411839728,0.9046620422648814,0.4483351321097923
0.358764,0.29802837859382475,0.9046620422648814,0.44835305404503817
0.35876954,0.29804421768707484,0.9046620422648814,0.4483709774131791
0.35880712,0.2981551384975278,0.9046620422648814,0.44849648112566676
0.35882965,0.29811782220331773,0.904500725923536,0.44843443835688696
0.35883352,0.2982764123842962,0.904500725923536,0.4486138336596662
0.3588546,0.29837164750957856,0.904500725923536,0.44872153975393847
0.35886675,0.2983343089777021,0.9043394095821907,0.4486594637851411
0.3588679,0.29835018626929216,0.9043394095821907,0.44867741806357503
0.35889903,0.2983660652509447,0.9043394095821907,0.44869537377904106
0.3589449,0.29838194592292955,0.9043394095821907,0.44871333093171156
0.35895163,0.2983978282855166,0.9043394095821907,0.44873128952175934
0.3590069,0.29846137464728745,0.9043394095821907,0.44880313825917373
0.35904366,0.2984240230007454,0.9041780932408453,0.44874104319245334
0.3590789,0.2984399126777062,0.9041780932408453,0.4487590072053914
0.35908493,0.29845580404685834,0.9041780932408453,0.44877697265665867
0.35910037,0.2984716971084722,0.9041780932408453,0.4487949395464279
0.35914153,0.2984875918628182,0.9041780932408453,0.448812907874872
0.35914215,0.2985034883101667,0.9041780932408453,0.4488308776421637
0.35919437,0.29846612697060076,0.9040167768994999,0.4487687687683956
0.35919732,0.29848202396804263,0.9040167768994999,0.44878673820736287
0.35928735,0.2984979226589965,0.9040167768994999,0.44880470908543946
0.35928866,0.29864108713029575,0.9040167768994999,0.4489665117765855
0.35943058,0.29875253225290543,0.9040167768994999,0.4490924389946981
0.3594341,0.2987151463453644,0.9038554605581546,0.4490302933158632
0.35945484,0.29873107272339516,0.9038554605581546,0.4490482869160762
0.35945684,0.298693681684884,0.9036941442168092,0.4489861344870835
0.35946983,0.29870960861682844,0.9036941442168092,0.4490041277598158
0.35963503,0.2986722124460086,0.9035328278754637,0.4489419685792994
0.35964948,0.2986881399317406,0.9035328278754637,0.4489599615242147
0.35967135,0.2987678028484558,0.9035328278754637,0.4490499478870633
0.3596765,0.29878374053131335,0.9035328278754637,0.4490679494885019
0.35970455,0.2989751254403758,0.9035328278754637,0.44928408133761216
0.35974059,0.29899108525062723,0.9035328278754637,0.4493021017162957
0.35975167,0.2991188251001335,0.9035328278754637,0.4494463168027076
0.35978416,0.29913480025635547,0.9035328278754637,0.449464350198238
0.35978714,0.29923068703921357,0.9035328278754637,0.44957258096844266
0.35987678,0.29924667414649786,0.9035328278754637,0.4495906244979405
0.35989147,0.2992626629621714,0.9035328278754637,0.4496086694758454
0.3599173,0.2992252204114347,0.9033715115341184,0.4495464397523756
0.35995027,0.29924120978946245,0.9033715115341184,0.4495644844053581
0.35998675,0.29935318330036886,0.9033715115341184,0.44969083754881106
0.3600086,0.2994492273140474,0.9033715115341184,0.44979919678677466
0.3600269,0.2995132909022838,0.9033715115341184,0.4498714652952558
0.36003172,0.2996094376972875,0.9033715115341184,0.4499799116107148
0.36009416,0.299625468164794,0.9033715115341184,0.4499979910800229
0.36011505,0.29973772948669913,0.9033715115341184,0.4501245880552484
0.36013007,0.2997002462263141,0.903210195192773,0.4500622965311156
0.36025313,0.2998446955497242,0.903210195192773,0.45022515278187086
0.36027858,0.30002143392991104,0.903210195192773,0.45042435943810355
0.3603531,0.30003751138738544,0.903210195192773,0.4504424778757318
0.36035424,0.30015010185483004,0.903210195192773,0.45056934776448293
0.36036277,0.3001983807838722,0.903210195192773,0.45062374245435394
0.3603645,0.3003110920403347,0.903210195192773,0.4507507144866036
0.3603865,0.3003272005578501,0.903210195192773,0.45076885918970666
0.3604056,0.3002896684905053,0.9030488788514276,0.4507064932969967
0.36041045,0.3003057775870393,0.9030488788514276,0.4507246376807848
0.3605188,0.30045083726921423,0.9030488788514276,0.4508880028992266
0.36052963,0.3006121791429492,0.9030488788514276,0.4510696587563232
0.36057162,0.30062832286128566,0.9030488788514276,0.4510878323928565
0.36062798,0.3006444683136412,0.9030488788514276,0.4511060074938836
0.36063617,0.3006606155002954,0.9030488788514276,0.4511241840595816
0.36065096,0.3006767644215276,0.9030488788514276,0.45114236209012765
0.36078346,0.30069291507761725,0.9030488788514276,0.4511605415856987
0.36081022,0.300709067468844,0.9030488788514276,0.45117872254647184
0.36082983,0.30067150147730326,0.9028875625100823,0.4511163053111429
0.3608437,0.30076844537589337,0.9028875625100823,0.4512254111573161
0.36085242,0.30093015753535135,0.9028875625100823,0.4514073715618478
0.3608595,0.30094633831594797,0.9028875625100823,0.4514255756741018
0.3608806,0.3009625208366941,0.9028875625100823,0.45144378125466605
0.36090714,0.3009787050978705,0.9028875625100823,0.4514619883037185
0.3609415,0.300994891099758,0.9028875625100823,0.45148019682143675
0.36098862,0.3010110788426374,0.9028875625100823,0.45149840680799824
0.36100835,0.30102726832678967,0.9028875625100823,0.4515166182635811
0.36105958,0.3010758472296934,0.9028875625100823,0.4515712614462343
0.36106953,0.30109204368174725,0.9028875625100823,0.45158947877967975
0.36107245,0.30110824187647944,0.9028875625100823,0.45160769758303554
0.36110985,0.3011244418141712,0.9028875625100823,0.4516259178564796
0.36111104,0.30108683955665555,0.9027262461687369,0.45156344563206385
0.3611725,0.30110304008609096,0.9027262461687369,0.45158166559032853
0.3612054,0.30123270711094363,0.9027262461687369,0.45172747820433895
0.36124808,0.3012489233419466,0.9027262461687369,0.45174571140224834
0.36132905,0.30126514131897714,0.9027262461687369,0.4517639460721201
0.3613347,0.3012275223430602,0.9025649298273916,0.45170144915798266
0.3613385,0.30124374091423034,0.9025649298273916,0.45171968351326924
0.36135042,0.3012599612319621,0.9025649298273916,0.45173791934078983
0.36142775,0.3012761832965376,0.9025649298273916,0.4517561566407229
0.36142805,0.3013897866839043,0.9025649298273916,0.45188385898278505
0.36143318,0.3014060227333944,0.9025649298273916,0.4519021080684398
0.36148638,0.3014222605322702,0.9025649298273916,0.45192035862811303
0.3614883,0.3016172506738544,0.9025649298273916,0.4521394803826702
0.3615836,0.3017311114706358,0.9025649298273916,0.4522673995631196
0.36164305,0.30174738431668646,0.9025649298273916,0.452285679640706
0.36165643,0.30189391895537687,0.9025649298273916,0.4524502668603716
0.3617564,0.3019102093675804,0.9025649298273916,0.4524685617237762
0.36193344,0.301872537909449,0.9024036134860461,0.45240598463367204
0.362011,0.3018348623853211,0.9022422971447007,0.452343402482539
0.3620121,0.30201414763216156,0.9022422971447007,0.4525447042637232
0.36203873,0.3020304568527919,0.9022422971447007,0.4525630133103011
0.3620401,0.3020467678349625,0.9022422971447007,0.4525813238384331
0.36213243,0.3020090732339598,0.9020809808033554,0.45251871333160876
0.36213976,0.3021232913717651,0.9020809808033554,0.45264691597825446
0.36214536,0.30213961530149125,0.9020809808033554,0.4526652365722553
0.3621815,0.3021559409952991,0.9020809808033554,0.4526835586493448
0.36223865,0.30217226845347456,0.9020809808033554,0.45270188220970303
0.36230588,0.3021885976763037,0.9020809808033554,0.45272020725351003
0.3624044,0.3023356401384083,0.9020809808033554,0.45288519943270755
0.36243016,0.30229791835631253,0.90191966446201,0.4528225479869893
0.36245307,0.3023142640856494,0.90191966446201,0.4528408860806995
0.36251295,0.30233061158276103,0.90191966446201,0.4528592256597568
0.362524,0.30249418384461396,0.90191966446201,0.4530427031841307
0.3625377,0.30245644410778055,0.9017583481206646,0.4529800251201619
0.3625435,0.3024728099128835,0.9017583481206646,0.4529983792540809
0.3625562,0.3024891774891775,0.9017583481206646,0.45301673487542915
0.36258972,0.3024514313545105,0.9015970317793193,0.45295404813966755
0.36260888,0.3024136811343219,0.9014357154379739,0.4528913563233259
0.36261582,0.3024300481679926,0.9014357154379739,0.45290970983914397
0.3626198,0.3024464169733709,0.9014357154379739,0.45292806484258225
0.3626776,0.30246278755074424,0.9014357154379739,0.4529464213338217
0.3627184,0.3026265908475494,0.9014357154379739,0.4531300681150956
0.36272037,0.3026429809358752,0.9014357154379739,0.45314844098409435
0.3628063,0.3026593727996534,0.9014357154379739,0.4531668153430671
0.36285877,0.30277416558300824,0.9014357154379739,0.4532954775903759
0.36289757,0.30292188431723316,0.9014357154379739,0.45346100787108334
0.36292723,0.3029383064078933,0.9014357154379739,0.4534794075873695
0.3629938,0.30295473027920844,0.9014357154379739,0.4534978087968965
0.36312723,0.3030204435768125,0.9014357154379739,0.45357142857105187
0.36318582,0.3031684027777778,0.9014357154379739,0.4537371604884382
0.36318818,0.30318485160870273,0.9014357154379739,0.453755582622441
0.363249,0.30320130222463376,0.9014357154379739,0.45377400625241476
0.3633064,0.3032177546258614,0.9014357154379739,0.4537924313785415
0.36342874,0.30328358208955225,0.9014357154379739,0.45386614684822624
0.3634404,0.3033659066232356,0.9014357154379739,0.4539583248706577
0.3634431,0.3034812360832021,0.9014357154379739,0.45408743702221377
0.36348143,0.30349771887899196,0.9014357154379739,0.4541058876108539
0.36350426,0.30361314860092364,0.9014357154379739,0.4542350837258464
0.36357188,0.3036296457291893,0.9014357154379739,0.45425354631511305
0.3637043,0.30376168732333114,0.9014357154379739,0.45440130107707766
0.36370918,0.3037782005979886,0.9014357154379739,0.4544197771810493
0.3637611,0.30379471566815264,0.9014357154379739,0.45443825478757066
0.363768,0.30381123253411624,0.9014357154379739,0.4544567338968253
0.3637724,0.3040095751047277,0.9014357154379739,0.45467860048782455
0.36379224,0.30410884353741496,0.9014357154379739,0.4547896150399092
0.3638006,0.3041253945792968,0.9014357154379739,0.45480812273595933
0.36380288,0.3041419474228487,0.9014357154379739,0.4548266319384148
0.36380306,0.3041585020683649,0.9014357154379739,0.45484514264745957
0.36381558,0.3042910041385319,0.9014357154379739,0.454993282579112
0.3638447,0.3043572984749455,0.9014357154379739,0.45506738873694896
0.36393043,0.3043738765727981,0.9014357154379739,0.455085919048405
0.36394525,0.3043904564767404,0.9014357154379739,0.4551044508690284
0.3639612,0.3043525630549654,0.9012743990966285,0.4550415377093472
0.36396524,0.3043691436042711,0.9012743990966285,0.45506006923195813
0.36398742,0.3045848552581366,0.9012743990966285,0.4553011164530492
0.36402935,0.304601461127467,0.9012743990966285,0.4553196691247599
0.3640511,0.30461806880758957,0.9012743990966285,0.4553382233085059
0.3640549,0.30468451764192617,0.9012743990966285,0.4554124551675389
0.3640836,0.30476761946323366,0.9012743990966285,0.45550527903431304
0.3640922,0.30503385018563006,0.9012743990966285,0.4558025698548129
0.36410022,0.30505050505050507,0.9012743990966285,0.45582116341644524
0.3641404,0.3050671617341924,0.9012743990966285,0.4558397584951142
0.36422566,0.3050838202369901,0.9012743990966285,0.45585835509100586
0.36432514,0.30510048055919614,0.9012743990966285,0.45587695320430566
0.3643512,0.3051171427011086,0.9012743990966285,0.4558955528351994
0.36437622,0.30513380666302564,0.9012743990966285,0.45591415398387275
0.36442345,0.30523382867132864,0.9012743990966285,0.45602579275969213
0.3644812,0.30525050538163145,0.9012743990966285,0.4560444045380271
0.36451396,0.3052671839143263,0.9012743990966285,0.4560630178356287
0.36455533,0.30550087489063865,0.9012743990966285,0.4563237636293028
0.3645604,0.30565129383445483,0.9012743990966285,0.4564915434263723
0.3645666,0.305668016194332,0.9012743990966285,0.4565101932422577
0.36457404,0.30568474038408927,0.9012743990966285,0.4565288445820699
0.36464408,0.3057014664040271,0.9012743990966285,0.45654749744599554
0.36467326,0.30566347469220245,0.9011130827552831,0.4564844324585577
0.36471105,0.3056802013790084,0.9011130827552831,0.45650308503210646
0.36473197,0.3056969298965687,0.9011130827552831,0.45652173913005645
0.36477736,0.30571366024518387,0.9011130827552831,0.4565403947525946
0.36485258,0.3057805999562076,0.9011130827552831,0.456615032492367
0.36487484,0.3057425959380303,0.9009517664139377,0.45655194964402607
0.36490485,0.3057593342822731,0.9009517664139377,0.45657061107667046
0.36494276,0.30589330704348777,0.9009517664139377,0.4567199574760087
0.36495358,0.30609448646278636,0.9009517664139377,0.4569441603596132
0.36498994,0.30611126335982464,0.9009517664139377,0.4569628538696918
0.36500505,0.30624554477161814,0.9009517664139377,0.4571124570302319
0.36515182,0.30626233823206844,0.9009517664139377,0.457131164313106
0.3651867,0.30627913353441183,0.9009517664139377,0.4571498731272303
0.3652247,0.3062959306789514,0.9009517664139377,0.45716858347279277
0.36524728,0.3064808209405696,0.9009517664139377,0.4573744984027004
0.3652668,0.3064976402151246,0.9009517664139377,0.4573932271401968
0.36527032,0.30651446133582133,0.9009517664139377,0.45741195741157864
0.36528966,0.30647639956092204,0.9007904500725924,0.4573487857811847
0.36539206,0.3065773580762051,0.9007904500725924,0.4574611887105538
0.36547065,0.30662786228103894,0.9007904500725924,0.4575174108967944
0.36551622,0.3067963298719851,0.9007904500725924,0.45770491803240787
0.36553383,0.3069649826837447,0.9007904500725924,0.45789257892541013
0.36553445,0.3069818581638263,0.9007904500725924,0.45791135347864825
0.36559168,0.3071000384974977,0.9007904500725924,0.45804281847226447
0.36561367,0.30721830985915494,0.9007904500725924,0.45817435897397973
0.36561814,0.30730284519288975,0.9007904500725924,0.4582683627406957
0.36562037,0.3073197578425977,0.9007904500725924,0.4582871681230562
0.36563298,0.30728163355165394,0.900629133731247,0.45822390019660036
0.3656977,0.30741699245636256,0.900629133731247,0.4583743842360737
0.36572754,0.3074339207048458,0.900629133731247,0.45839320169098713
0.36575773,0.3075016523463318,0.900629133731247,0.458468486963283
0.36584392,0.3075185899201322,0.900629133731247,0.4584873121454692
0.36586648,0.3074804450809739,0.9004678173899016,0.45842401346818695
0.3658774,0.3074422960392222,0.9003065010485563,0.4583607095922617
0.3658825,0.3075439466578498,0.9003065010485563,0.4584736712392491
0.3659047,0.30756089496307726,0.9003065010485563,0.4584925035937875
0.36602038,0.3076965486823244,0.9003065010485563,0.4586432181448313
0.366044,0.30771351381154544,0.9003065010485563,0.4586620644309155
0.3661182,0.3078662842012357,0.9003065010485563,0.45883175072926224
0.3661708,0.30788326805318034,0.9003065010485563,0.45885061251298037
0.36621407,0.30790025377910185,0.9003065010485563,0.4588694758475133
0.36622867,0.30791724137931037,0.9003065010485563,0.45888834073305224
0.36644042,0.30803620708687496,0.9003065010485563,0.4590204383760646
0.36646828,0.30805320969255395,0.9003065010485563,0.4590393156765406
0.36648926,0.30807021417531466,0.9003065010485563,0.4590581945297455
0.36659566,0.30808722053546783,0.9003065010485563,0.4590770749358708
0.36670744,0.3080490228552501,0.9001451847072108,0.4590136963760442
0.36674005,0.3081681117799746,0.9001451847072108,0.4591458899033475
0.36675447,0.30818513200044184,0.9001451847072108,0.4591647809088979
0.36687562,0.30820215410107704,0.9001451847072108,0.4591836734690076
0.36690873,0.3082191780821918,0.9001451847072108,0.45920256758386885
0.366944,0.3082362039440977,0.9001451847072108,0.45922146325367313
0.36701128,0.3083724785852445,0.9001451847072108,0.45937268461310465
0.3670359,0.3083895213883055,0.9001451847072108,0.4593915942860398
0.36721516,0.30850887377674574,0.9001451847072108,0.4595240055995539
0.36722904,0.30847064027424526,0.8999838683658654,0.45946057236939536
0.36731082,0.30848769698645284,0.8999838683658654,0.4594794926696906
0.36735305,0.3086071468082753,0.8999838683658654,0.4596119784154042
0.36736482,0.3086242186203463,0.8999838683658654,0.4596309111876243
0.3674293,0.3087266891704942,0.8999838683658654,0.45974454058470404
0.3674665,0.30884632418069086,0.8999838683658654,0.459877179243736
0.3674761,0.30880806067652106,0.8998225520245201,0.45981370043651676
0.3674897,0.308825157789835,0.8998225520245201,0.45983265322908246
0.367576,0.30884225679641214,0.8998225520245201,0.4598516075841207
0.36760914,0.30885935769656697,0.8998225520245201,0.45987056350182487
0.367644,0.3088210864388947,0.8996612356831747,0.45980707395460335
0.36766908,0.3088381880606933,0.8996612356831747,0.4598260295993226
0.3677179,0.30885529157667385,0.8996612356831747,0.4598449868070073
0.36773896,0.3090606816292602,0.8996612356831747,0.4600725952809261
0.36774617,0.3090778097982709,0.8996612356831747,0.46009157282476476
0.36775512,0.30909493986587594,0.8996612356831747,0.4601105519342782
0.36776257,0.3091120718323911,0.8996612356831747,0.46012953260966016
0.36776298,0.30926634503410416,0.8996612356831747,0.46030042918416864
0.36777443,0.30938644180627983,0.8996612356831747,0.46043343653212687
0.36783066,0.30940360610263523,0.8996612356831747,0.4604524438569508
0.3678699,0.3094207723035952,0.8996612356831747,0.46047145275113627
0.36790618,0.3094722823372732,0.8996612356831747,0.4605284888518074
0.36791146,0.30943396226415093,0.8994999193418294,0.4604649242326593
0.36791208,0.30945113491314724,0.8994999193418294,0.4604839375667179
0.36794606,0.30946830946830944,0.8994999193418294,0.4605029524710234
0.36800945,0.30964015992892047,0.8994999193418294,0.46069318792046826
0.3680192,0.30977777777777776,0.8994999193418294,0.46084548948265536
0.36802432,0.3097949886104784,0.8994999193418294,0.46086453425864854
0.3680487,0.3098982937809148,0.8994999193418294,0.46097883597845485
0.368105,0.30991551800800354,0.8994999193418294,0.4609978917775527
0.36811864,0.30998443406715587,0.8994999193418294,0.4610741307310034
0.36817488,0.3101051109504477,0.8994999193418294,0.4612076095943251
0.36839563,0.31012235817575085,0.8994999193418294,0.4612266843124521
0.3684009,0.3101396073196507,0.8994999193418294,0.46124576060843653
0.3684173,0.3101012348425854,0.899338603000484,0.4611821152331051
0.3684244,0.310118484730489,0.899338603000484,0.4612011912636822
0.3684569,0.3102392877017251,0.899338603000484,0.4613347676772221
0.36848524,0.3103947441679194,0.899338603000484,0.46150662251617486
0.36849025,0.3104120267260579,0.899338603000484,0.4615257254021599
0.36857805,0.3105330585417479,0.899338603000484,0.4616594898969354
0.36863112,0.3106541847765519,0.899338603000484,0.4617933319524036
0.36863282,0.3107754055410001,0.899338603000484,0.4619272516360421
0.3687254,0.3107927305162225,0.899338603000484,0.4619463893603507
0.36874127,0.31087938437517426,0.899338603000484,0.4620421017731968
0.36876062,0.31089672094579524,0.899338603000484,0.46206124901540707
0.3687643,0.3109140594501143,0.899338603000484,0.46208039784462435
0.36877435,0.3109313998884551,0.899338603000484,0.46209954826104627
0.368776,0.3110701930588104,0.899338603000484,0.462252808755474
0.3688315,0.3110875509179175,0.899338603000484,0.4622719734656213
0.36894462,0.3111222724482393,0.899338603000484,0.4623103076536524
0.36895517,0.311243858865565,0.899338603000484,0.46244452739375347
0.3689753,0.31126123611188655,0.899338603000484,0.4624637080045952
0.3690266,0.31122278056951425,0.8991772866591385,0.4623999336343601
0.36903116,0.3112923042555568,0.8991772866591385,0.4624766645920261
0.36916304,0.3113096900307177,0.8991772866591385,0.4624958513106036
0.36917153,0.3113270777479893,0.8991772866591385,0.46251503962124174
0.3691941,0.31134446740769706,0.8991772866591385,0.46253422952413864
0.3692002,0.31136185901016644,0.8991772866591385,0.46255342101949254
0.36922652,0.31137925255572313,0.8991772866591385,0.46257261410750167
0.36940128,0.31139664804469275,0.8991772866591385,0.46259180878836426
0.36941987,0.311414045477401,0.8991772866591385,0.4626110050622786
0.36946198,0.3114314448541737,0.8991772866591385,0.4626302029294431
0.36947402,0.31144884617533664,0.8991772866591385,0.46264940239005603
0.3694955,0.3114662494412159,0.8991772866591385,0.4626686034443159
0.3695254,0.31148365465213745,0.8991772866591385,0.462687806092421
0.3695505,0.3115010618084274,0.8991772866591385,0.46270701033456985
0.36956036,0.3114625831330688,0.8990159703177932,0.46264320106221124
0.36959547,0.3114241001564945,0.8988546539764478,0.46257938649249897
0.36963302,0.31138561287798333,0.8986933376351024,0.4625155666247734
0.36968267,0.3114030184460593,0.8986933376351024,0.46253476690567447
0.36968297,0.31136452568617584,0.8985320212937571,0.4624709398866984
0.36968642,0.3113819320214669,0.8985320212937571,0.46249013990911253
0.36968955,0.31139934030301336,0.8985320212937571,0.4625093415258156
0.3696933,0.31141675053114165,0.8985320212937571,0.46252854473700605
0.3697467,0.31143416270617835,0.8985320212937571,0.4625477495428829
0.3697981,0.31145157682845004,0.8985320212937571,0.46256695594364455
0.36981302,0.3115386766597684,0.8985320212937571,0.46266301187768055
0.3698207,0.3115001678040049,0.8983707049524117,0.46259916102466225
0.36992902,0.31151759243720983,0.8983707049524117,0.4626183751449906
0.36994702,0.3116047448522829,0.8983707049524117,0.46271446969344
0.36995506,0.31156622460970285,0.8982093886110663,0.46265060240925604
0.36995634,0.3115836597649692,0.8982093886110663,0.4626698242548836
0.37002608,0.3117232112865301,0.8982093886110663,0.4628236565392459
0.37004095,0.3118628878682648,0.8982093886110663,0.4629775911524881
0.37009007,0.3118803562426483,0.8982093886110663,0.46299684017922815
0.3701537,0.3120026896783593,0.8982093886110663,0.46313162819674775
0.37020478,0.3119641356122163,0.8980480722697209,0.4630677091994176
0.37025124,0.3119816184711948,0.8980480722697209,0.463086969179836
0.3702514,0.3119991032898055,0.8980480722697209,0.463106230762449
0.37032214,0.311960542540074,0.8978867559283755,0.46304230273244873
0.37033254,0.31197802813743625,0.8978867559283755,0.4630615640595173
0.3705078,0.3119955156950673,0.8978867559283755,0.46308082698909264
0.37053975,0.3120130052132967,0.8978867559283755,0.4631000915213745
0.37060905,0.31211798351371056,0.8978867559283755,0.4632157123831058
0.37062603,0.3121354867653656,0.8978867559283755,0.4632349881399359
0.3707208,0.3121529919802591,0.8978867559283755,0.4632542655010736
0.37073576,0.31217049915872125,0.8978867559283755,0.4632735444667194
0.37073612,0.31231062731455506,0.8978867559283755,0.4634278339782191
0.3707467,0.31245088132929155,0.8978867559283755,0.46358222629370766
0.37076122,0.3124684219390333,0.8978867559283755,0.4636015325666667
0.37076262,0.3124859645183023,0.8978867559283755,0.4636208404477449
0.37077338,0.31250350906743024,0.8978867559283755,0.463640149937143
0.37084833,0.3124649073554183,0.8977254395870302,0.4635761589400143
0.37085807,0.3124824526924589,0.8977254395870302,0.4635954681768912
0.3708819,0.31244384546271337,0.8975641232456848,0.463531469987537
0.37094817,0.3124613915875779,0.8975641232456848,0.4635507789715406
0.3709931,0.31247893968325285,0.8975641232456848,0.4635700895642909
0.3710345,0.3125667097354081,0.8975641232456848,0.46366666666628353
0.37110156,0.31252808988764047,0.8974028069043394,0.4636026501100381
0.3711219,0.3125456486319456,0.8974028069043394,0.4636219684969916
0.3711469,0.31275650756170237,0.8974028069043394,0.46385391478324045
0.3711498,0.3127740919824581,0.8974028069043394,0.46387325411677316
0.37122065,0.31279167838065786,0.8974028069043394,0.46389259506299224
0.3712541,0.31275303643724695,0.8972414905629941,0.4638285452191472
0.37131497,0.3127706236293089,0.8972414905629941,0.4638478859140524
0.37136757,0.3127882127994601,0.8972414905629941,0.4638672282219593
0.37143672,0.3128058039480344,0.8972414905629941,0.4638865721430695
0.37157133,0.3128233970753656,0.8972414905629941,0.4639059176775848
0.37159148,0.3128409921817875,0.8972414905629941,0.4639252648257072
0.3716009,0.31299943725379853,0.8972414905629941,0.4640994618044478
0.37163067,0.3130170521695087,0.8972414905629941,0.46411882509975005
0.3716914,0.3130346690679874,0.8972414905629941,0.46413819001088197
0.37169582,0.3130522879495694,0.8972414905629941,0.46415755653804597
0.37171265,0.3131580429029897,0.8972414905629941,0.4642737896490321
0.3717223,0.3132462266276188,0.8972414905629941,0.4643706950528412
0.37174878,0.3132075471698113,0.8970801742216487,0.4643065876259
0.37175536,0.31333107955826006,0.8970801742216487,0.4644423101010903
0.37181157,0.3132923874457655,0.8969188578803032,0.4643781842475074
0.37183246,0.31346901956362405,0.8969188578803032,0.46457219251298515
0.37183794,0.3134866937302661,0.8969188578803032,0.46459160225572643
0.37184197,0.31350436989004793,0.8969188578803032,0.4646110136204067
0.3718611,0.31352204804330663,0.8969188578803032,0.46463042660722903
0.37189114,0.31357509446731713,0.8969188578803032,0.464688675302583
0.37191,0.3135927805978567,0.8969188578803032,0.464708094780008
0.3719378,0.31361046872356024,0.8969188578803032,0.46472751588059225
0.37206396,0.31362815884476536,0.8969188578803032,0.4647469386045395
0.37211242,0.3136458509618097,0.8969188578803032,0.46476636295205276
0.37217003,0.3138228819777615,0.8969188578803032,0.46496069576813914
0.37217873,0.31384059607134795,0.8969188578803032,0.46498013798832594
0.3721962,0.31385831216483207,0.8969188578803032,0.46499958183452433
0.37229556,0.31387603025855254,0.8969188578803032,0.4650190273069383
0.37233472,0.31389375035284817,0.8969188578803032,0.4650384744057718
0.37233555,0.31391147244805784,0.8969188578803032,0.4650579231312289
0.37241614,0.31392919654452034,0.8969188578803032,0.4650773734835138
0.3724927,0.31408880352502544,0.8969188578803032,0.4652524998950176
0.372496,0.314106547652675,0.8969188578803032,0.46527196652681246
0.37249896,0.31412429378531076,0.8969188578803032,0.46529143478768226
0.37250194,0.3142308127048717,0.8969188578803032,0.4654082785749306
0.3725072,0.31419205335443395,0.8967575415389579,0.4653440482165921
0.3725832,0.3143519565709116,0.8967575415389579,0.4655194071092752
0.37262365,0.31456541421457673,0.8967575415389579,0.46575342465714975
0.37271014,0.31458321543772283,0.8967575415389579,0.46577293674029413
0.37277442,0.31460101867572154,0.8967575415389579,0.4657924504583695
0.37278438,0.31474351715547505,0.8967575415389579,0.46594861908515245
0.37281913,0.3147613385425514,0.8967575415389579,0.4659681475268576
0.37282947,0.3147791619479049,0.8967575415389579,0.46598767760555027
0.3729021,0.31474035902372727,0.8965962251976125,0.46592337999793876
0.37292278,0.31475818325971233,0.8965962251976125,0.46594290983739883
0.37292707,0.3147760095146401,0.8965962251976125,0.4659624413141693
0.37307554,0.3147371998187585,0.8964349088562671,0.4658981345626
0.3731526,0.3147550269045596,0.8964349088562671,0.4659176657999003
0.37320217,0.3147728560099694,0.8964349088562671,0.4659371986748343
0.37324637,0.31487987307343607,0.8964349088562671,0.466054430326281
0.37334526,0.3148977163257211,0.8964349088562671,0.46607397467041956
0.3733789,0.3149155616003627,0.8964349088562671,0.4660935206538404
0.37346378,0.3149334088977047,0.8964349088562671,0.4661130682767499
0.37346885,0.3149512582180911,0.8964349088562671,0.46613261753935425
0.37355447,0.3149691095618659,0.8964349088562671,0.46615216844186
0.3735759,0.3149302800136039,0.8962735925149218,0.4660878318858615
0.37370566,0.31489144606314834,0.8961122761735764,0.46602348993250103
0.37370604,0.3149092970521542,0.8961122761735764,0.46604303871768216
0.37372568,0.31514154422193225,0.8961122761735764,0.46629732225261594
0.3737982,0.3153025315018731,0.8961122761735764,0.46647352731203884
0.37383375,0.31532042913095304,0.8961122761735764,0.4664931138726415
0.3739039,0.31533832879200724,0.8961122761735764,0.4665127020781368
0.3739299,0.31529946068691456,0.895950959832231,0.4664483077177638
0.37397566,0.3153173611899625,0.895950959832231,0.4664678956868445
0.3739947,0.3153352637256572,0.895950959832231,0.4664874853011434
0.37401614,0.3153531682943448,0.895950959832231,0.46650707656086815
0.37401715,0.31558611284732085,0.895950959832231,0.46676191276539325
0.37407476,0.31560404591430846,0.895950959832231,0.4667815270828605
0.37416744,0.31562198101949196,0.895950959832231,0.4668011430488666
0.37417397,0.3158373613875462,0.895950959832231,0.4670366633026754
0.37417752,0.3158553230209281,0.895950959832231,0.46705630071861554
0.3742075,0.31587328669737813,0.895950959832231,0.4670759397860076
0.37421176,0.31583437606643155,0.8957896434908856,0.4670114797523583
0.3743274,0.31590624644441917,0.8957896434908856,0.46709004500108653
0.37435472,0.31586732662001477,0.8956283271495402,0.467025572004998
0.37436596,0.31602914389799636,0.8956283271495402,0.46720242352803615
0.37436765,0.3160471338304776,0.8956283271495402,0.46722208196544796
0.37445003,0.31606512581122626,0.8956283271495402,0.4672417420572621
0.37445742,0.31608311984059206,0.8956283271495402,0.4672614038036877
0.374503,0.3161731207289294,0.8956283271495402,0.4673597373622979
0.3745406,0.31619112705734953,0.8956283271495402,0.4673794090407794
0.37456053,0.31635327635327637,0.8956283271495402,0.46755652869555925
0.37462717,0.3164795074958673,0.8956283271495402,0.46769438126488244
0.3746803,0.31649754874016645,0.8956283271495402,0.4677140811250932
0.3747208,0.31651559204150276,0.8956283271495402,0.4677337826449384
0.37478638,0.31653363740022805,0.8956283271495402,0.4677534858246277
0.3748239,0.3165516848166942,0.8956283271495402,0.467773190664371
0.3749275,0.3165697342912533,0.8956283271495402,0.467792897164378
0.3749548,0.3165877858242573,0.8956283271495402,0.46781260532485835
0.3750082,0.3166058394160584,0.8956283271495402,0.4678323151460223
0.37501124,0.31671420422133484,0.8956283271495402,0.467950608959115
0.37503874,0.31673227223458267,0.8956283271495402,0.4679703304109424
0.37504172,0.3169130658142588,0.8956283271495402,0.46816763639391346
0.37507722,0.3168740723826921,0.8954670108081949,0.4681030484458761
0.3750854,0.31683507449905807,0.8953056944668495,0.46803845505105585
0.3751361,0.3168531628225622,0.8953056944668495,0.4680581910179566
0.3752171,0.3168141592920354,0.8951443781255041,0.4679935902838341
0.37525326,0.31683224848692476,0.8951443781255041,0.4680133260233139
0.3752567,0.31685033974761606,0.8951443781255041,0.46803306342741413
0.37526193,0.3168684330744632,0.8951443781255041,0.46805280249634523
0.37530723,0.3168865284678202,0.8951443781255041,0.46807254323031805
0.37531102,0.31690462592804114,0.8951443781255041,0.46809228562954336
0.3753523,0.31703136605153404,0.8951443781255041,0.46823052906889057
0.37539938,0.3172125993254445,0.8951443781255041,0.46842816140430715
0.3753997,0.31744851258581236,0.8951443781255041,0.46868533299509474
0.3754016,0.3175756882046586,0.8951443781255041,0.468823927001979
0.37550008,0.31753663003663,0.8949830617841588,0.46875924126529706
0.37553588,0.3174975673974014,0.8948217454428133,0.46869455006298466
0.3755455,0.31764301666380346,0.8948217454428133,0.4688530132698356
0.3755646,0.3176612071927614,0.8948217454428133,0.46887282870507796
0.37558243,0.3176793998052803,0.8948217454428133,0.468892645815336
0.37558842,0.3176403207331042,0.8946604291014679,0.4688279301741768
0.37559646,0.3176585142333467,0.8946604291014679,0.46884774706191773
0.3756318,0.31767670981784857,0.8946604291014679,0.46886756562500953
0.37563264,0.317840563929165,0.8946604291014679,0.46904600811869296
0.37567046,0.3179498939402626,0.8946604291014679,0.4691650452580514
0.37567937,0.3179681229216833,0.8946604291014679,0.46918489065567665
0.37570623,0.31792901783154637,0.8944991127601226,0.4691201353634032
0.3757073,0.317947247706422,0.8944991127601226,0.4691399805402451
0.37571368,0.31796547967199956,0.8944991127601226,0.4691598273961779
0.3757236,0.3179837137286386,0.8944991127601226,0.4691796759314148
0.37577215,0.318001949876699,0.8944991127601226,0.46919952614616917
0.375819,0.31809316200091786,0.8944991127601226,0.4692988024201622
0.37585235,0.318054041649934,0.8943377964187772,0.4692340245446828
0.3758607,0.3180722891566265,0.8943377964187772,0.4692538829400674
0.37590072,0.3180905387572437,0.8943377964187772,0.46927374301637276
0.37590322,0.31823661098674016,0.8943377964187772,0.4694326841655739
0.376005,0.3182548794489093,0.8943377964187772,0.46945255937977276
0.37604374,0.3182731500086113,0.8943377964187772,0.46947243627702834
0.37606952,0.31838281743524954,0.8943377964187772,0.46959173301672275
0.37610033,0.31840110268780153,0.8943377964187772,0.4696116217013619
0.3761152,0.3185108583247156,0.8943377964187772,0.4697309891968166
0.37620795,0.3185840707964602,0.8943377964187772,0.46981060124532253
0.37620965,0.31867563372995344,0.8943377964187772,0.4699101542630471
0.37622333,0.31863646815359853,0.8941764800774319,0.46984530620855514
0.3762826,0.31865478585800516,0.8941764800774319,0.4698652199707917
0.37629834,0.31867310566862134,0.8941764800774319,0.46988513542113586
0.37632143,0.31869142758581037,0.8941764800774319,0.4699050525598024
0.37639302,0.3189114550371095,0.8941764800774319,0.4701441899911306
0.37640566,0.31896650937967547,0.8941764800774319,0.47020401238456383
0.37641424,0.31905830887008574,0.8941764800774319,0.4703037502117284
0.3764176,0.3190766751093714,0.8941764800774319,0.4703237028548157
0.3764415,0.31903747625352596,0.8940151637360865,0.47025880356346467
0.37646464,0.319055843408175,0.8940151637360865,0.470278755992654
0.37654647,0.3190742126777592,0.8940151637360865,0.470298710115023
0.3766588,0.31909258406264396,0.8940151637360865,0.4703186659307872
0.37666208,0.3191109575631946,0.8940151637360865,0.4703386234401622
0.37667805,0.3193132058077898,0.8940151637360865,0.4705582678832886
0.37676847,0.31946045653677657,0.8940151637360865,0.4707181381913137
0.37677595,0.31947887242750905,0.8940151637360865,0.47073812961823086
0.37678194,0.31958941237529553,0.8940151637360865,0.47085811384838006
0.37680238,0.3196078431372549,0.8940151637360865,0.4708781171668663
0.37681928,0.31981072191124704,0.8940151637360865,0.4710982658955656
0.376822,0.3198291782086796,0.8940151637360865,0.4711182896242984
0.37685168,0.3199030247056107,0.8940151637360865,0.47119840156403814
0.37686953,0.3200693040716142,0.8940151637360865,0.4713787530828813
0.37687847,0.3201802530475475,0.8940151637360865,0.4714990641479866
0.3768942,0.3201987520221863,0.8940151637360865,0.4715191219632821
0.3769247,0.32021725313456983,0.8940151637360865,0.4715391814851898
0.3770645,0.32023575638506874,0.8940151637360865,0.4715592427139277
0.37706462,0.32040238191593917,0.8940151637360865,0.4717398706158866
0.37714055,0.3204209065679926,0.8940151637360865,0.47175994892491474
0.37720263,0.3204394333622434,0.8940151637360865,0.4717800289431716
0.3772118,0.32040013877645424,0.893853847394741,0.47171497892950554
0.37724784,0.3204186665124617,0.893853847394741,0.47173505874301347
0.37727714,0.32043719639139484,0.893853847394741,0.4717551402660965
0.37733832,0.32062261312348106,0.893853847394741,0.4719560495716057
0.37734497,0.32064116659915515,0.893853847394741,0.47197614991443254
0.37741488,0.3206597222222222,0.893853847394741,0.4719962519694567
0.37743866,0.3206204062735112,0.8936925310533957,0.47193116960519954
0.37744433,0.32063896284292165,0.8936925310533957,0.4719512714567822
0.37749264,0.32065752156045607,0.8936925310533957,0.4719713750209097
0.37750277,0.3206760824264876,0.8936925310533957,0.4719914802978009
0.37751502,0.32088039386041123,0.8936925310533957,0.4722127514486395
0.37759748,0.3210291475922814,0.8936925310533957,0.47237380627519093
0.37761593,0.3210477515067223,0.8936925310533957,0.47239394585337363
0.37763464,0.3210663575775138,0.8936925310533957,0.47241408714892463
0.37773013,0.3210849658050307,0.8936925310533957,0.47243423016206365
0.37774047,0.3211035761896482,0.8936925310533957,0.47245437489301034
0.3777744,0.3212339093123043,0.8936925310533957,0.47259543612671695
0.3777858,0.32142028312833604,0.8936925310533957,0.472797098356769
0.3778082,0.32143893240498983,0.8936925310533957,0.4728172740458684
0.37782928,0.3215695379614581,0.8936925310533957,0.4729585520976173
0.37783262,0.32158820456260523,0.8936925310533957,0.4729787415688075
0.37806594,0.3216068733310113,0.8936925310533957,0.4729989327637517
0.3781075,0.3216255442670537,0.8936925310533957,0.47301912568267096
0.37815258,0.32173761542482143,0.8936925310533957,0.47314031941202855
0.37815955,0.3217563015448949,0.8936925310533957,0.4731605244049572
0.37816557,0.3217169077074984,0.8935312147120503,0.47309531943931005
0.3781701,0.321885169688517,0.8935312147120503,0.473277224761434
0.37817568,0.3219038763294008,0.8935312147120503,0.4732974450991577
0.37819326,0.3220723339923247,0.8935312147120503,0.4734795059191728
0.37819874,0.32222222222222224,0.8935312147120503,0.47364145538462044
0.37821,0.32224096806096925,0.8935312147120503,0.47366170685782827
0.37821275,0.32225971608098675,0.8935312147120503,0.4736819600628934
0.3782384,0.3222784662826555,0.8935312147120503,0.47370221500003795
0.3782902,0.322353488913461,0.8935312147120503,0.47378325207385547
0.37829143,0.3223722500291002,0.8935312147120503,0.4738035156747311
0.37832317,0.32239101332867703,0.8935312147120503,0.47382378100902006
0.3783235,0.32254119839282597,0.8935312147120503,0.47398596611290816
0.37833062,0.3225599813650128,0.8935312147120503,0.4740062470579303
0.37836486,0.3225787665249549,0.8935312147120503,0.4740265297385917
0.37842232,0.3227291266095671,0.8935312147120503,0.47418885369364316
0.37845355,0.3228984493412615,0.8935312147120503,0.47437160107870047
0.3784774,0.3230679498396034,0.8935312147120503,0.47455448937589506
0.37848622,0.3230284647690154,0.8933698983707049,0.47448914021295013
0.37850937,0.32316041314115657,0.8933698983707049,0.47463147068867395
0.3785583,0.3231792717086835,0.8933698983707049,0.474651810584568
0.37860626,0.3231981324773855,0.8933698983707049,0.47467215222383197
0.37862062,0.3232169954476479,0.8933698983707049,0.4746924956066899
0.37865195,0.32336797851220367,0.8933698983707049,0.4748553054658476
0.37868372,0.3235947177749211,0.8933698983707049,0.47509972976411863
0.37869707,0.3236136270671419,0.8933698983707049,0.47512010981429725
0.3787725,0.323632538569425,0.8933698983707049,0.475140491613011
0.37880775,0.3236514522821577,0.8933698983707049,0.47516087516048466
0.3790145,0.32378391019644526,0.8933698983707049,0.4753036089769943
0.3790292,0.3237443723323394,0.8932085820293596,0.4752381769801261
0.3790683,0.32383904550239795,0.8932085820293596,0.4753401725540155
0.37910482,0.3238579867813067,0.8932085820293596,0.4753605769226863
0.37913397,0.32381843706130087,0.8930472656880142,0.47529512770941834
0.37919995,0.3239510796418749,0.8930472656880142,0.4754379938161672
0.37920466,0.32412177985948476,0.8930472656880142,0.475621805059964
0.3792307,0.32421669106881407,0.8930472656880142,0.47572398384424264
0.3792445,0.324444704917072,0.8930472656880142,0.47596939214129924
0.37926087,0.3244637205485875,0.8930472656880142,0.47598985426210855
0.3792817,0.3246159258824909,0.8930472656880142,0.4761536145869739
0.3794072,0.3248063834780568,0.8930472656880142,0.47635847351851773
0.3794081,0.324825441530247,0.8930472656880142,0.4763789691072588
0.37945956,0.32484450181903535,0.8930472656880142,0.47639946645974396
0.3794764,0.32486356434481545,0.8930472656880142,0.47641996557620087
0.37949026,0.3248826291079812,0.8930472656880142,0.47644046645685734
0.3795224,0.32511158092553444,0.8930472656880142,0.4766866147152414
0.3795339,0.32530262075449523,0.8930472656880142,0.47689193263517726
0.37956646,0.32532173708644296,0.8930472656880142,0.47691247415536314
0.37957248,0.3254364822761742,0.8930472656880142,0.47703576044769114
0.3796058,0.3254556143445032,0.8930472656880142,0.4770563143604167
0.3796209,0.32572369969404563,0.8930472656880142,0.47734425522702806
0.3796426,0.32568402471315094,0.8928859493466689,0.47727860653578136
0.37964267,0.3256443450629634,0.8927246330053235,0.47721295218345683
0.37964487,0.32566350850350145,0.8927246330053235,0.4772335288026438
0.37967762,0.3256826741996234,0.8927246330053235,0.47725410719636563
0.37976483,0.3258744553056177,0.8927246330053235,0.47745998878352597
0.37977389,0.3258936458394676,0.8927246330053235,0.4774805867122915
0.3797886,0.3260664624086731,0.8927246330053235,0.47766604807694607
0.37985387,0.3260267515172942,0.892563316663978,0.47760034527366935
0.37990165,0.32619974059662776,0.892563316663978,0.47778593324946755
0.3799101,0.3262189729379164,0.892563316663978,0.47780656303933156
0.3800163,0.3262382075471698,0.892563316663978,0.47782719461077416
0.38002864,0.3262574444247892,0.892563316663978,0.4778478279640263
0.38003588,0.32627668357117584,0.892563316663978,0.47786846309931863
0.38005105,0.32623695229108923,0.8924020003226327,0.4778027293138245
0.38006535,0.3263716814159292,0.8924020003226327,0.477947211542223
0.3801065,0.3263909375184377,0.8924020003226327,0.47796785899390537
0.38010794,0.3263511918810479,0.8922406839812873,0.47790210394396343
0.38012433,0.326370449047029,0.8922406839812873,0.4779227512309221
0.38015828,0.32638970848577836,0.8922406839812873,0.4779434003020489
0.3801756,0.3263499557391561,0.8920793676399419,0.47787763567192026
0.38017768,0.3263692162417375,0.8920793676399419,0.477898284578098
0.38018358,0.3263294575931063,0.8919180512985966,0.47783251231487867
0.38024777,0.3265028935868667,0.8919180512985966,0.47801841525054795
0.38026348,0.3264631193527432,0.8917567349572512,0.4779526197471436
0.3803257,0.3264824001889913,0.8917567349572512,0.47797328260736344
0.38039246,0.3265016833028173,0.8917567349572512,0.4779939472542553
0.38042304,0.32652096869462494,0.8917567349572512,0.4780146136880507
0.3804246,0.32654025636481776,0.8917567349572512,0.47803528190898154
0.38045388,0.32663672890569606,0.8917567349572512,0.4781386498287819
0.38048723,0.3267912035942303,0.8917567349572512,0.4783041315159388
0.38050795,0.3268105232042566,0.8917567349572512,0.4783248247811252
0.38056937,0.32682984509873475,0.8917567349572512,0.47834551983692836
0.38058943,0.32698450254347566,0.8917567349572512,0.4785111447734658
0.38062286,0.3270038450162674,0.8917567349572512,0.478531855955286
0.38079846,0.32702318977756745,0.8917567349572512,0.4785525689300492
0.38080794,0.3271780303030303,0.8917567349572512,0.4787183373020536
0.38080862,0.32719739567919504,0.8917567349572512,0.47873906642378666
0.38084233,0.32715757073517227,0.8915954186159057,0.4786731910098701
0.38097355,0.327331951436186,0.8915954186159057,0.4788598163226014
0.38100252,0.32742890995260665,0.8915954186159057,0.4789635599458786
0.38100702,0.3275647484146269,0.8915954186159057,0.4791088765599399
0.3810395,0.3275841631104789,0.8915954186159057,0.47912964327471425
0.3810529,0.3277978767570132,0.8915954186159057,0.4793581960100145
0.38110676,0.3278173190984579,0.8915954186159057,0.4793789843441144
0.3811174,0.32783676374636694,0.8915954186159057,0.4793997744813485
0.38126385,0.3280702795749985,0.8915954186159057,0.47964939685806374
0.38127586,0.328089754244331,0.8915954186159057,0.47967021045740665
0.3813486,0.32810923122588304,0.8915954186159057,0.47969102586317197
0.38145503,0.3281287105200665,0.8915954186159057,0.47971184307559506
0.38163558,0.3282651303676427,0.8915954186159057,0.4798576141687331
0.38168192,0.3282252316464718,0.8914341022745604,0.47979162144523285
0.3817309,0.3282447282447282,0.8914341022745604,0.47981245115876253
0.38180727,0.3283032319391635,0.8914341022745604,0.4798749511524006
0.38180813,0.32832273780524035,0.8914341022745604,0.4798957881020816
0.3818595,0.3284788682161327,0.8914341022745604,0.4800625488659083
0.38194317,0.3284983949589823,0.8914341022745604,0.48008340211072237
0.38194522,0.328517924023542,0.8914341022745604,0.4801042571672867
0.3819753,0.32859606350716536,0.8914341022745604,0.480187695515769
0.38202137,0.3288502737443466,0.8914341022745604,0.4804590705556207
0.38206068,0.32886984467059455,0.8914341022745604,0.48047995826410494
0.38211322,0.32888941792643733,0.8914341022745604,0.48050084778883273
0.38211492,0.3289089935122909,0.8914341022745604,0.480521739130041
0.38211983,0.3290264959809467,0.8914341022745604,0.48064712533665066
0.38220474,0.3290460878885316,0.8914341022745604,0.4806680293998583
0.38221705,0.3290061335080093,0.891272785933215,0.4806019485034336
0.38223028,0.3290257265364459,0.891272785933215,0.4806228524201184
0.38224334,0.32904532189863617,0.891272785933215,0.48064375815532595
0.38224384,0.32900536033353184,0.8911114695918697,0.4805776675797532
0.38225222,0.3290249568169635,0.8911114695918697,0.4805985731682158
0.3822659,0.32904455563497736,0.8911114695918697,0.4806194805755838
0.38227987,0.3290641567879907,0.8911114695918697,0.48064038980209456
0.38230377,0.3291621975926588,0.8911114695918697,0.48074496323010074
0.38232988,0.329181812764436,0.8911114695918697,0.48076588337645537
0.38236156,0.32931918445212827,0.8911114695918697,0.4809123753968113
0.38237232,0.32927919871221606,0.8909501532505243,0.4808462476053869
0.38241255,0.3294756308536658,0.8909501532505243,0.4810556571723259
0.38243446,0.3294952869585968,0.8909501532505243,0.48107660816127124
0.3824415,0.3295149454089851,0.8909501532505243,0.4810975609752155
0.3826068,0.3295346062052506,0.8909501532505243,0.4811185156143974
0.38269043,0.3295542693478131,0.8909501532505243,0.48113947207905516
0.38269624,0.32957393483709274,0.8909501532505243,0.4811604303694276
0.38271767,0.32959360267350957,0.8909501532505243,0.4811813904857532
0.38291273,0.3296132728574839,0.8909501532505243,0.4812023524282704
0.38291857,0.329632945389436,0.8909501532505243,0.48122331619721836
0.38292363,0.32959293303091797,0.8907888369091789,0.4811571472134776
0.38296425,0.32961260669730796,0.8907888369091789,0.48117811083961964
0.3829934,0.32957258834765996,0.8906275205678336,0.4811119341201233
0.3830181,0.32959226314846873,0.8906275205678336,0.4811328976030915
0.38303077,0.32971036130188114,0.8906275205678336,0.4812587168754773
0.3830423,0.3297300525561395,0.8906275205678336,0.48127969315220115
0.38310012,0.32969001970972944,0.8904662042264881,0.4812134948997886
0.38312462,0.3297097121013021,0.8904662042264881,0.4812344710339981
0.3831765,0.3297294068454692,0.8904662042264881,0.48125544899698997
0.38317907,0.32968936678614097,0.8903048878851427,0.48118924103016486
0.3832232,0.3297090626680208,0.8903048878851427,0.4812102188504208
0.3832443,0.32966901660891385,0.8901435715437974,0.4811440031386385
0.3832777,0.3296887136284878,0.8901435715437974,0.4811649808157897
0.3833307,0.32970841300191206,0.8901435715437974,0.4811859603222565
0.38337797,0.3298266586969516,0.8901435715437974,0.4813118757900891
0.3835333,0.3299647192489386,0.8901435715437974,0.4814588604829838
0.3836621,0.32998445162061957,0.8901435715437974,0.4814798656250144
0.38369483,0.3300041863524909,0.8901435715437974,0.48150087259995444
0.38370535,0.33018190521780755,0.8901435715437974,0.4816900178949393
0.38373125,0.3302016635748908,0.8901435715437974,0.48171104321217617
0.38375255,0.33022142429682827,0.8901435715437974,0.4817320703649638
0.38375503,0.3302411873840445,0.8901435715437974,0.48175309935354266
0.38376102,0.33037959525805294,0.8901435715437974,0.48190035369595025
0.38379982,0.33053791781478375,0.8901435715437974,0.4820687546407617
0.38380697,0.3304978134547415,0.889982255202452,0.4820024462690441
0.38385245,0.3305176132278936,0.889982255202452,0.4820235026862504
0.38388053,0.33053741537355463,0.889982255202452,0.48204456094324855
0.38395095,0.3304973037747154,0.8898209388611066,0.48197824282366897
0.38399652,0.3305171070765175,0.8898209388611066,0.481999300943331
0.38412002,0.33053691275167785,0.8898209388611066,0.48202036090317474
0.38417315,0.33055672080062326,0.8898209388611066,0.4820414227034414
0.384206,0.33051660074313793,0.8896596225197613,0.4819750928551872
0.38426483,0.33053640994905603,0.8896596225197613,0.48199615451804584
0.3843985,0.330754468034065,0.8896596225197613,0.48222795435626986
0.38440186,0.33071432855514904,0.8894983061784159,0.4821615949628787
0.3844046,0.3307341650671785,0.8894983061784159,0.48218267675182386
0.38448757,0.33075400395897064,0.8894983061784159,0.4822037603843883
0.38450235,0.3307738452309538,0.8894983061784159,0.4822248458608142
0.38451546,0.3307936888835563,0.8894983061784159,0.4822459331813435
0.38453415,0.3308135349172066,0.8894983061784159,0.48226702234621777
0.3845469,0.33097238895558223,0.8894983061784159,0.4824358020906848
0.38456067,0.3309922564379615,0.8894983061784159,0.4824569078655597
0.38458768,0.33101212630567894,0.8894983061784159,0.4824780154872015
0.38459384,0.3310319985591643,0.8894983061784159,0.48249912495585245
0.38467705,0.33105187319884727,0.8894983061784159,0.48252023627175517
0.3847632,0.3310717502251576,0.8894983061784159,0.482541349435152
0.38478336,0.33121095627102354,0.8894983061784159,0.4826891933291445
0.38478357,0.3312308524058389,0.8894983061784159,0.4827103212812293
0.38479218,0.33125075093115464,0.8894983061784159,0.48273145108299254
0.38490504,0.3312706518474016,0.8894983061784159,0.48275258273467725
0.38492456,0.3312905551550108,0.8894983061784159,0.48277371623652615
0.3849639,0.3313104608544133,0.8894983061784159,0.4827948515887824
0.3850485,0.3313303689460401,0.8894983061784159,0.48281598879168885
0.38505706,0.3312901868878072,0.8893369898370705,0.48274956217123316
0.3851054,0.33131009615384616,0.8893369898370705,0.48277069924212823
0.3851158,0.33146945646945647,0.8893369898370705,0.4829398624673019
0.38512933,0.3315491941303825,0.8893369898370705,0.4830244885438721
0.38525638,0.3316888273870405,0.8893369898370705,0.4831726555648978
0.38528258,0.33182857830745155,0.8893369898370705,0.4833209135138285
0.38530123,0.3317883585144164,0.8891756734957251,0.4832544274939054
0.38530183,0.33174813387912355,0.8890143571543797,0.48318793564468765
0.38531804,0.3317681054722774,0.8890143571543797,0.4832091188071446
0.38532,0.33178807947019867,0.8890143571543797,0.48323030382704063
0.38533425,0.3318080558733217,0.8890143571543797,0.4832514907046198
0.3854142,0.3319279648256339,0.8890143571543797,0.4833786509951307
0.38545436,0.33188772437055775,0.8888530408130344,0.4833121354322605
0.38548523,0.33190771640262634,0.8888530408130344,0.4833333333329374
0.38549313,0.33192771084337347,0.8888530408130344,0.4833545330931608
0.38555652,0.33188746310018674,0.888691724471689,0.48328800771957947
0.38556874,0.33184721050729005,0.8885304081303436,0.4832214765096711
0.3855793,0.3318069530638067,0.8883690917889983,0.4831549394626677
0.38558605,0.3319069431051109,0.8883690917889983,0.483260936334122
0.385713,0.3318666747031523,0.8882077754476528,0.48319438350113963
0.38573158,0.33188667872212174,0.8882077754476528,0.4832155864667591
0.38574654,0.3319266939956595,0.8882077754476528,0.483257997980909
0.38582107,0.33220707131651983,0.8882077754476528,0.48355508716422846
0.3858423,0.33236749969817697,0.8882077754476528,0.48372501647225896
0.38584754,0.3325280831018239,0.8882077754476528,0.4838950652542505
0.38587168,0.332548166938455,0.8882077754476528,0.4839163297587879
0.38589585,0.3325682532012563,0.8882077754476528,0.4839375961323216
0.3859257,0.3325883418906675,0.8882077754476528,0.483958864375098
0.38595107,0.33260843300712817,0.8882077754476528,0.4839801344873633
0.38602522,0.33262852655107833,0.8882077754476528,0.4840014064693644
0.38607997,0.33258820686321894,0.8880464591063074,0.4839347720975332
0.38613632,0.3326083016131956,0.8880464591063074,0.48395604395564745
0.3861716,0.3325679758308157,0.8878851427649621,0.4838894017315477
0.3862716,0.33258807178681493,0.8878851427649621,0.4839106734654027
0.3863124,0.332608170171622,0.8878851427649621,0.4839319470695468
0.38647473,0.33276904474002417,0.8878851427649621,0.4841022032627195
0.3864808,0.33278916500393013,0.8878851427649621,0.48412349371057184
0.38649577,0.3328092877010521,0.8878851427649621,0.4841447860311817
0.38664147,0.333071104387292,0.8878851427649621,0.4844217567325727
0.38665733,0.3330912611958364,0.8878851427649621,0.4844430752977593
0.38676587,0.33311142044422926,0.8878851427649621,0.4844643957394149
0.38680536,0.3330710567727878,0.8877238264236167,0.4843976937630819
0.3868116,0.33319205618793896,0.8877238264236167,0.48452564384728086
0.38688412,0.33331314354936403,0.8877238264236167,0.48465366154348427
0.38688648,0.3333333333333333,0.8877238264236167,0.4846750044033374
0.3869394,0.33329294887327354,0.8875625100822714,0.484608270576958
0.38697645,0.33325255952020355,0.887401193740926,0.48454153087250007
0.38699386,0.33327274930328366,0.887401193740926,0.4845628716137849
0.38699445,0.3334141463118977,0.887401193740926,0.4847123094541804
0.38703823,0.3334343556794763,0.887401193740926,0.4847336652417054
0.38704523,0.3334545674971207,0.887401193740926,0.4847550229111292
0.3870459,0.3334141610087294,0.8872398773995805,0.4846882573250049
0.3871028,0.33343437405274323,0.8872398773995805,0.48470961487578157
0.38711047,0.3333939614405238,0.8870785610582352,0.4846428414044414
0.38716206,0.33353551282828897,0.8870785610582352,0.4847923829670717
0.38716307,0.33373793773138316,0.8870785610582352,0.4850061739279851
0.38725916,0.3337581937363438,0.8870785610582352,0.48502756339541303
0.3872756,0.3337784522003035,0.8870785610582352,0.4850489547495365
0.3873087,0.33379871312371007,0.8870785610582352,0.48507034799060517
0.3873289,0.3338189765070115,0.8870785610582352,0.4850917431188687
0.3873382,0.33383924235065565,0.8870785610582352,0.4851131401345768
0.3873391,0.3339811721834194,0.8870785610582352,0.48526297211396896
0.38734654,0.3340014577259475,0.8870785610582352,0.4852843842382294
0.387405,0.3340420362045924,0.8870785610582352,0.48532721415608276
0.38746777,0.33424507658643327,0.8870785610582352,0.48554147719707713
0.3874792,0.3342653942009604,0.8870785610582352,0.48556291390688716
0.38748103,0.334407686694235,0.8870785610582352,0.4857130238921961
0.38755137,0.3344280240831965,0.8870785610582352,0.48573447575262774
0.3875657,0.334448363945992,0.8870785610582352,0.4857559295080162
0.38764855,0.3344078827321939,0.8869172447168898,0.4856890459359981
0.38768217,0.33455032250212974,0.8869172447168898,0.48583926125529076
0.38774854,0.3345706809468752,0.8869172447168898,0.48586072817210135
0.3877515,0.3345910418695229,0.8869172447168898,0.48588219698603674
0.38775566,0.3346928836671334,0.8869172447168898,0.4859895695213912
0.38781253,0.3349171539961014,0.8869172447168898,0.48622595622334736
0.38784358,0.3349375571123972,0.8869172447168898,0.48624745732692143
0.38786727,0.3349579627147557,0.8869172447168898,0.4862689603321541
0.38787183,0.33497837080363124,0.8869172447168898,0.4862904652392977
0.38792837,0.3349987813794784,0.8869172447168898,0.48631197204860466
0.3879303,0.3350191944427518,0.8869172447168898,0.4863334807603273
0.38794437,0.33518258855087485,0.8869172447168898,0.48650561897137434
0.3880008,0.3352030240214608,0.8869172447168898,0.48652714481620296
0.38802943,0.33522346198402536,0.8869172447168898,0.48654867256597356
0.38803956,0.33534614211649894,0.8869172447168898,0.4866778790825442
0.38809103,0.33536659753568376,0.8869172447168898,0.4866994201739921
0.3880957,0.3353870554504972,0.8869172447168898,0.4867209631724063
0.3881393,0.33534651049292336,0.8867559283755444,0.4866539772471782
0.38814318,0.3354897772352762,0.8867559283755444,0.4868048175695628
0.3881603,0.335551214747894,0.8867559283755444,0.48686949205044083
0.388239,0.3355716989194799,0.8867559283755444,0.4868910540297168
0.3882651,0.3356331664427891,0.8867559283755444,0.4869557514280464
0.38832095,0.33565366062160346,0.8867559283755444,0.4869773210485031
0.38833013,0.3356741573033708,0.8867559283755444,0.4869988925798895
0.3883838,0.3356946564885496,0.8867559283755444,0.48702046602245974
0.38840818,0.3356540857456944,0.8865946120341991,0.48695343994998475
0.38841838,0.33567458620900265,0.8865946120341991,0.4869750132904043
0.388512,0.33569508917664304,0.8865946120341991,0.4869965885424219
0.3885145,0.335818159599169,0.8865946120341991,0.48712608021232023
0.3885248,0.3360234776228907,0.8865946120341991,0.4873420527595216
0.38856518,0.33612623081157117,0.8865946120341991,0.4874501108643463
0.38857996,0.3361467889908257,0.8865946120341991,0.4874717282358867
0.38863042,0.33627019089574156,0.8865946120341991,0.48760147274058513
0.38870153,0.3362295784127761,0.8864332956928537,0.48753438026754553
0.38872805,0.3362501529800514,0.8864332956928537,0.4875560090497765
0.38874966,0.3362707300654795,0.8864332956928537,0.48757763975115403
0.3887935,0.33629130966952264,0.8864332956928537,0.48759927237193357
0.388818,0.33631189179264337,0.8864332956928537,0.48762090691237064
0.38882995,0.33651785167493414,0.8864332956928537,0.4878373579541465
0.38886154,0.33653846153846156,0.8864332956928537,0.4878590136276918
0.3888619,0.3365590739266246,0.8864332956928537,0.487880671223964
0.38893124,0.3366621737532165,0.8864332956928537,0.4879889880551935
0.3889483,0.33668280129894,0.8864332956928537,0.48801065719320663
0.38912567,0.33670343137254904,0.8864332956928537,0.4880323282557403
0.3891383,0.3368066196751456,0.8864332956928537,0.48814071244519036
0.38924238,0.3368272649258306,0.8864332956928537,0.4881623950602326
0.38927504,0.3369511896001962,0.8864332956928537,0.4882925312121124
0.3893119,0.3369718525786472,0.8864332956928537,0.48831422731676066
0.38931516,0.33722000613685177,0.8864332956928537,0.48857473103898896
0.3893315,0.33742708013509365,0.8864332956928537,0.48879202988752085
0.38942006,0.33744780152296733,0.8864332956928537,0.4888137704039061
0.38944095,0.33740711171160104,0.8862719793515083,0.4887465527973943
0.38952956,0.3374278344183761,0.8862719793515083,0.4887682932249909
0.3895418,0.33757296466973885,0.8862719793515083,0.48892053039027406
0.38959178,0.33759370775470077,0.8862719793515083,0.48894228629871495
0.3896208,0.33761445338904933,0.8862719793515083,0.48896404414342387
0.389623,0.33763520157325466,0.8862719793515083,0.4889858039246594
0.38963398,0.33765595230778683,0.8862719793515083,0.4890075656426801
0.3896657,0.3376767055931162,0.8862719793515083,0.4890293292977446
0.38983747,0.33769746142971296,0.8862719793515083,0.4890510948901114
0.3898713,0.3377182198180477,0.8862719793515083,0.4890728624200393
0.38990107,0.3378220500522659,0.8862719793515083,0.4891817291421522
0.38992226,0.3380299021719067,0.8862719793515083,0.4893996080523349
0.38992393,0.33805070145212895,0.8862719793515083,0.48942140661845907
0.38993582,0.3380715032921051,0.8862719793515083,0.48944320712654904
0.39004827,0.3380923076923077,0.8862719793515083,0.48946500957686423
0.39005515,0.3382588351188277,0.8862719793515083,0.48963949913065485
0.3900891,0.3382180900190875,0.886110663010163,0.48957219251296913
0.39008975,0.33825974505819323,0.886110663010163,0.4896158302875045
0.390107,0.33821899248675946,0.8859493466688175,0.48954851361550233
0.39010817,0.3381782348956088,0.8857880303274722,0.48948119094272713
0.39015353,0.33813747228381374,0.8856267139861268,0.4894138622683766
0.3902445,0.3381582999692023,0.8856267139861268,0.48943567798836696
0.39026463,0.33826247689463956,0.8856267139861268,0.48954478576802485
0.39035875,0.3382833199827469,0.8856267139861268,0.4895666131617187
0.39042255,0.3383041656396352,0.8856267139861268,0.4895884425019409
0.39044374,0.3384501572036249,0.8856267139861268,0.48974130240816366
0.39047024,0.33847102342786684,0.8856267139861268,0.4897631473299893
0.39048043,0.3386589352908519,0.8856267139861268,0.48995983935702947
0.39049003,0.33867982726711904,0.8856267139861268,0.48998170377933103
0.39050573,0.3387007218212104,0.8856267139861268,0.49000357015311624
0.3905156,0.3386599210266535,0.8854653976447814,0.48993618065742983
0.39052364,0.33880624652799207,0.8854653976447814,0.4900892857138854
0.39053336,0.33882716049382716,0.8854653976447814,0.4901111656766388
0.39054498,0.3388480770417927,0.8854653976447814,0.49013304759313475
0.39066565,0.33886899617236693,0.8854653976447814,0.490154931463635
0.3907135,0.3388899178860283,0.8854653976447814,0.49017681728840123
0.39081267,0.3389108421832551,0.8854653976447814,0.4901987050676952
0.3908923,0.3389317690645261,0.8854653976447814,0.4902205948017788
0.39091012,0.3389526985303199,0.8854653976447814,0.49024248649091384
0.3909212,0.33891187550176,0.8853040813034361,0.490175062521929
0.39092913,0.33893280632411066,0.8853040813034361,0.4901969541329567
0.39093533,0.33895373973194987,0.8853040813034361,0.49021884769946555
0.39096472,0.3391213001297658,0.8853040813034361,0.49039406666030894
0.39100805,0.33914225682857496,0.8853040813034361,0.49041597783794455
0.3910278,0.33916321611766886,0.8853040813034361,0.4904378909736835
0.39104933,0.3391841779975278,0.8853040813034361,0.4904598060677884
0.39124453,0.3392051424686322,0.8853040813034361,0.4904817231205218
0.39125845,0.33947791661511817,0.8853040813034361,0.4907668231607887
0.39131814,0.33949891741416643,0.8853040813034361,0.49078876766191365
0.39134192,0.33960396039603963,0.8853040813034361,0.49089851961138864
0.39135456,0.3397090683998762,0.8853040813034361,0.49100832065809424
0.39143497,0.3397300978085923,0.8853040813034361,0.49103028676200244
0.39143628,0.33975112982108585,0.8853040813034361,0.49105225483138154
0.391477,0.33977216443784053,0.8853040813034361,0.4910742248664954
0.3915423,0.3400247831474597,0.8853040813034361,0.4913380187112692
0.3915455,0.340172317609868,0.8853040813034361,0.491492029374487
0.3915744,0.3401934044135879,0.8853040813034361,0.49151403877976996
0.3915764,0.3402144938317525,0.8853040813034361,0.4915360501563387
0.39158568,0.3402355858648481,0.8853040813034361,0.4915580635044581
0.39167094,0.3401946803893608,0.8851427649620907,0.4914905051948694
0.39168715,0.34021577380952384,0.8851427649620907,0.49151251847498745
0.39175853,0.3403846153846154,0.8851427649620907,0.4916886957296942
0.3918498,0.3403436937775296,0.8849814486207452,0.49162111300255606
0.3919541,0.3403648095297183,0.8849814486207452,0.49164314199897147
0.39201272,0.34038592790221506,0.8849814486207452,0.491665172969665
0.39204818,0.34040704889550755,0.8849814486207452,0.49168720591490234
0.39206943,0.3404281725100838,0.8849814486207452,0.4917092408349487
0.3921092,0.3405761112490688,0.8849814486207452,0.4918635405922377
0.39211145,0.3405351710436456,0.8848201322793999,0.4917959293459628
0.39212638,0.34055631441698747,0.8848201322793999,0.49181797803143
0.3921308,0.3405774604160199,0.8848201322793999,0.4918400286940031
0.3922089,0.340598609041232,0.8848201322793999,0.4918620813339482
0.39226893,0.3406197602931131,0.8848201322793999,0.4918841359515312
0.3922855,0.34064091417215253,0.8848201322793999,0.4919061925470179
0.39230782,0.3406620706788398,0.8848201322793999,0.4919282511206748
0.39232418,0.3407678926441352,0.8848201322793999,0.49203857367082526
0.39234152,0.34078906492699595,0.8848201322793999,0.49206064411909256
0.39240697,0.3408102398409345,0.8848201322793999,0.4920827165473937
0.39245245,0.3410433376857551,0.8848201322793999,0.4923256440171909
0.39247814,0.34106454421091903,0.8848201322793999,0.4923477402266976
0.39259297,0.34125552168232437,0.8848201322793999,0.49254669540189705
0.39264682,0.34127675460428075,0.8848201322793999,0.492568811458446
0.39264765,0.3412979901686267,0.8848201322793999,0.49259092950116984
0.39266935,0.34131922837585565,0.8848201322793999,0.492613049530336
0.3926756,0.3414467131474104,0.8848201322793999,0.4927458114356131
0.39271262,0.3414679698686422,0.8848201322793999,0.4927679453773719
0.39273325,0.34159556579684874,0.8848201322793999,0.4929007907975852
0.39273906,0.34163811896605417,0.8848201322793999,0.49294508852300956
0.39293414,0.3418297394989405,0.8848201322793999,0.49314452685956645
0.39293653,0.3417887192271736,0.8846588159380545,0.49307678475054206
0.3929839,0.34181002243829467,0.8846588159380545,0.49309895247902963
0.39305013,0.3418313283051798,0.8846588159380545,0.4931211222008388
0.39309898,0.3418526368283256,0.8846588159380545,0.4931432939162383
0.3932226,0.34204453315037736,0.8846588159380545,0.4933429291107889
0.39323866,0.34206586826347307,0.8846588159380545,0.49336512077689076
0.3932425,0.34230073029149244,0.8846588159380545,0.4936093609356913
0.39325753,0.3423220973782772,0.8846588159380545,0.4936315765782016
0.39331448,0.3423434671327798,0.8846588159380545,0.49365379422049965
0.39334223,0.3425145212666292,0.8846588159380545,0.4938316073836587
0.39335248,0.34253591505309183,0.8846588159380545,0.49385384303620433
0.39349088,0.34264292408622304,0.8846588159380545,0.493965051341698
0.39361238,0.3427714232139509,0.8846588159380545,0.49409856743810543
0.3936297,0.3427928491061383,0.8846588159380545,0.49412082713839994
0.3936489,0.34281427767706446,0.8846588159380545,0.4941430888444343
0.39365608,0.3430287108275474,0.8846588159380545,0.49436581628013454
0.39370796,0.3429876141623921,0.8844974995967091,0.4942979490642806
0.39374688,0.3430734576398448,0.8844974995967091,0.4943870880479269
0.3937996,0.34309492522370316,0.8844974995967091,0.4944093778174512
0.39385822,0.34311639549436795,0.8844974995967091,0.494431669596964
0.39387238,0.3431378684523437,0.8844974995967091,0.4944539633867376
0.39388078,0.3431593440981349,0.8844974995967091,0.49447625918704363
0.3939509,0.3434387723144378,0.8844974995967091,0.4947662876733021
0.39396033,0.34346028564269604,0.8844974995967091,0.4947886116496444
0.39398637,0.34348180166635345,0.8844974995967091,0.4948109376406042
0.39399913,0.3435894222333626,0.8844974995967091,0.4949225978242122
0.39400706,0.3436109544400577,0.8844974995967091,0.4949449359086058
0.394021,0.3436324893457007,0.8844974995967091,0.49496727600952695
0.39402235,0.34376175548589344,0.8844974995967091,0.4951013589774288
0.3940479,0.3437206094425983,0.8843361832553638,0.4950334115943233
0.3940685,0.34368724899598396,0.8835296015486369,0.4948723740678145
0.3941125,0.3436460621273925,0.8833682852072915,0.49480437336184485
0.3941632,0.3436676289694992,0.8833682852072915,0.4948267293178094
0.3942129,0.34362643569949164,0.8832069688659461,0.4947587204044404
0.394306,0.3436480040170726,0.8832069688659461,0.49478107631788326
0.39432296,0.34360680434373236,0.8830456525246008,0.49471305919525876
0.39438578,0.3438010300213541,0.8830456525246008,0.4949143347945877
0.394397,0.3438226242070222,0.8830456525246008,0.49493670886035607
0.39440227,0.34406033940917663,0.8830456525246008,0.495182957166361
0.39441136,0.3440819661826639,0.8830456525246008,0.4952053555270073
0.39441732,0.3442117839401371,0.8830456525246008,0.4953397882540529
0.39444536,0.34423342975726323,0.8830456525246008,0.49536220080498977
0.39451334,0.34419218917049244,0.8828843361832553,0.4952941176466551
0.39457044,0.3441509433962264,0.88272301984191,0.4952260283266699
0.3945994,0.3441725894710359,0.88272301984191,0.49524843877233593
0.3946014,0.34441087613293053,0.88272301984191,0.49549508760769145
0.39461246,0.34436961037326114,0.8825617035005646,0.49542696730920405
0.39463553,0.3444997166425288,0.8825617035005646,0.49556159420249474
0.39466387,0.3445214105793451,0.8825617035005646,0.49558403913180316
0.39472482,0.3445431072485673,0.8825617035005646,0.495606486094351
0.39473307,0.34473850031505987,0.8825617035005646,0.49580860029865803
0.39477676,0.3447602243367572,0.8825617035005646,0.49583106760880385
0.39486375,0.3447189311822536,0.8824003871592192,0.49576290388322314
0.39493942,0.3448710673980203,0.8824003871592192,0.49592021758799115
0.3949691,0.34500157678965626,0.8824003871592192,0.4960551373896385
0.39502728,0.3449602623943484,0.8822390708178739,0.49598694055190157
0.3950682,0.34528694993370795,0.8822390708178739,0.49632453035625235
0.39507475,0.3453087511049375,0.8822390708178739,0.49634705268371776
0.39508376,0.3453305550293616,0.8822390708178739,0.4963695770553226
0.39514038,0.3453523617075019,0.8822390708178739,0.49639210347134505
0.39515376,0.34537417113988,0.8822390708178739,0.49641463193206364
0.39517525,0.34552691432903715,0.8822390708178739,0.49657238843197404
0.39520073,0.3456360993490489,0.8822390708178739,0.49668513304836487
0.39521527,0.34565794463405386,0.8822390708178739,0.4967076881154849
0.3952227,0.3456797926806144,0.8822390708178739,0.496730245231203
0.3952749,0.3457016434892541,0.8822390708178739,0.49675280439579866
0.3952758,0.3457234970604969,0.8822390708178739,0.49677536560955093
0.3953612,0.3457453533948666,0.8822390708178739,0.4967979288727389
0.39546335,0.3457672124928874,0.8822390708178739,0.4968204941856419
0.3955669,0.3458546765319674,0.8822390708178739,0.49691077593999156
0.3956226,0.3458133063496079,0.8820777544765285,0.49684248784658086
0.39570194,0.34583517804060465,0.8820777544765285,0.4968650613353518
0.3957213,0.3457938013915243,0.8819164381351831,0.49679676495938446
0.39572227,0.3458156746157252,0.8819164381351831,0.4968193384219871
0.3957671,0.34583755060728744,0.8819164381351831,0.4968419139360701
0.39579076,0.34599076007847607,0.8819164381351831,0.49699999999959527
0.3959709,0.3460126582278481,0.8819164381351831,0.4970225919355923
0.3960066,0.34603455914931325,0.8819164381351831,0.49704518592558855
0.39611745,0.3461441053564645,0.8819164381351831,0.497158186695362
0.3961375,0.3462537209449617,0.8819164381351831,0.49727123885715374
0.3961496,0.34621231314922724,0.8817551217938377,0.49720289261796047
0.39616734,0.34632199201672687,0.8817551217938377,0.49731598580616404
0.39626208,0.3462805728044608,0.8815938054524923,0.4972476229466857
0.39627802,0.34630251568341675,0.8815938054524923,0.4972702456774839
0.3963287,0.34626108998732574,0.8814324891111469,0.497201874516179
0.39637816,0.34628303441282715,0.8814324891111469,0.4972244972240922
0.39638332,0.3462416022309545,0.8812711727698016,0.49715611775907076
0.39639464,0.3462635482030804,0.8812711727698016,0.49717874044371585
0.3964455,0.3465051376379551,0.8812711727698016,0.49742772592720685
0.3964937,0.34652711703139866,0.8812711727698016,0.4974503733377845
0.39655593,0.3465490992133976,0.8812711727698016,0.49747302281068617
0.3967207,0.3465710841844826,0.8812711727698016,0.49749567434619346
0.39672545,0.3465930719451846,0.8812711727698016,0.49751832794458817
0.39692205,0.3466150624960345,0.8812711727698016,0.4975409836061521
0.3969464,0.3467690745207566,0.8812711727698016,0.49769963102952225
0.39696497,0.3470113701327574,0.8812711727698016,0.49794913863782264
0.39697772,0.3472760790795245,0.8812711727698016,0.4982216142266806
0.39700404,0.34729815638906547,0.8812711727698016,0.49824433398655227
0.39701536,0.3473864937046929,0.8812711727698016,0.4983352337510198
0.39708123,0.34762965319758193,0.8812711727698016,0.4985853792092319
0.39708763,0.347651775486827,0.8812711727698016,0.4986081321585866
0.39712885,0.34761025902119264,0.8811098564284562,0.4985396129970386
0.3971657,0.3475687372708758,0.8809485400871109,0.49847108758117425
0.39716783,0.34772365488697865,0.8809485400871109,0.4986303871434948
0.39720023,0.347682119205298,0.8807872237457655,0.49856184084331406
0.39720127,0.3477042603324206,0.8807872237457655,0.4985846041453343
0.3972051,0.3479036574487065,0.8807872237457655,0.49878956744124203
0.3972155,0.34803671596124425,0.8807872237457655,0.498926303284649
0.3972192,0.34805890227576974,0.8807872237457655,0.49894909988079644
0.39723063,0.3480810914190998,0.8807872237457655,0.498971898560252
0.39726335,0.3481032833917756,0.8807872237457655,0.4989946993233007
0.39728928,0.3481254781943382,0.8807872237457655,0.49901750217022867
0.39732853,0.348147675827329,0.8807872237457655,0.4990403071013213
0.39735296,0.34810610891467925,0.88062590740442,0.4989717106161105
0.39735985,0.34806453670046555,0.8804645910630747,0.4989031078606542
0.39740005,0.3482644206227667,0.8804645910630747,0.4991084083942716
0.39741716,0.34853128991060023,0.8804645910630747,0.49938240541612683
0.39747393,0.34848968644230155,0.8803032747217293,0.49931375240146014
0.39747998,0.34851194277685527,0.8803032747217293,0.49933659697081567
0.39758426,0.3485342019543974,0.8803032747217293,0.4993594436306331
0.3976782,0.3486455405060056,0.8803032747217293,0.4994737082966966
0.3977386,0.34877924070049854,0.8803032747217293,0.49961089494122773
0.3977833,0.3488015340364334,0.8803032747217293,0.4996337667089874
0.39785194,0.3488238302224495,0.8803032747217293,0.49965664057094356
0.39787105,0.34884612925909353,0.8803032747217293,0.4996795165273839
0.39788395,0.3488684311469122,0.8803032747217293,0.4997023945785962
0.39791393,0.34889073588645225,0.8803032747217293,0.49972527472486816
0.39791924,0.34891304347826085,0.8803032747217293,0.4997481569664875
0.39794287,0.3491809572562068,0.8803032747217293,0.500022907407849
0.3980566,0.3492033019773469,0.8803032747217293,0.5000458169151984
0.39807245,0.3492256495584283,0.8803032747217293,0.5000687285219301
0.39812323,0.34933743038217785,0.8803032747217293,0.5001833180564218
0.39820966,0.34949404380684,0.8803032747217293,0.5003438316596124
0.39822787,0.34945237942740026,0.8801419583803839,0.5002750779383425
0.39824966,0.3494107097104791,0.8799806420390386,0.5002063179125729
0.39826265,0.34943309205047723,0.8799806420390386,0.5002292526359984
0.398281,0.34945547725816783,0.8799806420390386,0.5002521894626587
0.39828664,0.34947786533410213,0.8799806420390386,0.5002751283928433
0.39831886,0.34943618657098924,0.8798193256976932,0.5002063557569187
0.39832273,0.3494585762798744,0.8798193256976932,0.500229294689128
0.3984328,0.3494809688581315,0.8798193256976932,0.500252235725344
0.39843988,0.3494392822813201,0.8796580093563477,0.5001834525771016
0.39844033,0.34959610206436725,0.8796580093563477,0.5003440840478565
0.39849302,0.34975306266435763,0.8796580093563477,0.5005048187237783
0.39855596,0.34977549711353434,0.8796580093563477,0.50052778925105
0.39864543,0.3499550763701707,0.8796580093563477,0.5007116294013649
0.39866763,0.35017980991523245,0.8796580093563477,0.50094161958528
0.3986881,0.35020229914584805,0.8796580093563477,0.500964630224673
0.39871454,0.3502247912652537,0.8796580093563477,0.5009876429781401
0.39873368,0.35024728627400603,0.8796580093563477,0.5010106578459727
0.39882708,0.3502055498458376,0.8794966930150024,0.5009417926214514
0.39884338,0.3504081239154187,0.8794966930150024,0.5011490026652786
0.3988934,0.35043064661267515,0.8794966930150024,0.5011720365855189
0.39890507,0.3505433035427249,0.8794966930150024,0.501287237954723
0.3989098,0.3505658436213992,0.8794966930150024,0.5013102845842092
0.39890984,0.35058838659893254,0.8794966930150024,0.5013333333329258
0.3989109,0.35061093247588426,0.8794966930150024,0.5013563842011649
0.39897993,0.3506334812528137,0.8794966930150024,0.501379437189219
0.39902368,0.3507237053715021,0.8794966930150024,0.5014716703454348
0.39905238,0.35092687950566426,0.8794966930150024,0.5016793190702157
0.39906612,0.35094946894110074,0.8794966930150024,0.5017024017664092
0.39908972,0.3509720612849234,0.8794966930150024,0.5017254865868099
0.39909735,0.3511529048048435,0.8794966930150024,0.5019102416566692
0.39910826,0.3511755233494364,0.8794966930150024,0.5019333456081357
0.39916122,0.3513339347854105,0.8794966930150024,0.5020951328448284
0.3991753,0.35129213121092995,0.879335376673657,0.5020261558293949
0.39923137,0.35142801882534974,0.879335376673657,0.5021649009668882
0.39926574,0.35145067698259186,0.879335376673657,0.5021880326127938
0.39928812,0.35147333806177056,0.879335376673657,0.5022111663898627
0.3993076,0.3516774193548387,0.879335376673657,0.5024194663344459
0.39941576,0.3517001096844958,0.879335376673657,0.5024426214393559
0.3994233,0.35165827848754677,0.8791740603323117,0.5023736000364633
0.3994242,0.3517944745675187,0.8791740603323117,0.5025125628136621
0.39943287,0.3518171841714544,0.8791740603323117,0.5025357307510901
0.3994644,0.35202170262240023,0.8791740603323117,0.5027443383603684
0.39953965,0.352112676056338,0.8791740603323117,0.5028371084555587
0.3995574,0.3521354267622924,0.8791740603323117,0.5028603063291727
0.39957777,0.35215818040837427,0.8791740603323117,0.5028835063433056
0.39961177,0.35218093699515346,0.8791740603323117,0.5029067084982536
0.39965513,0.3522036965232002,0.8791740603323117,0.502929912794313
0.39965522,0.35222645899308475,0.8791740603323117,0.5029531192317805
0.39967173,0.3522492244053775,0.8791740603323117,0.5029763278109524
0.39971584,0.35227199276064897,0.8791740603323117,0.502999538532125
0.39972606,0.35247704048635364,0.8791740603323117,0.5032085314616662
0.39975983,0.35261387163561075,0.8791740603323117,0.5033479565916024
0.39979908,0.35257198317696536,0.8790127439909663,0.5032788399367853
0.39989603,0.3528231028231028,0.8790127439909663,0.5035346301340458
0.39991996,0.3529145077720207,0.8790127439909663,0.5036277092282985
0.39996132,0.353074580444502,0.8790127439909663,0.5037906804729639
0.39999107,0.35309745982374285,0.8790127439909663,0.5038139706898042
0.40004295,0.353257698541329,0.8790127439909663,0.5039770625227135
0.40006948,0.35328060165975106,0.8790127439909663,0.5040003699760051
0.40007222,0.3533035077481683,0.8790127439909663,0.5040236795851982
0.40007943,0.3533264168071586,0.8790127439909663,0.5040469913505923
0.40012944,0.3533493288372998,0.8790127439909663,0.5040703052724865
0.40017998,0.35337224383916993,0.8790127439909663,0.5040936213511799
0.40030265,0.3533303067643816,0.8788514276496209,0.5040244240906262
0.40033117,0.35335322350499415,0.8788514276496209,0.5040477402040596
0.40043008,0.35353666450356913,0.8788514276496209,0.5042343467995353
0.40044793,0.3535596080212863,0.8788514276496209,0.504257682339465
0.40063637,0.3538121834004416,0.8788514276496209,0.5045145159045774
0.40068516,0.3538351626940313,0.8788514276496209,0.5045378773842916
0.40075663,0.35401910455520175,0.8788514276496209,0.504724847136889
0.4007783,0.3540421107356382,0.8788514276496209,0.5047482280998361
0.4008069,0.35427233710495515,0.8788514276496209,0.5049821569259472
0.40094253,0.35429537621122453,0.8788514276496209,0.5050055617348518
0.40094376,0.354318418314256,0.8788514276496209,0.5050289687133795
0.40095487,0.3545028630921395,0.8788514276496209,0.5052163026842476
0.40096393,0.35466440986914916,0.8788514276496209,0.5053803339513527
0.40100166,0.3546223958333333,0.8786901113082756,0.5053110070036257
0.40102503,0.35485342019543975,0.8786901113082756,0.5055455009509104
0.401027,0.3548765391882207,0.8786901113082756,0.5055689623162783
0.40110204,0.35503845652457305,0.8786901113082756,0.5057332528662165
0.4011609,0.35506159963496514,0.8786901113082756,0.5057567316616142
0.40117776,0.3550847457627119,0.8786901113082756,0.5057802126371312
0.40121806,0.35510789490840344,0.8786901113082756,0.5058036957930714
0.40122283,0.3552468531924607,0.8786901113082756,0.5059446405346075
0.40135083,0.35547869216210926,0.8786901113082756,0.5061797230736536
0.40143535,0.35550189270330246,0.8786901113082756,0.5062032433433007
0.40145132,0.3555250962730892,0.8786901113082756,0.5062267657988462
0.40146276,0.3555483028720627,0.8786901113082756,0.5062502904405954
0.40150875,0.355571512500816,0.8786901113082756,0.5062738172688528
0.4015454,0.35552944248596424,0.8785287949669301,0.5062043965232688
0.40167272,0.3554873669778677,0.8783674786255847,0.5061349693247431
0.40168887,0.35551057717419693,0.8783674786255847,0.5061584940734917
0.4016974,0.3556266736333355,0.8783674786255847,0.5062761506272048
0.4017775,0.3556499020248204,0.8783674786255847,0.5062996885020771
0.4018101,0.3556078123979359,0.8782061622842394,0.5062302399103206
0.40188625,0.3557704875179715,0.8782061622842394,0.5063950513925481
0.4020646,0.35600313889615487,0.8782061622842394,0.5066306826109152
0.40207645,0.3561661759895322,0.8782061622842394,0.5067957549800399
0.40213776,0.3561894791939283,0.8782061622842394,0.5068193455286123
0.40215576,0.35649269857900595,0.8782061622842394,0.5071262226358259
0.40216562,0.3564505566470203,0.878044845942894,0.5070566863846095
0.4021925,0.3566140339382821,0.878044845942894,0.5072220669085445
0.40225518,0.35663740007862665,0.878044845942894,0.5072457015046448
0.40230855,0.35666076928117424,0.878044845942894,0.5072693383034101
0.40237948,0.3568712300026226,0.878044845942894,0.5074821686630546
0.4023826,0.35689462986033704,0.878044845942894,0.5075058275054165
0.40242335,0.35685245901639345,0.8778835296015486,0.5074362441135337
0.4024302,0.35706318483039173,0.8778835296015486,0.5076492537309322
0.40246937,0.35725070570472,0.8778835296015486,0.5078387458002607
0.40247586,0.35727415966386555,0.8778835296015486,0.5078624422561331
0.40252647,0.3574853839584839,0.8778835296015486,0.5080758099146293
0.40252978,0.35779092702169624,0.8778835296015486,0.508384324349161
0.40259007,0.3577487014267868,0.8777222132602033,0.5083146487290354
0.402697,0.35770647027880065,0.8775608969188579,0.508244966599299
0.40270525,0.35766423357664234,0.8773995805775126,0.5081752779590392
0.40273786,0.3576877548336183,0.8773995805775126,0.5081990189204014
0.4027601,0.3577112791844788,0.8773995805775126,0.5082227621001305
0.40279794,0.35766903446461457,0.8772382642361671,0.5081530626543564
0.40283436,0.3576925606788134,0.8772382642361671,0.5081768059055785
0.40286377,0.35771608998815946,0.8772382642361671,0.5082005513756923
0.40291545,0.3577396223932636,0.8772382642361671,0.508224299065009
0.40294117,0.35776315789473684,0.8772382642361671,0.5082480489738396
0.40297222,0.35778669649319034,0.8772382642361671,0.5082718011024953
0.4029865,0.35774444005790235,0.8770769478948217,0.5082020844039441
0.40300342,0.35776798052247155,0.8770769478948217,0.5082258366045613
0.4030212,0.3577915240852856,0.8770769478948217,0.508249591025529
0.4030517,0.3577492596248766,0.8769156315534764,0.5081798635127229
0.40305257,0.35789057870827573,0.8769156315534764,0.5083224237886289
0.40305907,0.35810276679841896,0.8769156315534764,0.5085364142378593
0.403085,0.35814995388061666,0.8769156315534764,0.5085839921406744
0.40311438,0.35817355208539237,0.8769156315534764,0.5086077844307259
0.4031324,0.3581312598840274,0.876754315212131,0.5085380116954945
0.4031635,0.3581548599670511,0.876754315212131,0.5085618040605969
0.4032205,0.35829652580921617,0.876754315212131,0.5087046050164357
0.4032243,0.3583201476793249,0.876754315212131,0.5087284129728646
0.40323624,0.35834377266433703,0.876754315212131,0.5087522231578769
0.40324023,0.35853288475493106,0.876754315212131,0.5089427849045416
0.40327543,0.35855653780182084,0.876754315212131,0.5089666151608934
0.40328947,0.3585801939697829,0.876754315212131,0.5089904476489604
0.40331236,0.35853787278965427,0.8765929988707856,0.5089206274872957
0.40331957,0.358561530847905,0.8765929988707856,0.5089444600539103
0.40332887,0.3585851920285073,0.8765929988707856,0.5089682948527701
0.40333062,0.35860885633207945,0.8765929988707856,0.5089921318841889
0.4033783,0.3586325237592397,0.8765929988707856,0.5090159711484802
0.40341422,0.3586561943106066,0.8765929988707856,0.5090398126459578
0.40344384,0.3587982832618026,0.8765929988707856,0.5091829085453149
0.40358987,0.35882197569994717,0.8765929988707856,0.509206765683887
0.40361825,0.3588456712672522,0.8765929988707856,0.5092306250581577
0.40365866,0.3589879104181806,0.8765929988707856,0.5093738282710537
0.40367353,0.3589455602536998,0.8764316825294403,0.5093039606276636
0.40369117,0.35896927651139743,0.8764316825294403,0.5093278335047907
0.4037268,0.35899299590326417,0.8764316825294403,0.5093517086200349
0.40373147,0.3590167184299214,0.8764316825294403,0.509375585973711
0.403755,0.3592066115702479,0.8764316825294403,0.5095666854244609
0.40380356,0.35937293292763595,0.8764316825294403,0.5097340151049025
0.40387663,0.3593967056955745,0.8764316825294403,0.5097579283163449
0.40388238,0.3595870011251572,0.8764316825294403,0.5099493148109259
0.40396318,0.35980132450331126,0.8764316825294403,0.510164796468905
0.4040499,0.3598251539837075,0.8764316825294403,0.5101887501169693
0.40417162,0.3598489866207445,0.8764316825294403,0.510212706014519
0.4042246,0.35987282241504936,0.8764316825294403,0.5102366641618713
0.4042945,0.3598966613672496,0.8764316825294403,0.5102606245593431
0.40437657,0.35985425637628354,0.8762703661880948,0.5101906640364051
0.40439203,0.3598780972571883,0.8762703661880948,0.5102146245240788
0.4044262,0.36016443442514257,0.8762703661880948,0.5105023260181013
0.40444607,0.3601883164246403,0.8762703661880948,0.5105263157890608
0.4044679,0.360379486499038,0.8762703661880948,0.5107183151556607
0.4045347,0.3604033970276008,0.8762703661880948,0.5107423252311228
0.4046942,0.360427310729215,0.8762703661880948,0.510766337564232
0.40470687,0.3603848706038487,0.8761090498467494,0.5106963185853219
0.40482762,0.3603424248457097,0.8759477335054041,0.5106262930219679
0.40487248,0.36058171193306326,0.8759477335054041,0.5108664973182433
0.40504873,0.3605392482401381,0.8757864171640587,0.5107964435240728
0.4050556,0.36056319319917646,0.8757864171640587,0.5108204742186309
0.40507588,0.36063504716354455,0.8757864171640587,0.5108925798706637
0.4051335,0.3606590048495317,0.8757864171640587,0.5109166196118585
0.4052524,0.36068296571884134,0.8757864171640587,0.5109406616155107
0.40525585,0.3606404890040529,0.8756251008227134,0.5108705882348809
0.40535596,0.36066445182724255,0.8756251008227134,0.5108946303351319
0.40536457,0.36062196823709214,0.875463784481368,0.5108245481923577
0.40538135,0.36078978859194255,0.875463784481368,0.5109928911064083
0.40538222,0.3607472907386477,0.8753024681400225,0.5109227871935602
0.40543178,0.360939266946052,0.8753024681400225,0.51111529766349
0.40548065,0.36089675359233636,0.8751411517986772,0.5110451697984655
0.40549406,0.3609207637549065,0.8751411517986772,0.5110692416387763
0.40550175,0.3609447771124418,0.8751411517986772,0.5110933157469133
0.40551051,0.3609687936655799,0.8751411517986772,0.5111173921231968
0.4055417,0.36099281341495876,0.8751411517986772,0.5111414707679476
0.4056108,0.36101683636121645,0.8751411517986772,0.511165551681486
0.4057163,0.36104086250499134,0.8751411517986772,0.5111896348641329
0.40574104,0.3610648918469218,0.8751411517986772,0.5112137203162092
0.40584585,0.36108892438764645,0.8751411517986772,0.5112378080380353
0.40586635,0.36111296012780403,0.8751411517986772,0.5112618980299323
0.4058701,0.361257241792635,0.8751411517986772,0.5114064856707778
0.4058706,0.36132942586918876,0.8751411517986772,0.5114788101631653
0.40587413,0.36159434779710725,0.8751411517986772,0.511744175077409
0.40590566,0.36176313683648975,0.8751411517986772,0.5119131870720088
0.40595797,0.36172057352450815,0.8749798354573318,0.5118429744263107
0.40596008,0.36186536793648677,0.8749798354573318,0.511987917688844
0.40609068,0.36188951160928745,0.8749798354573318,0.512012082880598
0.40611833,0.36191365850403684,0.8749798354573318,0.5120362503535933
0.4061738,0.3620827770360481,0.8749798354573318,0.5122054865664681
0.406201,0.3621069497296215,0.8749798354573318,0.5122296723010308
0.40621033,0.36213112565095473,0.8749798354573318,0.5122538603197445
0.40621713,0.3621553048006944,0.8749798354573318,0.5122780506229331
0.40628466,0.3623246492985972,0.8749798354573318,0.5124474467377406
0.40638602,0.36234885429888436,0.8749798354573318,0.512471655328384
0.40644065,0.3625183798957359,0.8749798354573318,0.5126411795279634
0.40650988,0.3626638138539717,0.8749798354573318,0.5127865752772978
0.4065668,0.36285790741236285,0.8749798354573318,0.5129805646186804
0.4065869,0.3629307460689194,0.8749798354573318,0.5130533484672359
0.40660203,0.36295503211991437,0.8749798354573318,0.5130776143400292
0.4067357,0.3629793214214013,0.8749798354573318,0.5131018825083359
0.40676478,0.3630036139740329,0.8749798354573318,0.5131261529724817
0.40676543,0.36302790977846194,0.8749798354573318,0.5131504257327926
0.4067773,0.36324671845700507,0.8749798354573318,0.5133689839568046
0.40679675,0.3632710468153506,0.8749798354573318,0.5133932796966986
0.40687644,0.36322839919624916,0.8748185191159864,0.5133229211032817
0.40688965,0.36325272958671045,0.8748185191159864,0.5133472169628569
0.406894,0.36342313362819995,0.8748185191159864,0.5135173523976724
0.40691385,0.3636180769746547,0.8748185191159864,0.5137119310373344
0.40693742,0.3636424595990076,0.8748185191159864,0.5137362637358489
0.40700558,0.3636668454935622,0.8748185191159864,0.5137605987395785
0.40701005,0.36369123465897657,0.8748185191159864,0.5137849360488509
0.40703037,0.36371562709590877,0.8748185191159864,0.5138092756639937
0.40715018,0.3637400228050171,0.8748185191159864,0.5138336175853346
0.40718898,0.36376442178696,0.8748185191159864,0.5138579618132014
0.40729314,0.36386205045625336,0.8748185191159864,0.5139553617964859
0.40733433,0.36395973154362415,0.8748185191159864,0.5140527987104243
0.40734047,0.3639170414121753,0.8746572027746411,0.5139823679965515
0.40736198,0.3639414686535105,0.8746572027746411,0.5140067308143927
0.40740508,0.3638987715647446,0.8744958864332957,0.5139362912396305
0.40740725,0.3639232008592911,0.8744958864332957,0.5139606541830407
0.4074315,0.36394763343403824,0.8744958864332957,0.5139850194363916
0.40744266,0.3639720692896468,0.8744958864332957,0.5140093870000115
0.40744478,0.36399650842677767,0.8744958864332957,0.5140337568742293
0.40746573,0.3640209508460919,0.8744958864332957,0.5140581290593734
0.40752104,0.36404539654825063,0.8744958864332957,0.5140825035557727
0.40755665,0.36406984553391536,0.8744958864332957,0.5141068803637557
0.40758258,0.364167674324869,0.8744958864332957,0.5142044107181051
0.40760607,0.36419213973799125,0.8744958864332957,0.5142287990889416
0.4076094,0.3641494221983338,0.8743345700919504,0.5141583266134444
0.40762696,0.364173889672781,0.8743345700919504,0.514182715112003
0.40766165,0.3643452541005647,0.8743345700919504,0.514353499406465
0.4077804,0.36436974789915966,0.8743345700919504,0.5143779064245633
0.40788427,0.36439424499125994,0.8743345700919504,0.5144023157590873
0.4078975,0.3644187453775298,0.8743345700919504,0.5144267274103669
0.40798178,0.3644432490586337,0.8743345700919504,0.5144511413787314
0.40805617,0.36446775603523635,0.8743345700919504,0.514475557664511
0.40808418,0.3644250168123739,0.874173253750605,0.5144050500731524
0.40812358,0.3646211815368053,0.874173253750605,0.5146004463221714
0.4081714,0.3646457169773232,0.874173253750605,0.5146248812911326
0.4081852,0.36474389176819005,0.874173253750605,0.5147226443764842
0.4082108,0.3647684437264405,0.874173253750605,0.5147470909518523
0.40822026,0.36481755756025314,0.874173253750605,0.5147959910697407
0.40825975,0.3648421194371507,0.874173253750605,0.5148204446129229
0.40826342,0.36486668462159977,0.874173253750605,0.5148449004793716
0.40828213,0.36508792023175907,0.874173253750605,0.5150651078790635
0.40830404,0.3651125185285002,0.874173253750605,0.5150895869964001
0.40834343,0.36513712014015226,0.874173253750605,0.515114068440649
0.4083495,0.3651617250673854,0.874173253750605,0.5151385522121419
0.40839323,0.36523555974927546,0.874173253750605,0.5152120174934044
0.40844414,0.3652601779455379,0.874173253750605,0.515236510577193
0.40847147,0.3652847994607347,0.874173253750605,0.5152610059898856
0.4085167,0.36530942429553726,0.874173253750605,0.5152855037318146
0.40853238,0.36533405245061684,0.874173253750605,0.5153100038033118
0.4086404,0.3655065425603669,0.874173253750605,0.5154815695596318
0.40865442,0.36553119730185496,0.874173253750605,0.5155060882796451
0.4087139,0.3655558553696708,0.874173253750605,0.5155306093322197
0.40872306,0.3655130540376442,0.8740119374092595,0.5154599942912785
0.40873048,0.3655377142086088,0.8740119374092595,0.5154845154840996
0.40873826,0.36571042861964226,0.8740119374092595,0.5156562291801303
0.40876383,0.36573511543134873,0.8740119374092595,0.5156807690473163
0.40880135,0.3657598055761831,0.8740119374092595,0.5157053112502978
0.40880737,0.3657844990548204,0.8740119374092595,0.5157298557894083
0.40887222,0.36590801647869253,0.8740119374092595,0.5158526135385727
0.40888214,0.3661553017503548,0.8740119374092595,0.5160983044385246
0.40890422,0.3663038334122101,0.8740119374092595,0.5162458313478449
0.40902346,0.3663286004056795,0.8740119374092595,0.5162704273662996
0.40906262,0.3662857529244709,0.8738506210679142,0.516199733180449
0.40907437,0.3665087956698241,0.8738506210679142,0.5164211830874333
0.4091624,0.36670728405090713,0.8738506210679142,0.5166181870197543
0.40919608,0.36688113782593973,0.8738506210679142,0.5167906887994308
0.40920126,0.3669059875372528,0.8738506210679142,0.5168153413152349
0.40924734,0.36693084061505116,0.8738506210679142,0.5168399961831538
0.40928984,0.36695569706001896,0.8738506210679142,0.516864653403524
0.40936732,0.3669128107851772,0.8736893047265688,0.5167938931293544
0.40943128,0.36693766937669375,0.8736893047265688,0.5168185505029471
0.4094833,0.36689477606883936,0.8735279883852234,0.5167477812764227
0.40952557,0.36685187694809596,0.8733666720438781,0.516677005296143
0.40954265,0.36680897201328183,0.8732053557025327,0.516606222561141
0.40955374,0.36683383030631606,0.8732053557025327,0.5166308756855772
0.40960377,0.36679091833276856,0.8730440393611872,0.5165600839930929
0.4098734,0.3668157787718585,0.8730440393611872,0.5165847372687095
0.4099039,0.36684064258116994,0.8730440393611872,0.516609392897636
0.40990525,0.36686550976138826,0.8730440393611872,0.5166340508802094
0.4099869,0.36682258829909836,0.8728827230198419,0.5165632458229723
0.40999758,0.36697185486605627,0.8728827230198419,0.5167112299461073
0.41001546,0.3670714334170002,0.8728827230198419,0.5168099331418946
0.41006267,0.36709633649932155,0.8728827230198419,0.5168346148331473
0.4101077,0.36712124296085213,0.8728827230198419,0.5168592988819979
0.41013736,0.36742038432810487,0.8728827230198419,0.5171556914838609
0.4101427,0.3674453347820182,0.8728827230198419,0.5171804062122473
0.41015804,0.36747028862478776,0.8728827230198419,0.5172051233029666
0.4101688,0.367495245857104,0.8728827230198419,0.5172298427563579
0.4101768,0.36752020647965766,0.8728827230198419,0.5172545645727595
0.41021034,0.3675451704931395,0.8728827230198419,0.5172792887525107
0.41023096,0.3675701378982406,0.8728827230198419,0.51730401529595
0.41025096,0.36759510869565215,0.8728827230198419,0.5173287442034167
0.41027793,0.3676200828860656,0.8728827230198419,0.5173534754752498
0.41031203,0.36757711645604024,0.8727214066784965,0.5172825931056689
0.4103371,0.36753414418699465,0.8725600903371512,0.5172117039582748
0.41034034,0.3675591193259038,0.8725600903371512,0.5172364331815098
0.41039917,0.3675840978593272,0.8725600903371512,0.5172611647695935
0.4104176,0.36760907978795704,0.8725600903371512,0.517285898722865
0.41050088,0.36763406511248553,0.8725600903371512,0.517310635041664
0.410507,0.3676590538336052,0.8725600903371512,0.5173353737263295
0.41050872,0.3676840459520087,0.8725600903371512,0.5173601147772012
0.41052914,0.36764106050305917,0.8723987739958058,0.5172892056048245
0.41054875,0.36766605479638315,0.8723987739958058,0.5173139468141992
0.41067392,0.36769105248844164,0.8723987739958058,0.517338690390361
0.41069177,0.3677160535799279,0.8723987739958058,0.5173634363336496
0.41071063,0.36796625161597607,0.8723987739958058,0.5176110260332734
0.4107613,0.3679912901469788,0.8723987739958058,0.5176357980373908
0.4107835,0.36816665532030773,0.8723987739958058,0.5178092684790925
0.41088232,0.3681917211328976,0.8723987739958058,0.5178340594624063
0.41101423,0.3682167903588207,0.8723987739958058,0.5178588528196534
0.41101536,0.3681737709383086,0.8722374576544604,0.5177878860421968
0.41114798,0.36819884235614575,0.8722374576544604,0.5178126795628847
0.4111621,0.36815581585399076,0.8720761413131151,0.5177417037777753
0.41121152,0.368180889464006,0.8720761413131151,0.5177664974615115
0.41127172,0.3682059664895791,0.8720761413131151,0.5177912935200077
0.4113626,0.3683565004088307,0.8720761413131151,0.5179401197600614
0.41142917,0.36831345826235096,0.8719148249717696,0.5178691194783598
0.41145855,0.3683385579937304,0.8719148249717696,0.5178939299569435
0.41147882,0.3684892282519771,0.8719148249717696,0.5180428427656724
0.41148782,0.3685143519465467,0.8719148249717696,0.5180676698931892
0.4116301,0.36847129414973406,0.8717535086304242,0.5179966450990311
0.41164398,0.3684964200477327,0.8717535086304242,0.5180214723922203
0.41168398,0.3685215493726132,0.8717535086304242,0.5180463020654404
0.4117204,0.3684784832571779,0.8715921922890789,0.5179752660335195
0.41183573,0.3684354112672214,0.8714308759477335,0.5179042231911838
0.4118664,0.36846054157288044,0.8714308759477335,0.5179290508145391
0.41189906,0.3684856753069577,0.8714308759477335,0.5179538808184134
0.41191283,0.3685108124701549,0.8714308759477335,0.5179787132031493
0.4119299,0.3685359530631737,0.8714308759477335,0.5180035479690889
0.41194642,0.36856109708671625,0.8714308759477335,0.5180283851165749
0.41199833,0.36883790796121807,0.8714308759477335,0.5183017510190112
0.4120293,0.3688630932058723,0.8714308759477335,0.5183266167717947
0.4120761,0.36888828189019396,0.8714308759477335,0.5183514849105832
0.41209364,0.36891347401488767,0.8714308759477335,0.5183763554357206
0.41213256,0.3689386695806584,0.8714308759477335,0.51840122834755
0.41216707,0.3691151349504612,0.8714308759477335,0.5185754055866032
0.41217715,0.36914035807024737,0.8714308759477335,0.5186002976043437
0.41219863,0.3691655846374633,0.8714308759477335,0.5186251920118707
0.4124009,0.3691908146528157,0.8714308759477335,0.5186500888095287
0.41240314,0.3692160481170118,0.8714308759477335,0.5186749879976617
0.41241786,0.36917293233082704,0.8712695596063881,0.5186038696044596
0.412446,0.3691981680224212,0.8712695596063881,0.5186287689644369
0.41255826,0.3692234071643424,0.8712695596063881,0.5186536707154794
0.41270357,0.36940017782641404,0.8712695596063881,0.518828049951551
0.41270375,0.3694254445964432,0.8712695596063881,0.5188529708435224
0.41270554,0.3694507148231753,0.8712695596063881,0.5188778941296615
0.4127117,0.3694759885073197,0.8712695596063881,0.5189028198103134
0.41272596,0.3695012656495861,0.8712695596063881,0.518927747885823
0.41274104,0.3694581280788177,0.8711082432650428,0.518856593802128
0.41275653,0.369483407458091,0.8711082432650428,0.5188815220520464
0.41277897,0.36950869029697553,0.8711082432650428,0.5189064526974148
0.41281894,0.36973639164669636,0.8711082432650428,0.5191309363579741
0.41281906,0.3697617091207888,0.8711082432650428,0.5191558909768446
0.41295192,0.36978703006231595,0.8711082432650428,0.5191808479949667
0.41297552,0.36991368680641185,0.8711082432650428,0.519305669086469
0.4131686,0.36987052134000137,0.8709469269236974,0.5192344681665367
0.41317028,0.3698958618799671,0.8709469269236974,0.5192594373643327
0.4133056,0.36992120589242894,0.8709469269236974,0.5192844089637058
0.41331288,0.3701240830876808,0.8709469269236974,0.5194842682570624
0.4134144,0.3701494583847525,0.8709469269236974,0.5195092614862304
0.41341844,0.37017483716146726,0.8709469269236974,0.5195342571204435
0.4134641,0.3703271829343576,0.8709469269236974,0.5196842814511166
0.41348302,0.3703525860886267,0.8709469269236974,0.5197092939303701
0.41367665,0.3705813714050381,0.8709469269236974,0.5199345146374856
0.41383454,0.3706068094453597,0.8709469269236974,0.5199595512106372
0.41386035,0.3706322509782385,0.8709469269236974,0.519984590195093
0.41395873,0.3706576960043938,0.8709469269236974,0.5200096315912017
0.4140356,0.37068314452454515,0.8709469269236974,0.5200346753993115
0.41405457,0.37070859653941224,0.8709469269236974,0.5200597216197709
0.4140669,0.37066538487948913,0.870785610582352,0.5199884404195793
0.4141196,0.37062216728471364,0.8706242942410066,0.5199171523525506
0.41414908,0.37072400054952603,0.8706242942410066,0.5200173435463363
0.41416484,0.3707494676100845,0.8706242942410066,0.5200423973786521
0.41417134,0.3707749381698269,0.8706242942410066,0.5200674536252133
0.41422814,0.37100433078985356,0.8706242942410066,0.5202930685429146
0.41430032,0.370961088959164,0.8704629778996612,0.5202217401779371
0.41437846,0.37111416781292983,0.8704629778996612,0.5203722455273304
0.41444495,0.37113969323887475,0.8704629778996612,0.5203973382192741
0.41447026,0.3711652221763654,0.8704629778996612,0.5204224333313068
0.41449854,0.37119075462612644,0.8704629778996612,0.5204475308637784
0.4146189,0.3712162905888828,0.8704629778996612,0.5204726308170392
0.41463193,0.3714718435908027,0.8704629778996612,0.5207237635701476
0.41466123,0.3714974182444062,0.8704629778996612,0.5207488901752224
0.4147142,0.3714541448636739,0.8703016615583159,0.5206775080823872
0.41471738,0.3714797218205605,0.8703016615583159,0.5207026348803837
0.41478753,0.37178692026738336,0.8703016615583159,0.5210043457262825
0.4148014,0.37181254307374223,0.8703016615583159,0.521029504079932
0.4148123,0.371838169412089,0.8703016615583159,0.5210546648634012
0.4148511,0.37214596123335864,0.8703016615583159,0.5213567839191784
0.4149933,0.372300048305845,0.8703016615583159,0.5215079748666659
0.41499805,0.3723257418909593,0.8703016615583159,0.5215331818836733
0.4150618,0.3724799779066556,0.8703016615583159,0.5216844751724274
0.41506454,0.3725056963336325,0.8703016615583159,0.5217096992549713
0.41510007,0.3725314183123878,0.8703016615583159,0.5217349257768638
0.41513044,0.37266008150859986,0.8703016615583159,0.5218610949889397
0.41517124,0.3728661275831087,0.8703016615583159,0.5220630927032766
0.41527385,0.37289189936411393,0.8703016615583159,0.5220883534132347
0.4153084,0.37291767470795606,0.8703016615583159,0.5221136165678564
0.41536427,0.3729950221238938,0.8703016615583159,0.5221894207032531
0.41537634,0.3732530787325308,0.8703016615583159,0.5224422602039085
0.41545227,0.37335640138408305,0.8703016615583159,0.5225434645741355
0.4154609,0.37331303204374006,0.8701403452169705,0.5224719101119394
0.41547015,0.373623328946457,0.8701403452169705,0.5227757317305353
0.41557586,0.37364921030756443,0.8701403452169705,0.5228010661493252
0.41559404,0.37367509525458953,0.8701403452169705,0.5228264030237145
0.41562015,0.37370098378827765,0.8701403452169705,0.5228517423540603
0.41563755,0.37372687590937437,0.8701403452169705,0.5228770841407195
0.41569233,0.3736834811529933,0.8699790288756251,0.5228054868882422
0.41572413,0.3737093756496431,0.8699790288756251,0.5228308288895457
0.4157327,0.3737352737352737,0.8699790288756251,0.5228561733477787
0.41579264,0.37376117541063136,0.8699790288756251,0.5228815202632987
0.41586784,0.37399445214979193,0.8699790288756251,0.5231097531398868
0.41597614,0.3740203897635065,0.8699790288756251,0.523135124647945
0.4159781,0.3744358814135944,0.8699790288756251,0.5235414037467883
0.41606072,0.3744618802944036,0.8699790288756251,0.5235668171443781
0.416068,0.3744184431636692,0.8698177125342798,0.5234951456306471
0.4161513,0.37444444444444447,0.8698177125342798,0.5235205592500283
0.41624668,0.3744704493367595,0.8698177125342798,0.5235459753369905
0.41627595,0.3744270037505209,0.8696563961929343,0.5234742923722548
0.4162792,0.3743835521289157,0.8694950798515889,0.5234026024466563
0.4162895,0.37440955821061406,0.8694950798515889,0.5234280165084405
0.41636702,0.37443556790552274,0.8694950798515889,0.5234534330383283
0.41644117,0.3744615812143949,0.8694950798515889,0.5234788520366791
0.41646877,0.37448759813798377,0.8694950798515889,0.5235042735038528
0.41647625,0.3745136186770428,0.8694950798515889,0.5235296974402084
0.4165834,0.37453964283232577,0.8694950798515889,0.5235551238461066
0.41659224,0.37466981787849296,0.8694950798515889,0.5236822929313254
0.41659877,0.3748000834434323,0.8694950798515889,0.5238095238091028
0.41663328,0.3748261474269819,0.8694950798515889,0.5238349774037288
0.41664058,0.3748522150358161,0.8694950798515889,0.5238604334722197
0.41666007,0.37480873556822925,0.8693337635102436,0.5237886961166028
0.41668767,0.3748348055922654,0.8693337635102436,0.5238141524101543
0.41669065,0.3750957054360688,0.8693337635102436,0.5240688515020586
0.41673976,0.37512181539746625,0.8693337635102436,0.5240943350348329
0.41675094,0.37514792899408284,0.8693337635102436,0.5241198210460678
0.41681927,0.3751740462266778,0.8693337635102436,0.524145309536125
0.41699493,0.3753046869559161,0.8693337635102436,0.5242727891814059
0.41700232,0.37533082602033707,0.8693337635102436,0.524298292551994
0.41700706,0.37535696872605695,0.8693337635102436,0.5243237984039375
0.41702077,0.3753134577876846,0.8691724471688982,0.5242520068105736
0.4171925,0.3753396029258098,0.8691724471688982,0.5242775128924462
0.4172183,0.3753657517068413,0.8691724471688982,0.5243030214563004
0.41722155,0.37539190413154044,0.8691724471688982,0.5243285325024982
0.41722494,0.3754180602006689,0.8691724471688982,0.5243540460314019
0.4172618,0.3754442199149885,0.8691724471688982,0.5243795620433742
0.41729262,0.3754006968641115,0.8690111308275529,0.5243077522016323
0.41730386,0.3753571677468813,0.8688498144862075,0.5242359353704177
0.41731012,0.37538332868692503,0.8688498144862075,0.5242614493595826
0.41738093,0.37540949327385514,0.8688498144862075,0.524286965832344
0.41738647,0.3754356615084344,0.8688498144862075,0.524312484789065
0.417407,0.3755403709385023,0.8688498144862075,0.5244145854627984
0.4174668,0.3756713398897956,0.8688498144862075,0.5245422672375996
0.4175288,0.37569754464285715,0.8688498144862075,0.5245678110538761
0.41753104,0.37585484996510815,0.8688498144862075,0.5247211262112789
0.4175348,0.3759597933826609,0.8688498144862075,0.5248233861140729
0.41757375,0.37598603839441536,0.8688498144862075,0.52484895731784
0.41757432,0.37601228707065065,0.8688498144862075,0.5248745310135626
0.4177796,0.37603853941213433,0.8688498144862075,0.5249001072016054
0.41781828,0.3760647954196341,0.8688498144862075,0.5249256858823326
0.41782126,0.37619613047426137,0.8688498144862075,0.5250536166889914
0.41783744,0.3764327648867766,0.8688498144862075,0.525284049348581
0.41784146,0.37653803131991054,0.8688498144862075,0.5253865288002414
0.41787466,0.3765643571278753,0.8688498144862075,0.5254121549112941
0.41790804,0.3765906866172563,0.8688498144862075,0.5254377835223331
0.41796255,0.37661701978882595,0.8688498144862075,0.5254634146337244
0.4180978,0.37664335664335663,0.8688498144862075,0.525489048245834
0.41810492,0.3766696971816211,0.8688498144862075,0.5255146843590277
0.41813615,0.3768014551560095,0.8688498144862075,0.5256429024540746
0.41815293,0.3768278178129154,0.8688498144862075,0.5256685535814635
0.4181752,0.37685418415897004,0.8688498144862075,0.5256942072125007
0.41818532,0.37688055419494787,0.8688498144862075,0.5257198633475526
0.41820914,0.3769069279216235,0.8688498144862075,0.5257455219869859
0.418232,0.3769333053397719,0.8688498144862075,0.5257711831311672
0.41829288,0.37717086834733893,0.8688498144862075,0.5260022462030057
0.41829827,0.37712724980740947,0.868688498144862,0.5259302666271781
0.4183429,0.3772857843480698,0.868688498144862,0.5260844079714418
0.41842318,0.3772421524663677,0.8685271818035167,0.5260124077959727
0.41846275,0.37726858664424356,0.8685271818035167,0.5260381045428117
0.41847712,0.3775860859807841,0.8685271818035167,0.52634666145231
0.4184918,0.3775424323186983,0.8683658654621713,0.5262746248223766
0.41852915,0.37767487546481443,0.8683658654621713,0.5264032857418032
0.4186171,0.37770137524557956,0.8683658654621713,0.5264290254751043
0.4187655,0.3777278787453512,0.8683658654621713,0.5264547677257388
0.4187829,0.37791350744172986,0.8683658654621713,0.5266350339965445
0.41878808,0.3779400407217581,0.8683658654621713,0.526660796399147
0.41879207,0.37828531271960647,0.8683658654621713,0.526995937147749
0.41890234,0.3783118982359969,0.8683658654621713,0.52702173487328
0.41891688,0.3783384874894574,0.8683658654621713,0.5270475351246569
0.41895548,0.378365080480776,0.8683658654621713,0.5270733379022502
0.41898888,0.3784981015328365,0.8683658654621713,0.5272023896964578
0.41899458,0.3788177339901478,0.8683658654621713,0.5275123719923253
0.41900256,0.37884439439791684,0.8683658654621713,0.5275382203053396
0.41901326,0.37887105855855857,0.8683658654621713,0.5275640711516326
0.4190761,0.3788977264728655,0.8683658654621713,0.5275899245315774
0.4190762,0.3789243981416303,0.8683658654621713,0.527615780445546
0.4191703,0.3791112050144376,0.8683658654621713,0.5277968428273051
0.41921484,0.3791379067474292,0.8683658654621713,0.5278227190268848
0.41922036,0.37916461224202297,0.8683658654621713,0.5278485977638443
0.41925055,0.37945862117580714,0.8683658654621713,0.5281334314442664
0.41928884,0.3796191819464034,0.8683658654621713,0.5282889248732211
0.41929764,0.3796459552859863,0.8683658654621713,0.528314849346912
0.41930103,0.3796727324023134,0.8683658654621713,0.5283407763650867
0.41930753,0.37969951329618395,0.8683658654621713,0.52836670592812
0.41937143,0.3799407114624506,0.8683658654621713,0.5286001865759009
0.4194193,0.38002117896223087,0.8683658654621713,0.5286780593199458
0.41952693,0.3800480090369952,0.8683658654621713,0.528704022000264
0.41957268,0.3800042363905952,0.8682045491208259,0.5286317650521253
0.41975,0.3800310690580426,0.8682045491208259,0.5286577280090062
0.41975537,0.38005790551514723,0.8682045491208259,0.5286836935162759
0.41976973,0.38008474576271184,0.8682045491208259,0.52870966157431
0.41979662,0.38011158980153964,0.8682045491208259,0.5287356321834844
0.41979897,0.3800678061873146,0.8680432327794806,0.5286633590406924
0.4198257,0.38009465282192556,0.8680432327794806,0.5286893299268706
0.4198417,0.3802289429055964,0.8680432327794806,0.5288192226421983
0.41984564,0.3802558123100841,0.8680432327794806,0.5288452088447851
0.41986024,0.38041710851891125,0.8680432327794806,0.5290011797085813
0.4199175,0.38044400452488686,0.8680432327794806,0.5290271837974428
0.41995913,0.3804001979777982,0.8678819164381352,0.5289548716936083
0.41997233,0.38035638523546883,0.8677206000967898,0.5288825524797885
0.42000926,0.3803832826532777,0.8677206000967898,0.5289085545718475
0.42005718,0.3806794055201699,0.8677206000967898,0.5291947464209447
0.4201121,0.3807063486446316,0.8677206000967898,0.5292207792203553
0.42012486,0.380733295583239,0.8677206000967898,0.529246814581167
0.4202066,0.3810299638733442,0.8677206000967898,0.5295333727107395
0.42021888,0.38113795791114574,0.8677206000967898,0.5296376526187173
0.4202201,0.38116496598639454,0.8677206000967898,0.5296637290134106
0.42022806,0.3811919778895897,0.8677206000967898,0.5296898079759422
0.4202295,0.381218993621545,0.8677206000967898,0.5297158895066909
0.4202765,0.38117513643773476,0.8675592837554444,0.5296434902497236
0.42036328,0.38120215480578395,0.8675592837554444,0.5296695720683205
0.42039075,0.38141843971631206,0.8675592837554444,0.5298783191285968
0.42040363,0.38137456557202637,0.867397967414099,0.5298058922057044
0.42041525,0.38140161725067384,0.867397967414099,0.5298319948756658
0.42045462,0.38135773568844433,0.8672366510727537,0.5297595585332769
0.42056847,0.3813138479001135,0.8670753347314083,0.5296871150525444
0.42064446,0.3813409010287336,0.8670753347314083,0.5297132157283625
0.4207204,0.3816387389946038,0.8670753347314083,0.53000049302329
0.42077816,0.3816658382446922,0.8670753347314083,0.5300266245928109
0.42078543,0.38169294134355913,0.8670753347314083,0.5300527587392826
0.42087257,0.3817200482920247,0.8670753347314083,0.5300788954630863
0.42089924,0.3817471590909091,0.8670753347314083,0.5301050347646034
0.42091402,0.38177427374103273,0.8670753347314083,0.530131176644215
0.42093533,0.3817303594260548,0.8669140183900629,0.5300586871820976
0.42095244,0.3817574767350998,0.8669140183900629,0.5300848293544778
0.4209659,0.38171355498721227,0.8667527020487176,0.5300123304558022
0.42110306,0.3816696269982238,0.8665913857073722,0.5299398244052181
0.42125535,0.381625692766804,0.8664300693660267,0.5298673112016669
0.4214207,0.3819241982507289,0.8664300693660267,0.5301549698939588
0.4214749,0.3818802446309202,0.8662687530246814,0.5300824243616501
0.42148107,0.38183628475926323,0.866107436683336,0.5300098716678873
0.42149743,0.3817923186344239,0.8659461203419906,0.5299373118116094
0.42151397,0.3817483462550679,0.8657848040006453,0.529864744791756
0.42153096,0.38177550149381134,0.8657848040006453,0.5298909019100259
0.42155528,0.3820200726030322,0.8657848040006453,0.5301264322397964
0.42156503,0.38226495726495724,0.8657848040006453,0.5303621720436483
0.42160586,0.3822921860531377,0.8657848040006453,0.5303883782978258
0.42170885,0.38245564027649115,0.8657848040006453,0.5305456702249605
0.42173332,0.3824828962371722,0.8657848040006453,0.5305718946167466
0.42173594,0.3825101560829592,0.8657848040006453,0.5305981216011567
0.42181408,0.3825374198146828,0.8657848040006453,0.5306243511785753
0.42185858,0.3828375775732934,0.8657848040006453,0.5309130477787813
0.42189464,0.383001498608435,0.8657848040006453,0.5310706510979321
0.4219485,0.3831655600771043,0.8657848040006453,0.5312283480150155
0.42195514,0.3831929173211481,0.8657848040006453,0.5312546399401834
0.4219577,0.3832202784719743,0.8657848040006453,0.5312809344679967
0.42200997,0.3832476435304199,0.8657848040006453,0.5313072315988421
0.42215747,0.3834941050375134,0.8657848040006453,0.5315440229766965
0.4221609,0.3835215092182364,0.8657848040006453,0.5315703461591347
0.42220506,0.38354891731580076,0.8657848040006453,0.5315966719488613
0.42222187,0.3835763293310463,0.8657848040006453,0.5316230003462635
0.4222347,0.3836037452648131,0.8657848040006453,0.531649331351729
0.4222673,0.383795766590389,0.8657848040006453,0.5318337214483183
0.42230836,0.38385066514089544,0.8657848040006453,0.5318864278277295
0.42240387,0.3838781203061297,0.8657848040006453,0.5319127849351541
0.42245144,0.3840154550658271,0.8657848040006453,0.5320446096650019
0.42250058,0.38434545975365225,0.8657848040006453,0.5323612557650852
0.42254135,0.3843729857480484,0.8657848040006453,0.5323876599539437
0.4226369,0.38459333572196347,0.8657848040006453,0.5325989877935603
0.42272976,0.3846208972337681,0.8657848040006453,0.5326254155704567
0.42277822,0.38464846269619435,0.8657848040006453,0.5326518459701972
0.42283678,0.38467603211009177,0.8657848040006453,0.5326782789931723
0.42288205,0.38470360547630994,0.8657848040006453,0.5327047146397725
0.4229606,0.3847311827956989,0.8657848040006453,0.5327311529103883
0.42296907,0.3847587640691089,0.8657848040006453,0.5327575938054108
0.42298824,0.3847863492973903,0.8657848040006453,0.5327840373252304
0.4229937,0.38481393848139384,0.8657848040006453,0.5328104834702381
0.42301366,0.38484153162197043,0.8657848040006453,0.5328369322408248
0.42313135,0.3848691287199713,0.8657848040006453,0.5328633836373817
0.42313755,0.3850624192854068,0.8657848040006453,0.5330486169733037
0.42315462,0.3850182966205066,0.8656234876592999,0.5329757647989382
0.42322844,0.38521177315147165,0.8656234876592999,0.5331611108346872
0.42328373,0.3852394285304042,0.8656234876592999,0.5331875993636437
0.42342663,0.38526708788052844,0.8656234876592999,0.5332140905247389
0.42344093,0.3852947512026998,0.8656234876592999,0.5332405843183653
0.4234468,0.38532241849777393,0.8656234876592999,0.5332670807449152
0.42346707,0.38548850574712645,0.8656234876592999,0.5334261146175964
0.4235016,0.38551620087649974,0.8656234876592999,0.5334526294856059
0.4235437,0.3855438999856301,0.8656234876592999,0.5334791469896814
0.42355856,0.3855716030753754,0.8656234876592999,0.5335056671302157
0.42363378,0.3855993101465938,0.8656234876592999,0.5335321899076024
0.4237614,0.38571017826336973,0.8656234876592999,0.5336383073935369
0.4237691,0.3859321058688147,0.8656234876592999,0.5338506690539434
0.423775,0.3859598647773862,0.8656234876592999,0.5338772261462255
0.42380792,0.3859876276794706,0.8656234876592999,0.5339037858808727
0.4238427,0.38634890920872633,0.8656234876592999,0.5342493030660805
0.4238834,0.3863767281105991,0.8656234876592999,0.5342758998352878
0.42391637,0.38640455101893856,0.8656234876592999,0.5343024992527843
0.42395377,0.3864323779346104,0.8656234876592999,0.5343291013189658
0.42396504,0.38646020885848037,0.8656234876592999,0.5343557060342277
0.4240586,0.38665513762790027,0.8656234876592999,0.5345420132485644
0.4241054,0.38668300064855515,0.8656234876592999,0.5345686391707227
0.42410558,0.3867108676852119,0.8656234876592999,0.5345952677455258
0.4241151,0.38690604946283075,0.8656234876592999,0.5347817420765114
0.4241265,0.38693394865878283,0.8656234876592999,0.5348083918867509
0.42417693,0.38688973822744643,0.8654621713179546,0.5347353732677879
0.42419574,0.3869176402711669,0.8654621713179546,0.5347620234234454
0.42422962,0.3871689398859782,0.8654621713179546,0.5350019944152091
0.4242856,0.3871968822170901,0.8654621713179546,0.5350286711538985
0.42429262,0.38722482858173946,0.8654621713179546,0.5350553505530784
0.42430755,0.3872527789807998,0.8654621713179546,0.5350820326131469
0.4243726,0.3873366543931846,0.8654621713179546,0.5351620947626651
0.42438728,0.38729241877256315,0.8653008549766091,0.5350890318714866
0.4243933,0.38724817676366524,0.8651395386352637,0.5350159616915122
0.4244013,0.38720392836510686,0.8649782222939184,0.5349428842216509
0.42445716,0.3873717670856813,0.8649782222939184,0.5351030387700931
0.42447,0.38739975435300916,0.8649782222939184,0.5351297405185347
0.42458555,0.38742774566473986,0.8649782222939184,0.5351564449319545
0.42459723,0.3873834814654238,0.864816905952573,0.5350833416504359
0.4247294,0.38741147564676975,0.864816905952573,0.5351100464137065
0.42476848,0.38760754826115246,0.864816905952573,0.535297054417945
0.42478615,0.3876355748373102,0.864816905952573,0.535323780517821
0.4248188,0.3876636054667727,0.864816905952573,0.5353505092865707
0.42488134,0.38769164015041946,0.864816905952573,0.5353772407245938
0.4249393,0.38771967888912995,0.864816905952573,0.53540397483229
0.42499408,0.3877477216837842,0.864816905952573,0.5354307116100594
0.42512047,0.3877757685352622,0.864816905952573,0.5354574510583019
0.42518783,0.3878038194444444,0.864816905952573,0.5354841931774179
0.42527497,0.3878318744122115,0.864816905952573,0.5355109379678074
0.42528877,0.38800028949844395,0.864816905952573,0.5356714628293086
0.42538208,0.38802837290098435,0.864816905952573,0.5356982263298247
0.4254195,0.38805646036916397,0.864816905952573,0.5357249925048186
0.42545623,0.38808455190386565,0.864816905952573,0.5357517613546916
0.42546046,0.38811264750597263,0.864816905952573,0.5357785328798442
0.42547452,0.3881407471763684,0.864816905952573,0.5358053070806776
0.42550975,0.38809644486279055,0.8646555896112276,0.5357321339326058
0.42557597,0.388124547429399,0.8646555896112276,0.5357589084907513
0.4256606,0.3881526540661887,0.8646555896112276,0.535785685725282
0.42581344,0.388180764774044,0.8646555896112276,0.5358124656365993
0.4258727,0.38813645252408197,0.8644942732698823,0.5357392782161073
0.42596695,0.3881645661306678,0.8644942732698823,0.535766058484951
0.42596745,0.38853041397810484,0.8644942732698823,0.5361144457778835
0.4260331,0.38855858468677495,0.8644942732698823,0.536141263568178
0.42613566,0.38858675948082083,0.8644942732698823,0.5361680840415931
0.4261726,0.38872769476280283,0.8644942732698823,0.5363022266695746
0.42618266,0.38875589408777655,0.8644942732698823,0.5363290632501725
0.42620918,0.3887840975043529,0.8644942732698823,0.5363559025167115
0.42623,0.3887397518682435,0.8643329569285368,0.5362826543885221
0.42625508,0.3887679582063561,0.8643329569285368,0.5363094940188903
0.42628905,0.38879616863797983,0.8643329569285368,0.5363363363359083
0.4262901,0.3889937563525483,0.8643329569285368,0.5365243078151228
0.42634434,0.3893046574148078,0.8643329569285368,0.5368199579196199
0.42637917,0.38950276243093923,0.8643329569285368,0.5370082686039315
0.4263857,0.3895310796074155,0.8643329569285368,0.5370351809156787
0.4264807,0.3897861195984286,0.8643329569285368,0.5372775131607649
0.42655653,0.3898144779919971,0.8643329569285368,0.5373044524664788
0.42657888,0.3900131023438637,0.8643329569285368,0.5374931032748888
0.42660543,0.3900414937759336,0.8643329569285368,0.5375200642050288
0.42664558,0.38999708794408855,0.8641716405871915,0.537446701780359
0.4266492,0.3900254823443757,0.8641716405871915,0.5374736630877625
0.42666006,0.38998106888015144,0.8640103242458461,0.5374002909743368
0.42677173,0.3900094662491808,0.8640103242458461,0.5374272526586121
0.4267803,0.38996504515001457,0.8638490079045007,0.5373538708540193
0.42684332,0.3899934454883111,0.8638490079045007,0.5373808329147746
0.4269567,0.3900218499635834,0.8638490079045007,0.5374077976813416
0.42704573,0.3899774200597276,0.8636876915631554,0.5373344038534453
0.4270613,0.3900058275058275,0.8636876915631554,0.5373613689964098
0.42709932,0.38996138996138996,0.86352637522181,0.5372879654718187
0.4271286,0.3899169459420079,0.8633650588804646,0.537214554579245
0.4271375,0.38994535519125684,0.8633650588804646,0.5372415177670878
0.42717883,0.3899009035266686,0.8632037425391192,0.5371680971736916
0.42720175,0.38992931574728557,0.8632037425391192,0.5371950607364451
0.42720893,0.38988485643492204,0.8630424261977738,0.5371216304398102
0.4272152,0.3898403906420815,0.8628811098564284,0.5370481927706555
0.42723703,0.389868804664723,0.8628811098564284,0.5370751543747909
0.4272527,0.38989722282965233,0.8628811098564284,0.5371021186861864
0.42727503,0.38992564513777517,0.8628811098564284,0.5371290857052496
0.4273098,0.3901531728665208,0.8628811098564284,0.5373449193827646
0.42736712,0.3901816325041943,0.8628811098564284,0.5373719107892034
0.42736965,0.39021009629413483,0.8628811098564284,0.5373989049073925
0.42738628,0.39023856423725106,0.8628811098564284,0.5374259017377405
0.42738673,0.3902670363344521,0.8628811098564284,0.5374529012806563
0.4273882,0.3902955125866472,0.8628811098564284,0.5374799035365485
0.42740056,0.39032399299474607,0.8628811098564284,0.5375069085058263
0.42743245,0.39035247755965846,0.8628811098564284,0.5375339161888987
0.42745772,0.3903809662822946,0.8628811098564284,0.5375609265861747
0.42751253,0.3904094591635647,0.8628811098564284,0.5375879396980634
0.4275228,0.39043795620437954,0.8628811098564284,0.5376149555249742
0.4275277,0.39046645740565006,0.8628811098564284,0.5376419740673165
0.42756507,0.3904949627682873,0.8628811098564284,0.5376689953254995
0.42761895,0.3905234722932029,0.8628811098564284,0.5376960192999328
0.42764717,0.3905519859813084,0.8628811098564284,0.537723045991026
0.42766654,0.3905805038335159,0.8628811098564284,0.5377500753991888
0.4276852,0.39067524115755625,0.8623971608323924,0.5377458130056564
0.4277491,0.39070379302784475,0.8623971608323924,0.537772859872823
0.42775476,0.3907323490717731,0.8623971608323924,0.5377999094608654
0.42779988,0.3906878152181858,0.862235844491047,0.5377263581484641
0.42785373,0.39071637426900585,0.862235844491047,0.5377534081186914
0.42789966,0.39094499707431246,0.862235844491047,0.5379699058925806
0.42790934,0.3909735937385707,0.862235844491047,0.5379969803719914
0.4279137,0.39100219458668617,0.862235844491047,0.5380240575767008
0.42792577,0.391173887587822,0.862235844491047,0.5381865780592795
0.42795378,0.39120251774866427,0.862235844491047,0.5382136743526066
0.42799753,0.3912311521007173,0.862235844491047,0.5382407733745266
0.42802387,0.3913457314394494,0.862235844491047,0.5383491967563818
0.4280417,0.39130116423811967,0.8620745281497015,0.5382755842058558
0.4281044,0.39132981839484476,0.8620745281497015,0.5383026945349519
0.4281585,0.3913584767484438,0.8620745281497015,0.5383298075950173
0.42817327,0.39138713929983887,0.8620745281497015,0.538356923386464
0.42817405,0.3914158060499524,0.8620745281497015,0.5383840419097055
0.4281849,0.3915878947754085,0.8620745281497015,0.5385468104399613
0.42820314,0.3916165909424007,0.8620745281497015,0.538573948097328
0.42822462,0.3916452913155002,0.8620745281497015,0.5386010884897942
0.42824575,0.3916739958956318,0.8620745281497015,0.5386282316177733
0.42826065,0.3917027046837206,0.8620745281497015,0.5386553774816789
0.4282668,0.391731417680692,0.8620745281497015,0.5386825260819251
0.42834446,0.39168682647899716,0.8619132118083562,0.5386088709673124
0.42834604,0.39197417650942706,0.8619132118083562,0.5388804841145476
0.42840445,0.3922619484619338,0.8619132118083562,0.5391523713416488
0.42840585,0.39229074889867843,0.8619132118083562,0.5391795751547241
0.42852026,0.3923195535648726,0.8619132118083562,0.5392067817131637
0.42852664,0.39255014326647564,0.8619132118083562,0.539424533063679
0.42853874,0.39295432816062364,0.8619132118083562,0.5398060214180381
0.42857036,0.39298323036187116,0.8619132118083562,0.5398332912347302
0.42863622,0.3932146011186341,0.8619132118083562,0.5400515489963859
0.42866156,0.3932435416206668,0.8619132118083562,0.5400788436263765
0.4287225,0.39327248638304135,0.8619132118083562,0.5401061410154908
0.42872328,0.3935041979673,0.8619132118083562,0.5403246195070783
0.42872787,0.39353318111512114,0.8619132118083562,0.5403519417471424
0.42875123,0.39356216853270476,0.8619132118083562,0.5403792667505177
0.42875847,0.3938232475860544,0.8619132118083562,0.540625316199104
0.4288109,0.3938522777532065,0.8619132118083562,0.5406526688586638
0.42890975,0.39388131220051603,0.8619132118083562,0.5406800242861511
0.42896298,0.3941137419783138,0.8619132118083562,0.5408989674018775
0.429121,0.39414281498967246,0.8619132118083562,0.54092634775963
0.4291546,0.3941718922906676,0.8619132118083562,0.5409537308895156
0.42916515,0.3942009738822488,0.8619132118083562,0.5409811167919553
0.4293127,0.39437555358724535,0.8619132118083562,0.5411454904538153
0.42933992,0.39440466523953643,0.8619132118083562,0.541172895775929
0.42938787,0.3944337811900192,0.8619132118083562,0.5412003038739678
0.4294085,0.39466686364307874,0.8619132118083562,0.54141966864222
0.42941314,0.3949586043761088,0.8619132118083562,0.5416941248031377
0.4294406,0.39516307965387176,0.8619132118083562,0.5418864097358772
0.42946792,0.3951183431952663,0.8617518954670108,0.5418124651347177
0.42961398,0.3951475700865449,0.8617518954670108,0.5418399431986762
0.42969957,0.39558649289099523,0.8617518954670108,0.5422524488652236
0.429716,0.39561578908390727,0.8617518954670108,0.5422799715760583
0.42972392,0.39564508961635314,0.8617518954670108,0.5423074970809351
0.4298326,0.39560032590178507,0.8615905791256654,0.5422335025376398
0.42987487,0.39568825011112757,0.8615905791256654,0.5423160887440475
0.42987958,0.3958642158316039,0.8615905791256654,0.5424813366508305
0.4299013,0.39589355866874215,0.8615905791256654,0.5425088877598531
0.42995635,0.39584877687175685,0.8614292627843201,0.5424348621053128
0.43005764,0.39587812291496777,0.8614292627843201,0.5424624136525552
0.43009326,0.3959074733096085,0.8614292627843201,0.5424899679987558
0.43013293,0.3958626825832283,0.8612679464429747,0.5424159301021795
0.4301883,0.39589203618567403,0.8612679464429747,0.5424434848865383
0.43020666,0.39592139414163885,0.8612679464429747,0.542471042470611
0.4303299,0.3959507564520914,0.8612679464429747,0.5424986028548242
0.43039593,0.39590595564785286,0.8611066301016292,0.5424245503501426
0.43045747,0.395935321168966,0.8611066301016292,0.5424521111727811
0.43058634,0.39596469104665827,0.8611066301016292,0.5424796747963164
0.43061334,0.3959940652818991,0.8611066301016292,0.5425072412211752
0.43066126,0.3959492543957267,0.8609453137602839,0.5424331741026276
0.43067092,0.39615498812351546,0.8609453137602839,0.5426262010061262
0.43069828,0.39611016257144976,0.8607839974189385,0.5425521098114646
0.4308031,0.3963455396271262,0.8607839974189385,0.5427728613565004
0.43081686,0.39637498142920813,0.8607839974189385,0.5428004679310061
0.43083605,0.39633013891984253,0.8606226810775932,0.5427263479141154
0.43085733,0.3963595839524517,0.8606226810775932,0.5427539549311516
0.43088314,0.3963147336354855,0.8604613647362478,0.5426798250071987
0.43092313,0.3964620187304891,0.8604613647362478,0.5428178903979806
0.43100107,0.39649148888723706,0.8604613647362478,0.5428455119067531
0.4310286,0.39652096342551296,0.8604613647362478,0.5428731362267322
0.4310411,0.39675691758405235,0.8604613647362478,0.5430942320415167
0.43105868,0.39678643160008925,0.8604613647362478,0.5431218816816776
0.43108088,0.3967415563160244,0.8603000483949024,0.5430477063281663
0.43109098,0.39677107358083474,0.8603000483949024,0.5430753564150466
0.43112963,0.39680059523809524,0.8603000483949024,0.5431030093177612
0.43125847,0.3967557109904011,0.8601387320535571,0.543028821671836
0.43127716,0.3967108200625093,0.8599774157122116,0.5429546264700064
0.43133116,0.39674034382674706,0.8599774157122116,0.5429822774491503
0.43146056,0.39676987198571,0.8599774157122116,0.5430099312447931
0.43148404,0.3967994045403796,0.8599774157122116,0.5430375878573656
0.43154216,0.39675450349858565,0.8598160993708662,0.5429633779856118
0.43157065,0.3967840393061863,0.8598160993708662,0.5429910350443926
0.431693,0.39681357951161406,0.8598160993708662,0.5430186949208657
0.43172523,0.3968431241158514,0.8598160993708662,0.5430463576154619
0.43193078,0.3970796394248678,0.8598160993708662,0.5432677606763592
0.4320109,0.3971092236626434,0.8598160993708662,0.5432954487534538
0.4320263,0.3971388123090679,0.8598160993708662,0.5433231396529826
0.43206826,0.39716840536512665,0.8598160993708662,0.5433508333753768
0.43207934,0.3971234816305239,0.8596547830295209,0.5432765827297136
0.43208322,0.39715307795498583,0.8596547830295209,0.543304276902254
0.43209153,0.39718267869121265,0.8596547830295209,0.5433319738984257
0.43213642,0.39739000745712155,0.8596547830295209,0.5435259319695814
0.43214074,0.39741964352300696,0.8596547830295209,0.5435536515703551
0.43214306,0.39744928400954654,0.8596547830295209,0.5435813739986495
0.43217072,0.39740434101588723,0.8594934666881755,0.5435070896659963
0.43217766,0.397433984782933,0.8594934666881755,0.543534812547387
0.4322278,0.3974636329727714,0.8594934666881755,0.543562538257066
0.43232894,0.39749328558639213,0.8594934666881755,0.5435902667954661
0.4323522,0.3975229426247855,0.8594934666881755,0.5436179981630201
0.43238875,0.39755260408894194,0.8594934666881755,0.5436457323601613
0.4324048,0.39758226997985224,0.8594934666881755,0.5436734693873225
0.43247032,0.39761194029850744,0.8594934666881755,0.5437012092449371
0.4325153,0.3975669826106426,0.8593321503468301,0.5436269007037209
0.4325292,0.39759665621734586,0.8593321503468301,0.5436546410160495
0.43255204,0.39771539495296404,0.8593321503468301,0.5437656305819182
0.43256804,0.3980422924605843,0.8593321503468301,0.5440710856905079
0.43259528,0.3980720370647138,0.8593321503468301,0.5440988713544521
0.4327026,0.3982803738317757,0.8593321503468301,0.5442934504951225
0.4327225,0.39831015403020786,0.8593321503468301,0.5443212588765917
0.4328147,0.3983399386824198,0.8593321503468301,0.5443490700997102
0.43284237,0.3983697277894107,0.8593321503468301,0.5443768841649138
0.43285203,0.3983995213521801,0.8593321503468301,0.5444047010726382
0.43307647,0.39835452505609575,0.8591708340054848,0.5443303183602397
0.43317154,0.3983843219388137,0.8591708340054848,0.5443581357313741
0.43318856,0.39841412327947334,0.8591708340054848,0.5443859559458031
0.43320197,0.39844392907907533,0.8591708340054848,0.5444137790039624
0.43321952,0.3984737393386204,0.8591708340054848,0.5444416049062882
0.43326327,0.3985035540591096,0.8591708340054848,0.5444694336532165
0.43328074,0.3984585453457049,0.8590095176641394,0.5443950314364633
0.4332964,0.398488363391454,0.8590095176641394,0.5444228606477625
0.43333328,0.3986375205869142,0.8590095176641394,0.5445620493936457
0.43341443,0.39859249831549,0.858848201322794,0.5444876252808105
0.43347275,0.39854746930218626,0.8586868849814486,0.5444131935562021
0.43373555,0.3985024335454886,0.8585255686401032,0.5443387542186525
0.43381664,0.3985322749737906,0.8585255686401032,0.5443665933611993
0.4338975,0.3985621208717142,0.8585255686401032,0.544394435351449
0.43395758,0.3988010490820532,0.8585255686401032,0.5446172738432017
0.43406454,0.3988309352517986,0.8585255686401032,0.5446451414824507
0.43418634,0.3987858802368283,0.8583642522987579,0.5445706683037321
0.4342276,0.3988157697496627,0.8583642522987579,0.5445985364101906
0.43423873,0.39884566374334757,0.8583642522987579,0.5446264073690652
0.43425265,0.39887556221889053,0.8583642522987579,0.544654281180794
0.43440548,0.39905504724763763,0.8583642522987579,0.5448215839856416
0.43441144,0.39929461203662014,0.8583642522987579,0.5450448143401555
0.4344819,0.39953446463432946,0.8583642522987579,0.5452682276984956
0.43455788,0.3995644664714275,0.8583642522987579,0.5452961672469533
0.43457544,0.39959447281465904,0.8583642522987579,0.545324109658803
0.43459207,0.3995493803980473,0.8582029359574125,0.5452495644148581
0.43459305,0.3995042812077512,0.8580416196160671,0.5451750115303408
0.43466836,0.3996844003606853,0.8580416196160671,0.545342697492774
0.43478563,0.39963928759299616,0.8578803032747218,0.545268122628501
0.43486145,0.3995941680444912,0.8577189869333763,0.5451935401174849
0.43501684,0.3995490417136415,0.8575576705920309,0.545118949958549
0.43504336,0.39981949458483756,0.8575576705920309,0.5453706078477324
0.43505284,0.3998495675065814,0.8575576705920309,0.5453985841793139
0.43507373,0.3998796449526102,0.8575576705920309,0.5454265633812929
0.43510225,0.39990972692394494,0.8575576705920309,0.5454545454541117
0.43513703,0.3998645801986157,0.8573963542506856,0.5453799189365115
0.43517488,0.39981942667970805,0.8572350379093402,0.5453052847609823
0.43528116,0.399849510910459,0.8572350379093402,0.5453332649182382
0.43529102,0.3998795996688991,0.8572350379093402,0.545361247947021
0.43530294,0.400210875131797,0.8572350379093402,0.5456692509108974
0.43533292,0.40016570008285,0.8570737215679949,0.5455945779416486
0.43537062,0.4001958421211208,0.8570737215679949,0.5456225930676019
0.4354565,0.40022598870056497,0.8570737215679949,0.5456506110707378
0.43553922,0.4004673249415844,0.8570737215679949,0.5458748587276044
0.43555462,0.40042213176541536,0.8569124052266495,0.5458001541223504
0.43566737,0.40045231813041837,0.8569124052266495,0.5458281956428046
0.43569142,0.40066375018856537,0.8569124052266495,0.5460245669934497
0.43571073,0.40078466877923646,0.8569124052266495,0.5461368426459442
0.43577075,0.40081490983173623,0.8569124052266495,0.5461649187739849
0.43577614,0.4011175715472325,0.8569124052266495,0.5464458389050281
0.4357763,0.4010723455671349,0.856751088885304,0.5463710714465077
0.43585348,0.40110263575258664,0.856751088885304,0.5463991769542981
0.4358666,0.40113293051359517,0.856751088885304,0.5464272853537505
0.4358831,0.40143613000755857,0.856751088885304,0.5467085284879076
0.43590906,0.40139088366467607,0.8565897725439587,0.5466337245208749
0.43593246,0.40148192953273854,0.8565897725439587,0.5467181467177121
0.43598908,0.4017249205628688,0.8565897725439587,0.5469434001128681
0.43598926,0.40175531512446094,0.8565897725439587,0.5469715698388731
0.43603545,0.4017857142857143,0.8565897725439587,0.5469997424667299
0.43607658,0.4018161180476731,0.8565897725439587,0.5470279179968869
0.4362102,0.40184652641138185,0.8565897725439587,0.5470560964297925
0.43625075,0.4020290732889158,0.8565897725439587,0.5472252280100768
0.43629205,0.40205951389414707,0.8565897725439587,0.5472534267747894
0.43633097,0.40201423595335456,0.8564284562026133,0.5471785622257955
0.43634504,0.4020446800454373,0.8564284562026133,0.547206761492041
0.43640554,0.402075128748864,0.8564284562026133,0.5472349636649777
0.43646297,0.4021055820646823,0.8564284562026133,0.5472631687450553
0.43651503,0.4021360399939403,0.8564284562026133,0.5472913767327232
0.4365417,0.40216650253768654,0.8564284562026133,0.5473195876284311
0.43670437,0.4021969696969697,0.8564284562026133,0.5473478014326286
0.43675572,0.40222744147283884,0.8564284562026133,0.5473760181457656
0.43680128,0.40234937476316784,0.8564284562026133,0.5474889140967085
0.4368346,0.4023798696377141,0.8564284562026133,0.5475171453612935
0.4368646,0.4025018953752843,0.8564284562026133,0.5476300995405419
0.43686962,0.402532413374782,0.8564284562026133,0.547658345367834
0.43690485,0.40248710949347893,0.8562671398612679,0.5475834321963979
0.43704438,0.4028842504743833,0.8562671398612679,0.5479508619795379
0.43710256,0.40283892515560954,0.8561058235199226,0.5478759097708961
0.43713918,0.4027935929552873,0.8559445071785772,0.5478009498240537
0.43715814,0.40282417248709385,0.8559445071785772,0.5478292292597992
0.43718177,0.4028547566623643,0.8559445071785772,0.5478575116154656
0.437182,0.40288534548215643,0.8559445071785772,0.5478857968915055
0.43718702,0.4029159389475283,0.8559445071785772,0.5479140850883709
0.43723032,0.40287059538274606,0.8557831908372319,0.5478391077601885
0.4372449,0.4029011923748766,0.8557831908372319,0.5478673964676015
0.43724936,0.40285584080206593,0.8556218744958864,0.5477924089848474
0.4373421,0.4028864413216863,0.8556218744958864,0.5478206982024153
0.43738985,0.4029170464904284,0.8556218744958864,0.5478489903419703
0.43740425,0.4031927023945268,0.8556218744958864,0.5481037511621148
0.43741912,0.40346873573710634,0.8556218744958864,0.5483587490303218
0.4374617,0.40349942944085204,0.8556218744958864,0.5483870967737581
0.4374867,0.4035301278149726,0.8556218744958864,0.5484154474482539
0.43751994,0.4037451472939027,0.8556218744958864,0.5486139842775949
0.43778855,0.4037758830694275,0.8556218744958864,0.5486423584169421
0.43780023,0.4038066235249334,0.8556218744958864,0.548670735491444
0.43780646,0.4038373686614893,0.8556218744958864,0.5486991155015558
0.43784392,0.4037919744155943,0.855460558154541,0.5486240430370151
0.43786404,0.4038227231190984,0.855460558154541,0.548652423567926
0.4378881,0.4038534765059782,0.855460558154541,0.5486808070352601
0.4379214,0.4038842345773039,0.855460558154541,0.5487091934394732
0.4379284,0.40391499733414576,0.855460558154541,0.5487375827810211
0.43801165,0.40394576477757466,0.855460558154541,0.54876597506036
0.43804893,0.40397653690866153,0.855460558154541,0.5487943702779456
0.4380515,0.4040073137284778,0.855460558154541,0.5488227684342343
0.4380578,0.40403809523809525,0.855460558154541,0.5488511695296822
0.43810153,0.40399268515696435,0.8552992418131957,0.5487760699679956
0.43810362,0.40402347024308466,0.8552992418131957,0.5488044715863564
0.43814424,0.4040542600213382,0.8552992418131957,0.5488328761446912
0.4382141,0.4040850544927978,0.8552992418131957,0.5488612836434565
0.438284,0.4041158536585366,0.8552992418131957,0.5488896940831088
0.43828478,0.40433157934873787,0.8552992418131957,0.5490886495438888
0.4382903,0.40436241610738255,0.8552992418131957,0.5491170835270871
0.43830815,0.4043932575699794,0.8552992418131957,0.5491455204552864
0.4383104,0.4044241037376049,0.8552992418131957,0.5491739603289442
0.43834642,0.40445495461133574,0.8552992418131957,0.5492024031485179
0.4386237,0.404485810192249,0.8552992418131957,0.5492308489144653
0.43863195,0.40451667048142215,0.8552992418131957,0.5492592976272446
0.43866816,0.40454753547993283,0.8552992418131957,0.5492877492873133
0.43870297,0.40457840518885924,0.8552992418131957,0.5493162038951297
0.43874317,0.4048255325647095,0.8552992418131957,0.5495439469315705
0.4387528,0.4048564447159438,0.8552992418131957,0.5495724280897426
0.43882254,0.4048873615883925,0.8552992418131957,0.549600912200248
0.43892518,0.4048419123262563,0.8551379254718503,0.549525734722002
0.43909216,0.4047964561215917,0.8549766091305049,0.5494505494501133
0.43917686,0.4048273754964864,0.8549766091305049,0.5494790316723646
0.43919846,0.4048582995951417,0.8549766091305049,0.5495075168476716
0.43920463,0.4048128342245989,0.8548152927891596,0.5494323189378187
0.4392099,0.4051842789417342,0.8548152927891596,0.54977434248024
0.43924502,0.40533924883347355,0.8548152927891596,0.5499169779987334
0.43925893,0.4053702570379437,0.8548152927891596,0.5499455139843075
0.43926096,0.4054012699869941,0.8548152927891596,0.5499740529315822
0.43945202,0.40543228768171385,0.8548152927891596,0.5500025948410188
0.43955532,0.4054633101231923,0.8548152927891596,0.5500311397130782
0.43972412,0.4054943373125191,0.8548152927891596,0.5500596875482219
0.43973416,0.4055253692507844,0.8548152927891596,0.5500882383469111
0.43982315,0.40555640593907855,0.8548152927891596,0.5501167921096077
0.43995187,0.40558744737849217,0.8548152927891596,0.5501453488367728
0.4400258,0.40577379584960566,0.8548152927891596,0.5503167514794679
0.44006264,0.4057282891713892,0.8546539764478142,0.5502414706336186
0.44010702,0.4057593627939037,0.8546539764478142,0.550270045699605
0.44011408,0.40594590452838863,0.8546539764478142,0.5504415584411217
0.44021064,0.40590038314176247,0.8544926601064687,0.5503662527919161
0.44022065,0.4058548547781439,0.8543313437651234,0.550290939317934
0.44023365,0.4059793024147183,0.8543313437651234,0.5504053211386196
0.44025296,0.40622842678530335,0.8543313437651234,0.5506342274896858
0.44027907,0.40618287818349186,0.854170027423778,0.5505588770466128
0.44031757,0.40613732259301877,0.8540087110824327,0.55048351876841
0.4403823,0.4061684824305662,0.8540087110824327,0.5505121405912545
0.44038653,0.40619964704979666,0.8540087110824327,0.5505407653905781
0.44040716,0.4062308164518109,0.8540087110824327,0.5505693931668451
0.44050533,0.40618525055636556,0.8538473947410873,0.5504940197603535
0.44050768,0.406216423637759,0.8538473947410873,0.5505226480831868
0.4405653,0.4063411638261938,0.8538473947410873,0.5506371911569102
0.44069538,0.40637236084452977,0.8538473947410873,0.5506658343732626
0.4407352,0.40632678132678135,0.8536860783997419,0.5505904385367321
0.44077003,0.4063579820317899,0.8536860783997419,0.5506190823010925
0.44085905,0.4064516129032258,0.8536860783997419,0.5507050314788283
0.44086343,0.4064060219678931,0.8535247620583966,0.550629618065959
0.440946,0.4064372407435858,0.8535247620583966,0.5506582713218297
0.44098616,0.4064684643158946,0.8535247620583966,0.5506869275599292
0.4410242,0.406499692685925,0.8535247620583966,0.5507155867807235
0.4410301,0.40653092585478295,0.8535247620583966,0.550744248984678
0.44104254,0.40656216382357463,0.8535247620583966,0.5507729141722585
0.44104314,0.4065934065934066,0.8535247620583966,0.5508015823439311
0.4410709,0.4066246541653858,0.8535247620583966,0.5508302535001615
0.4411111,0.40657904849742527,0.8533634457170511,0.5507548151999794
0.44112208,0.4065334358186011,0.8532021293757057,0.5506793690453227
0.44116354,0.40656468598662465,0.8532021293757057,0.5507080383169305
0.44128066,0.4065190651906519,0.8530408130343604,0.5506325818707555
0.4413981,0.40673794323513573,0.8530408130343604,0.550833333332896
0.44144538,0.40676923076923077,0.8530408130343604,0.550862024063316
0.441578,0.40680052311716286,0.8530408130343604,0.5508907177826651
0.44160843,0.4068318202800431,0.8530408130343604,0.5509194144914105
0.44165707,0.40686312225898286,0.8530408130343604,0.5509481141900191
0.44167528,0.407207762205452,0.8530408130343604,0.5512640083394114
0.4416812,0.40723912206391993,0.8530408130343604,0.551292743952857
0.44169277,0.40727048675292665,0.8530408130343604,0.5513214825622482
0.44169325,0.4072248324732342,0.852879496693015,0.5512459597534984
0.44169733,0.40757015109466543,0.852879496693015,0.5515622554896256
0.44169763,0.4076015727391874,0.852879496693015,0.551591027646928
0.44169784,0.40763299922899,0.852879496693015,0.5516198028061772
0.44171977,0.4076644305651939,0.852879496693015,0.5516485809678427
0.4417232,0.40794753086419755,0.852879496693015,0.5519077196091452
0.44175678,0.4079018442781079,0.8527181803516696,0.5518321327900414
0.44180253,0.4079333230436796,0.8527181803516696,0.5518609385598796
0.4418192,0.4081538105165624,0.8527181803516696,0.5520626631849407
0.44191262,0.4081081081081081,0.8525568640103243,0.5519870489316212
0.4419223,0.40806239864082167,0.8523955476689788,0.551911426780427
0.44193423,0.40801668211306763,0.8522342313276335,0.5518357967301204
0.44200197,0.40804819649339613,0.8522342313276335,0.5518646192411791
0.44212213,0.4080797157423142,0.8522342313276335,0.5518934447632079
0.44213825,0.40811123986095016,0.8522342313276335,0.5519222732966786
0.44215262,0.40839517625231914,0.8522342313276335,0.5521818656907038
0.44215444,0.40861628896279684,0.8522342313276335,0.552383939773715
0.44220275,0.40864789603960394,0.8522342313276335,0.5524128195739854
0.4422144,0.4087743732590529,0.8522342313276335,0.5525283689793244
0.44223407,0.4088060047976476,0.8522342313276335,0.5525572638840928
0.4422372,0.40896423594983744,0.8522342313276335,0.5527017837522425
0.44235146,0.40912258963834897,0.8522342313276335,0.5528463792377366
0.44235343,0.4091542750929368,0.8522342313276335,0.5528753074141397
0.44242686,0.4091859654558129,0.8522342313276335,0.552904238618086
0.44247803,0.4092176607281177,0.8522342313276335,0.552933172850051
0.44255874,0.40924936091099234,0.8522342313276335,0.55296211011051
0.4426078,0.40928106600557795,0.8522342313276335,0.5529910503999383
0.44261622,0.4093127760130162,0.8522342313276335,0.5530199937188122
0.44267425,0.4093444909344491,0.8522342313276335,0.5530489400676066
0.44280353,0.4096301465457083,0.8522342313276335,0.5533095936317357
0.44287673,0.4096619106699752,0.8522342313276335,0.5533385703059245
0.44298765,0.40961613028305544,0.8520729149862881,0.5532628050692169
0.4430373,0.4096478982472468,0.8520729149862881,0.5532917823281636
0.44305465,0.4099976713498409,0.8520729149862881,0.5536107326271685
0.44308606,0.4102842939257418,0.8520729149862881,0.5538719656053914
0.4431319,0.4103161656179601,0.8520729149862881,0.5539010067109706
0.44313398,0.4102703542573027,0.8519115986449427,0.553825179591612
0.44313595,0.4104297816118753,0.8519115986449427,0.5539704185456641
0.44315773,0.41046168195243277,0.8519115986449427,0.5539994754781868
0.44320455,0.4104935872522347,0.8519115986449427,0.5540285354590658
0.44328263,0.41044776119402987,0.8517502823035974,0.5539526832078705
0.44328654,0.41040192801057296,0.851588965962252,0.5538768229981971
0.44333366,0.41035608770020215,0.8514276496209066,0.5538009548287935
0.4433885,0.4103879947126973,0.8514276496209066,0.5538300104927405
0.44339472,0.41034214618973563,0.8512663332795612,0.5537541319057471
0.44342276,0.4105656267019373,0.8512663332795612,0.5539575897539174
0.44344002,0.41059757236227823,0.8512663332795612,0.5539866673661034
0.44353145,0.4106295229943195,0.8512663332795612,0.554015748031057
0.44353512,0.4106614785992218,0.8512663332795612,0.554044831749259
0.44368464,0.41061561210989184,0.8511050169382158,0.5539689206211484
0.44372457,0.4105697384806974,0.8509437005968704,0.5538930015221104
0.4437832,0.4105238577099712,0.8507823842555251,0.5538170744508891
0.44380262,0.41055581503970107,0.8507823842555251,0.5538461538457148
0.44383973,0.410811652905437,0.8507823842555251,0.5540788989857457
0.4438849,0.41084365505959336,0.8507823842555251,0.5541080058831498
0.44388947,0.41113189897100094,0.8507823842555251,0.5543701056389153
0.44390088,0.41116395104077336,0.8507823842555251,0.5543992431405257
0.44390562,0.4111960081085296,0.8507823842555251,0.5544283837052112
0.44391426,0.4112280701754386,0.8507823842555251,0.5544575273334548
0.44392568,0.41126013724267,0.8507823842555251,0.5544866740257395
0.4440223,0.4112922093113936,0.8507823842555251,0.5545158237825487
0.4440492,0.4113242863827796,0.8507823842555251,0.5545449766043659
0.44414738,0.41151685393258425,0.8507823842555251,0.5547199579275122
0.4441803,0.4115489660554038,0.8507823842555251,0.554749132217926
0.44421315,0.41158108319026065,0.8507823842555251,0.5547783095772179
0.44422415,0.41153515960352766,0.8506210679141797,0.5547022932880098
0.44422546,0.41156728067436776,0.8506210679141797,0.5547314712530453
0.4442587,0.4115213488408399,0.8504597515728344,0.5546554445024537
0.4442616,0.41155347384855584,0.8504597515728344,0.5546846230728415
0.44433314,0.41158560387227733,0.8504597515728344,0.5547138047133652
0.44435942,0.41161773891317927,0.8504597515728344,0.5547429894245091
0.44444063,0.41181065458522104,0.8504597515728344,0.5549181622015497
0.44462112,0.4118428247793141,0.8504597515728344,0.5549473684206129
0.44464347,0.411875,0.8504597515728344,0.554976577714177
0.4446451,0.4119071802484569,0.8504597515728344,0.5550057900827269
0.44468352,0.4121648033773747,0.8504597515728344,0.555239599788923
0.44468382,0.41211884284597344,0.850298435231489,0.5551635157191873
0.44470835,0.4121510673234811,0.850298435231489,0.5551927533174452
0.44482958,0.41218329684078825,0.850298435231489,0.5552219939954521
0.44488594,0.41213732697270666,0.8501371188901435,0.5551458969762798
0.44493255,0.4121695604567496,0.8501371188901435,0.555175138266613
0.44495383,0.4122985448286653,0.8501371188901435,0.5552921342390628
0.4450529,0.41252446183953034,0.8501371188901435,0.5554969958886714
0.44506574,0.4125567559104431,0.8501371188901435,0.5555262741786566
0.4451279,0.41278295605858856,0.8501371188901435,0.5557313086571577
0.44513386,0.4129123246885528,0.8501371188901435,0.5558485391831903
0.44520652,0.41294467951731706,0.8501371188901435,0.5558778545430966
0.44524252,0.4129770394169736,0.8501371188901435,0.5559071729953404
0.44525445,0.41300940438871475,0.8501371188901435,0.5559364945404112
0.44527072,0.4130417744337331,0.8501371188901435,0.5559658191787982
0.44530153,0.41299576736165544,0.8499758025487982,0.5558896449855807
0.44533736,0.41302814141255784,0.8499758025487982,0.5559189702464474
0.44539118,0.41306052053935405,0.8499758025487982,0.5559482986015118
0.44543055,0.41309290474323795,0.8499758025487982,0.555977630051264
0.4454312,0.4130468872510585,0.8498144862074528,0.5559014404047726
0.44564238,0.41307927546459655,0.8498144862074528,0.5559307724773984
0.4456531,0.4131116687578419,0.8498144862074528,0.5559601076455942
0.44566604,0.41314406713198965,0.8498144862074528,0.5559894459098499
0.44567096,0.4131764705882353,0.8498144862074528,0.5560187872706558
0.44569826,0.4132088791277747,0.8498144862074528,0.5560481317285021
0.44570062,0.4132412927518042,0.8498144862074528,0.5560774792838791
0.44572648,0.41327371146152037,0.8498144862074528,0.5561068299372774
0.44573575,0.4133061352581202,0.8498144862074528,0.5561361836891876
0.4457415,0.4133385641428011,0.8498144862074528,0.5561655405401003
0.44577384,0.41329252981795356,0.8496531698661074,0.5560893205929187
0.44579312,0.41332496272463315,0.8496531698661074,0.5561186780694573
0.44580778,0.4132789201067336,0.8494918535247621,0.5560424476000031
0.44592398,0.41323287026136096,0.8493305371834167,0.555966209080869
0.4459459,0.413265306122449,0.8493305371834167,0.5559955647073055
0.44596836,0.41349249980365976,0.8493305371834167,0.5562011409249767
0.44597566,0.4135249764373233,0.8493305371834167,0.5562305213666293
0.4460101,0.41355745817296363,0.8493305371834167,0.5562599049123962
0.44601798,0.41351139041633933,0.8491692208420712,0.5561836335776671
0.44614437,0.4134653154214785,0.8490079045007259,0.5561073541838368
0.4461492,0.41366030024365325,0.8490079045007259,0.5562836909413204
0.44621623,0.4136142116019494,0.8488465881593805,0.5562073886153831
0.44625705,0.41364672588632967,0.8488465881593805,0.556236786468904
0.4462633,0.41367924528301886,0.8488465881593805,0.5562661874301846
0.44626617,0.413874469089193,0.8488465881593805,0.5564426584884294
0.44629115,0.4141676505312869,0.8488465881593805,0.5567075751159367
0.4463079,0.41420025188916876,0.8488465881593805,0.5567370258684688
0.44645,0.41423285837991025,0.8488465881593805,0.5567664797371531
0.4465465,0.41459186889379135,0.8488465881593805,0.5570906781002419
0.446579,0.4148533585619678,0.8488465881593805,0.5573266959694789
0.44662553,0.4148860679649925,0.8488465881593805,0.5573562122652087
0.44663227,0.4149187825264154,0.8488465881593805,0.5573857316874992
0.4467273,0.4149515022474568,0.8488465881593805,0.557415254236847
0.44672927,0.4149842271293375,0.8488465881593805,0.5574447799137492
0.44680583,0.41501695717327863,0.8488465881593805,0.5574743087187028
0.44682375,0.41504969238050166,0.8488465881593805,0.557503840652205
0.44690686,0.41508243275222845,0.8488465881593805,0.5575333757147527
0.44698405,0.41503628905017353,0.8486852718180352,0.557456953641943
0.4470135,0.415069033530572,0.8486852718180352,0.557486489349988
0.44702238,0.41539676273193843,0.8486852718180352,0.55778201865944
0.4470693,0.41542956411876186,0.8486852718180352,0.557811588824242
0.44708416,0.4154623706862513,0.8486852718180352,0.5578411621244659
0.4471211,0.41549518243563416,0.8486852718180352,0.5578707385606105
0.44715333,0.4155279993681384,0.8486852718180352,0.5579003181331749
0.4472103,0.4155608214849921,0.8486852718180352,0.5579299008426575
0.44721508,0.41551465360613005,0.8485239554766898,0.5578534309042145
0.44721845,0.4157116889275271,0.8485239554766898,0.5580309781451134
0.4472566,0.41574454631678787,0.8485239554766898,0.5580605803401241
0.44732538,0.41577740890048215,0.8485239554766898,0.558090185675951
0.44733444,0.4158102766798419,0.8485239554766898,0.5581197941530945
0.44735214,0.4158431496560993,0.8485239554766898,0.5581494057720543
0.4473677,0.41587602783048705,0.8485239554766898,0.5581790205333305
0.4473887,0.4159089112042382,0.8485239554766898,0.5582086384374234
0.44753134,0.41594179977858614,0.8485239554766898,0.5582382594848331
0.44756982,0.4158956109134045,0.8483626391353444,0.5581617490974145
0.44759324,0.4159285036380892,0.8483626391353444,0.5581913708003863
0.4475962,0.415961401566084,0.8483626391353444,0.5582209956475788
0.44760537,0.41599430469862364,0.8483626391353444,0.5582506236394925
0.44764608,0.4160272130369433,0.8483626391353444,0.5582802547766285
0.44765896,0.4160601265822785,0.8483626391353444,0.5583098890594873
0.44769135,0.41609304533586516,0.8483626391353444,0.5583395264885699
0.4477056,0.4161259692989397,0.8483626391353444,0.5583691670643776
0.44773898,0.4161588984727388,0.8483626391353444,0.5583988107874114
0.44777557,0.4163895486935867,0.8483626391353444,0.5586064050131011
0.44779336,0.41642251959775123,0.8483626391353444,0.5586360739319993
0.44783545,0.4164554957237884,0.8483626391353444,0.558665746002639
0.44789475,0.4166534622088417,0.8483626391353444,0.558843844641182
0.44792733,0.4166864749227478,0.8483626391353444,0.558873538788081
0.44795644,0.41671949286846277,0.8483626391353444,0.5589032360907427
0.4480266,0.41675251604723035,0.8483626391353444,0.5589329365496697
0.44804448,0.4167855444602948,0.8483626391353444,0.5589626401653657
0.4480498,0.4168185781089007,0.8483626391353444,0.5589923469383337
0.44819793,0.41685161699429296,0.8483626391353444,0.5590220568690771
0.44820532,0.416884661117717,0.8483626391353444,0.5590517699580996
0.44827023,0.4169177104804186,0.8483626391353444,0.5590814862059048
0.44830453,0.41695076508364387,0.8483626391353444,0.5591112056129963
0.4483609,0.41711611675126903,0.8483626391353444,0.5592598500553883
0.44842765,0.41714920282382806,0.8483626391353444,0.5592895884287827
0.44843313,0.41710296684118675,0.8482013227939991,0.5592129752720919
0.44844478,0.4171360571201904,0.8482013227939991,0.559242714315661
0.44849753,0.41708981275785467,0.8480400064526536,0.5591660905170287
0.4485945,0.4170435610568912,0.8478786901113082,0.5590894585677953
0.4486163,0.4170766544992858,0.8478786901113082,0.559119195787016
0.44863942,0.4171097531941909,0.8478786901113082,0.5591489361697707
0.4487115,0.4170634920634921,0.8477173737699629,0.5590722910788707
0.44871247,0.4170965949678546,0.8477173737699629,0.5591020321306357
0.4487182,0.41729532279838005,0.8477173737699629,0.5592805449122866
0.4488961,0.4173284625158831,0.8477173737699629,0.5593103081257884
0.44891208,0.41728218568819,0.8475560574286175,0.5592336349117452
0.4489624,0.41723590150913425,0.8473947410872721,0.5591569535362017
0.44919702,0.4172690444038446,0.8473947410872721,0.5591867149239775
0.4492004,0.417222751827137,0.8472334247459268,0.5591100228877252
0.4492143,0.41725589894335424,0.8472334247459268,0.5591397849457944
0.44924912,0.4172890513268711,0.8472334247459268,0.5591695501725681
0.44929922,0.4173222089789432,0.8472334247459268,0.5591993185685527
0.4493222,0.41735537190082644,0.8472334247459268,0.5592290901342539
0.4493266,0.41730906778987525,0.8470721084045814,0.5591523799377964
0.4493271,0.4172627563185503,0.846910792063236,0.5590756615724238
0.44936773,0.4172959224227009,0.846910792063236,0.5591054313094619
0.44937304,0.4175614411834884,0.846910792063236,0.5593437033875823
0.4493918,0.41759465478841873,0.846910792063236,0.5593735016776782
0.4494154,0.41762787367751175,0.846910792063236,0.5594033031428713
0.44941607,0.4177940474295719,0.846910792063236,0.5595523581130667
0.4494335,0.4179270816748925,0.846910792063236,0.5596716592927722
0.4495148,0.4179603534750418,0.846910792063236,0.559701492536871
0.44951564,0.4179140127388535,0.8467494757218906,0.5596247134704248
0.4495346,0.41794728879687876,0.8467494757218906,0.5596545473926697
0.44953677,0.4179805701544832,0.8467494757218906,0.5596843844960121
0.44957873,0.418013856812933,0.8467494757218906,0.5597142247809608
0.44959435,0.4179675055750239,0.8465881593805452,0.5596374300182191
0.44959712,0.41800079649542016,0.8465881593805452,0.5596672709817478
0.44962063,0.41803409271945197,0.8465881593805452,0.5596971151278034
0.44962254,0.41806739424838685,0.8465881593805452,0.5597269624568952
0.44966498,0.418200653438521,0.8465881593805452,0.5598463836138095
0.44974223,0.4182339815109978,0.8465881593805452,0.5598762468657226
0.44975138,0.41826731489599106,0.8465881593805452,0.5599061133037289
0.44981277,0.41830065359477125,0.8465881593805452,0.5599359829283382
0.44982073,0.418333997608609,0.8465881593805452,0.5599658557400609
0.4498561,0.41836734693877553,0.8465881593805452,0.5599957317394068
0.44995582,0.4185007974481659,0.8465881593805452,0.5601152676232297
0.44995826,0.4184544222027275,0.8464268430391999,0.5600384245912959
0.44996777,0.41848779709682565,0.8464268430391999,0.5600683140306186
0.44998145,0.41852117731514715,0.8464268430391999,0.5600982066605307
0.4499828,0.4185545628589662,0.8464268430391999,0.5601281024815428
0.45005107,0.41858795372955726,0.8464268430391999,0.560158001494166
0.45009652,0.41862134992819533,0.8464268430391999,0.5601879036989112
0.45013645,0.41865475145615577,0.8464268430391999,0.56021780909629
0.45015886,0.41868815831471434,0.8464268430391999,0.5602477176868135
0.45016727,0.41872157050514724,0.8464268430391999,0.5602776294709932
0.45025364,0.41867517956903433,0.8462655266978545,0.5602007581820548
0.45027083,0.4188757585435963,0.8462655266978545,0.560380280937441
0.4503438,0.4189092070590114,0.8462655266978545,0.5604102125836826
0.45038122,0.41894266091678645,0.8462655266978545,0.560440147427579
0.45040607,0.4189761201182014,0.8462655266978545,0.5604700854696425
0.45049182,0.41900958466453675,0.8462655266978545,0.5605000267103856
0.4504919,0.41919757033248084,0.8461042103565091,0.560632782854562
0.4504981,0.4192310766525458,0.8461042103565091,0.5606627471935708
0.45056,0.41926458832933655,0.8461042103565091,0.5606927147357801
0.4507087,0.41966714674347894,0.8461042103565091,0.5610525752790132
0.45076618,0.4199695732244375,0.8461042103565091,0.5613227739721594
0.4508233,0.420003203074952,0.8461042103565091,0.5613528121149309
0.4508617,0.4200368383118443,0.8461042103565091,0.5613828534727451
0.45088297,0.42007047893640875,0.8461042103565091,0.5614128980461179
0.4508993,0.4203061142719769,0.8461042103565091,0.5616233001387576
0.45099896,0.4202596569963135,0.8459428940151638,0.5615462868764639
0.45106134,0.4202131922737838,0.8457815776738183,0.5614692653668728
0.45111665,0.42048279733739674,0.8457815776738183,0.5617098778654231
0.45115674,0.42051652229708053,0.8457815776738183,0.5617399689286826
0.4511878,0.4207189857165784,0.8457815776738183,0.5619205830336916
0.45120993,0.4207527485755557,0.8457815776738183,0.5619506966769411
0.4512497,0.4208202905530139,0.8457815776738183,0.5620109336473212
0.45127255,0.4207737999678921,0.845620261332473,0.5619338586049054
0.45129475,0.42072730191859997,0.8454589449911276,0.5618567752997277
0.45137843,0.4207610789980732,0.8454589449911276,0.5618868935937669
0.4514035,0.42079486150140505,0.8454589449911276,0.5619170151169572
0.45141122,0.4207483539425084,0.8452976286497822,0.5618399185113236
0.45147818,0.42070183891431784,0.8451363123084369,0.5617628136388442
0.451655,0.42073562479922905,0.8451363123084369,0.5617929333543361
0.45169196,0.4207694161111557,0.8451363123084369,0.5618230562998242
0.45170528,0.42100610736097716,0.8451363123084369,0.5620340074017982
0.4517068,0.42095957566503256,0.8449749959670915,0.5619568715798586
0.45178026,0.4209934094197074,0.8449749959670915,0.5619870178634047
0.4517945,0.42119652621421677,0.8449749959670915,0.562167963509081
0.45184484,0.4212303980699638,0.8449749959670915,0.5621981324456223
0.45189333,0.42136593998873784,0.8449749959670915,0.5623188405792661
0.45189714,0.4215354901014003,0.8449749959670915,0.562469798657274
0.4520285,0.421569416498994,0.8449749959670915,0.5624999999995559
0.452062,0.42152285898261427,0.844813679625746,0.562422810502697
0.45212945,0.421556789825324,0.844813679625746,0.5624530125653382
0.45213592,0.4215907261310578,0.844813679625746,0.5624832178718505
0.45220923,0.42154415908541987,0.8446523632844007,0.5624060150371498
0.45223048,0.4215780998389694,0.8446523632844007,0.5624362210640598
0.45230278,0.4216120460584588,0.8446523632844007,0.5624664303357895
0.45234492,0.42164599774520856,0.8446523632844007,0.5624966428528619
0.45251378,0.4215994201497946,0.8444910469430553,0.5624194241508235
0.45253882,0.42163337628865977,0.8444910469430553,0.562449637388758
0.4526032,0.4218712224997985,0.8444910469430553,0.5626612209797792
0.4526347,0.4221774193548387,0.8444910469430553,0.5629334910474614
0.45265114,0.42221146866682796,0.8444910469430553,0.5629637595435926
0.45266247,0.42224552347152766,0.8444910469430553,0.5629940312949258
0.4527493,0.422279583770267,0.8444910469430553,0.5630243063019862
0.45281592,0.4223136495643756,0.8444910469430553,0.563054584565299
0.45282704,0.4225181598062954,0.8444910469430553,0.5632363225559059
0.45285928,0.42255226410525465,0.8444910469430553,0.5632666236277026
0.45287308,0.42250565062964157,0.8443297306017099,0.5631893258724773
0.45290843,0.42253975942520383,0.8443297306017099,0.5632196276763013
0.452935,0.4224931374132085,0.8441684142603646,0.5631423190740779
0.45294493,0.42273204620728655,0.8441684142603646,0.5633545053284389
0.4530389,0.4227661980933915,0.8441684142603646,0.56338483070419
0.45308316,0.4230396119644301,0.8441684142603646,0.5636275512947245
0.45326352,0.4230738135661735,0.8441684142603646,0.5636579060745228
0.45327058,0.4230271668822768,0.8440070979190192,0.5635805461297863
0.45334986,0.4230613730088138,0.8440070979190192,0.5636109016477292
0.4535376,0.42326672599304266,0.8440070979190192,0.563793103447831
0.45372084,0.42330097087378643,0.8440070979190192,0.5638234818681903
0.4537445,0.42333522129622136,0.8440070979190192,0.5638538635624389
0.45390046,0.42336947726169283,0.8440070979190192,0.5638842485311065
0.45394203,0.4233228129804969,0.8438457815776739,0.5638068549251856
0.45397067,0.4232761411460019,0.8436844652363285,0.563729452977189
0.4540099,0.42331040064751113,0.8436844652363285,0.563759836153484
0.454072,0.42326372025254977,0.843523148894983,0.5636824233273187
0.45408517,0.4232979842953129,0.843523148894983,0.5637128072440569
0.45424944,0.42325129533678757,0.8433618325536377,0.5636353835368305
0.45428368,0.4232045988179095,0.8432005162122923,0.5635579514820348
0.45448914,0.4232388663967611,0.8432005162122923,0.5635883336024445
0.45449427,0.4234788949201977,0.8432005162122923,0.563801100204495
0.45454824,0.42368485044986626,0.8432005162122923,0.5639835994816437
0.4545799,0.42371919584954604,0.8432005162122923,0.564014027515066
0.4547795,0.4236724766923389,0.8430391998709469,0.5639365490445531
0.45478868,0.4237068266580185,0.8430391998709469,0.563966977822897
0.45489967,0.42366009892159245,0.8428778835296016,0.5638894884519614
0.4549184,0.4236944534544275,0.8428778835296016,0.5639199179748394
0.45492047,0.423728813559322,0.8428778835296016,0.5639503507820696
0.45494407,0.4237631792376318,0.8428778835296016,0.5639807868741836
0.45494938,0.42379755049071294,0.8428778835296016,0.5640112262517135
0.45496112,0.42383192731992214,0.8428778835296016,0.5640416689151914
0.45498797,0.42410714285714285,0.8428778835296016,0.5642853285810115
0.45516968,0.4241415699326244,0.8428778835296016,0.5643158008419782
0.45523027,0.42417600259782434,0.8428778835296016,0.564346276394219
0.45526597,0.4242104408541041,0.8428778835296016,0.564376755238267
0.45528284,0.42416368950958105,0.8427165671882562,0.5642992168507563
0.45537013,0.4241169305724726,0.8425552508469107,0.5642216700870558
0.45551735,0.4241513724216339,0.8425552508469107,0.5642521471394022
0.45556936,0.42418581986518317,0.8425552508469107,0.5642826274844291
0.45565516,0.42422027290448344,0.8425552508469107,0.5643131111226705
0.45565924,0.4242547315408984,0.8425552508469107,0.5643435980546598
0.4557275,0.4242079610073111,0.8423939345055654,0.5642660327403832
0.45575163,0.42424242424242425,0.8423939345055654,0.5642965204231551
0.45580304,0.4242768930776731,0.8423939345055654,0.5643270114006459
0.45583963,0.42431136751442267,0.8423939345055654,0.5643575056733899
0.45588833,0.4243458475540387,0.8423939345055654,0.5643880032419214
0.45591658,0.42438033319788704,0.8423939345055654,0.5644185041067744
0.45591828,0.4244148244473342,0.8423939345055654,0.5644490082684838
0.4560135,0.4244493213037471,0.8423939345055654,0.5644795157275838
0.45601442,0.4244838237684929,0.8423939345055654,0.5645100264846092
0.45622346,0.4245183318429396,0.8423939345055654,0.5645405405400948
0.456246,0.4244715447154472,0.84223261816422,0.5644629439424702
0.45634177,0.42450605740304087,0.84223261816422,0.5644934587518519
0.4563755,0.4245405757033664,0.84223261816422,0.5645239768606669
0.45648193,0.42449377897048063,0.8420713018228747,0.5644463667815612
0.4565866,0.42452830188679247,0.8420713018228747,0.5644768856443232
0.4566215,0.42456283041886944,0.8420713018228747,0.564507407807492
0.45664555,0.4248046875,0.8420713018228747,0.5647211554060562
0.45666185,0.42483926100756897,0.8420713018228747,0.5647517039917644
0.45668104,0.42487384014325247,0.8420713018228747,0.5647822558827027
0.45668438,0.4249084249084249,0.8420713018228747,0.5648128110794071
0.45669287,0.4249430153044611,0.8420713018228747,0.5648433695824141
0.4567837,0.42489619799723194,0.8419099854815293,0.5647657179954421
0.4567849,0.42493079303045106,0.8419099854815293,0.5647962772572782
0.45696676,0.42488396710365606,0.8417486691401839,0.5647186147181689
0.4569765,0.4248371335504886,0.8415873527988386,0.5646409437735678
0.45707133,0.4248717322257513,0.8415873527988386,0.5646715012442777
0.45707405,0.42490633653689525,0.8415873527988386,0.5647020620226098
0.45717904,0.4248594933615704,0.8414260364574931,0.5646243775704568
0.45718178,0.42489410231345714,0.8414260364574931,0.5646549391064553
0.457492,0.42492871690427697,0.8414260364574931,0.5646855039510534
0.45758134,0.42517117704597324,0.8414260364574931,0.564899550549183
0.45758274,0.4252058367979131,0.8414260364574931,0.5649301418819324
0.45761675,0.42515897603130604,0.8412647201161477,0.5648524235034803
0.45763597,0.4251936404402772,0.8412647201161477,0.5648830155974742
0.45764205,0.425146771037182,0.8411034037748024,0.564805286247726
0.45767686,0.425181440104379,0.8411034037748024,0.5648358791025764
0.45768434,0.4251345620616539,0.840942087433457,0.5647581387786015
0.4576983,0.4254468293479148,0.840942087433457,0.5650336006932455
0.45772004,0.4254815540319948,0.840942087433457,0.5650642241608459
0.4577944,0.42551628438494815,0.840942087433457,0.5650948509480632
0.45786622,0.42572478562678645,0.840942087433457,0.5652786814135636
0.45788786,0.4257595557007514,0.840942087433457,0.5653093314532217
0.45791844,0.4257943314547088,0.840942087433457,0.5653399848168186
0.45797744,0.42582911289005065,0.840942087433457,0.565370641504895
0.45807767,0.42586390000816926,0.840942087433457,0.5654013015179918
0.45811835,0.4262817891896312,0.840942087433457,0.5657694812237775
0.45811862,0.42631665031076216,0.840942087433457,0.5658001845114111
0.45816785,0.42659574468085104,0.840942087433457,0.5660459308318462
0.45818207,0.4267703643061809,0.840942087433457,0.5661996307153131
0.45819658,0.4268053053872605,0.840942087433457,0.5662303807088348
0.45825934,0.42675837222631624,0.8407807710921116,0.5661525092326621
0.45832747,0.42679331804782183,0.8407807710921116,0.5661832600071575
0.4584044,0.4268282695929899,0.8407807710921116,0.5662140141223126
0.45842865,0.42686322686322686,0.8407807710921116,0.5662447715786723
0.45844162,0.42681628306986646,0.8406194547507663,0.5661668839630474
0.45857522,0.4269211863018188,0.8406194547507663,0.5662591687037097
0.45867845,0.4269561655059402,0.8406194547507663,0.5662899369697771
0.4587043,0.4269911504424779,0.8406194547507663,0.5663207085796761
0.45872104,0.42694419405064327,0.8404581384094209,0.5662427996952384
0.45878255,0.4268972299623013,0.8402968220680755,0.5661648823429041
0.45885232,0.42693221867060077,0.8402968220680755,0.5661956521734662
0.4588913,0.42688524590163934,0.8401355057267301,0.5661177237888896
0.4588957,0.4269202393638823,0.8401355057267301,0.5661484944011186
0.45892093,0.426955238563699,0.8401355057267301,0.5661792683585247
0.45901266,0.4269902435025006,0.8401355057267301,0.5662100456616536
0.4590369,0.42694326008527383,0.8399741893853847,0.5661321011139864
0.45904487,0.4269782697826978,0.8399741893853847,0.5661628791992921
0.4590602,0.42701328522224047,0.8399741893853847,0.5661936606313153
0.45922872,0.4272936156244871,0.8399741893853847,0.5664400326348535
0.45923188,0.4273286828067296,0.8399741893853847,0.5664708442119116
0.4593919,0.42736375574523966,0.8399741893853847,0.5665016591411512
0.45939812,0.4273988344414348,0.8399741893853847,0.5665324774231195
0.4594246,0.4274339188967329,0.8399741893853847,0.5665632990583637
0.4594259,0.4274690091125523,0.8399741893853847,0.5665941240474309
0.45943558,0.427504105090312,0.8399741893853847,0.5666249523908691
0.4594698,0.42753920683143115,0.8399741893853847,0.5666557840892252
0.45949793,0.4275743143373296,0.8399741893853847,0.5666866191430475
0.45959547,0.42752730557608604,0.8398128730440394,0.5666086199386038
0.45960572,0.42756241787122207,0.8398128730440394,0.5666394557818657
0.45965257,0.42759753593429156,0.8398128730440394,0.5666702949815927
0.45969188,0.42763265976671594,0.8398128730440394,0.5667011375383325
0.45972654,0.427667789369917,0.8398128730440394,0.5667319834526335
0.4597337,0.4277029247453171,0.8398128730440394,0.5667628327250441
0.45973983,0.427738065894339,0.8398128730440394,0.5667936853561124
0.459853,0.42784352399737013,0.8398128730440394,0.5668862634067504
0.45989233,0.428054596283506,0.8398128730440394,0.5670715102658781
0.45993155,0.42823064900880153,0.8398128730440394,0.5672259751575391
0.459954,0.42826587693320173,0.8398128730440394,0.567256878234366
0.46001136,0.42830111065405185,0.8398128730440394,0.5672877846786417
0.46010643,0.4284421035305736,0.8398128730440394,0.567411444141242
0.46012172,0.42847736625514404,0.8398128730440394,0.5674423674310202
0.4601508,0.42851263478475593,0.8398128730440394,0.5674732940915516
0.46015656,0.42854790912084295,0.8398128730440394,0.5675042241233875
0.46024588,0.42858318926483907,0.8398128730440394,0.567535157527079
0.4602828,0.4286184752181788,0.8398128730440394,0.5675660943031775
0.46030107,0.42857142857142855,0.839651556702694,0.5674880069773108
0.46037662,0.42860671936758893,0.839651556702694,0.567518944556059
0.46044025,0.42864201597628265,0.839651556702694,0.5675498855082212
0.46047378,0.4289599472556453,0.839651556702694,0.5678285059723882
0.4605488,0.4293137578356978,0.839651556702694,0.5681384052825299
0.46055558,0.42934917099727793,0.839651556702694,0.5681694138190043
0.46060035,0.4293845900016499,0.839651556702694,0.5682004257405053
0.460608,0.4294200148502599,0.839651556702694,0.568231441047587
0.4606206,0.42945544554455445,0.839651556702694,0.5682624597408045
0.4606919,0.4294908820859807,0.839651556702694,0.5682934818207116
0.46076864,0.4296681525507677,0.839651556702694,0.5684486430400152
0.4607977,0.42970362420539915,0.839651556702694,0.5684796854517146
0.46092173,0.42973910171730517,0.839651556702694,0.5685107312539893
0.46092245,0.4300231328486451,0.839651556702694,0.5687592197995848
0.46095112,0.4300586631413699,0.839651556702694,0.56879029614205
0.46096626,0.43009419930589987,0.839651556702694,0.5688213758806514
0.4609727,0.4303787001819084,0.839651556702694,0.5690701361171926
0.46101168,0.43033159679153227,0.8394902403613486,0.5689919090308223
0.4610308,0.4303671849156467,0.8394902403613486,0.5690230167837627
0.4610357,0.4306164666942491,0.8394902403613486,0.5692408663307704
0.46108085,0.4306521019529957,0.8394902403613486,0.5692720013122465
0.46116647,0.4306049822064057,0.8393289240200033,0.5691937424784927
0.46116662,0.4306406224135077,0.8393289240200033,0.5692248782884857
0.46119747,0.43059349391606655,0.8391676076786578,0.5691466083146502
0.46125832,0.4310930637275213,0.8391676076786578,0.569582831489752
0.46126938,0.4311287916459473,0.8391676076786578,0.5696140158769126
0.4612836,0.4310816411106506,0.8390062913373124,0.5695356986416891
0.46129054,0.43103448275862066,0.8388449749959671,0.5694573728298642
0.4613328,0.4311774461028192,0.8388449749959671,0.5695821238836635
0.46142954,0.4312132017580231,0.8388449749959671,0.5696133201879621
0.4614921,0.4311660308508874,0.8386836586546217,0.5695349728866632
0.46161348,0.4312017914904205,0.8386836586546217,0.5695661700258442
0.46165535,0.43115461181154613,0.8385223423132764,0.5694878115580286
0.46167704,0.43119037743674826,0.8385223423132764,0.5695190095317089
0.46170962,0.43122614899618383,0.8385223423132764,0.5695502109237831
0.46173808,0.4315483603154836,0.8385223423132764,0.5698311773729343
0.4619545,0.4315841912985719,0.8385223423132764,0.5698624129798725
0.4620113,0.43162002823216805,0.8385223423132764,0.5698936520113921
0.4620594,0.43165587111775455,0.8385223423132764,0.5699248944680564
0.4620963,0.4316917199568142,0.8385223423132764,0.5699561403504284
0.4621016,0.43172757475083057,0.8385223423132764,0.569987389659072
0.46217492,0.43197872517244246,0.8385223423132764,0.5702062308025349
0.4621783,0.4322301679693996,0.8385223423132764,0.5704252400544207
0.46218798,0.4322661122661123,0.8385223423132764,0.5704565408248364
0.46231186,0.4323020625415835,0.8385223423132764,0.5704878450305559
0.46235165,0.43233801879730516,0.8385223423132764,0.5705191526721446
0.4623517,0.4323739810347696,0.8385223423132764,0.5705504637501685
0.4623612,0.4324099492554696,0.8385223423132764,0.5705817782651932
0.46249574,0.4324459234608985,0.8385223423132764,0.5706130962177847
0.46265435,0.4324819036525501,0.8385223423132764,0.5706444176085093
0.46268824,0.4325178898319188,0.8385223423132764,0.5706757424379327
0.4627499,0.43255388200049927,0.8385223423132764,0.5707070707066216
0.4630273,0.43258988015978694,0.8385223423132764,0.5707384024151425
0.46303138,0.4326258843112776,0.8385223423132764,0.5707697375640618
0.46307278,0.43266189445646747,0.8385223423132764,0.5708010761539462
0.46312085,0.4326979105968534,0.8385223423132764,0.5708324181853626
0.46317518,0.43273393273393274,0.8385223423132764,0.5708637636588776
0.46321955,0.4327699608692032,0.8385223423132764,0.5708951125750588
0.4633177,0.4328059950041632,0.8385223423132764,0.5709264649344732
0.4633215,0.4330944842526246,0.8385223423132764,0.5711774078342852
0.46332487,0.43331110370123377,0.8385223423132764,0.5713657598236782
0.46333,0.4333472280116715,0.8385223423132764,0.5713971638997376
0.46335775,0.43360026693360026,0.8385223423132764,0.5716170891291487
0.4634245,0.4336364394760991,0.8385223423132764,0.5716485208397574
0.46346673,0.43358918738528285,0.838361025971931,0.5715699752538811
0.46356586,0.4336253650396329,0.838361025971931,0.5716014078306109
0.4636813,0.4335781041388518,0.8381997096305855,0.5715228510142346
0.46371397,0.4336142869064508,0.8381997096305855,0.5715542844567061
0.46372423,0.43365047571357035,0.8381997096305855,0.5715857213570116
0.4637761,0.4336866705617227,0.8381997096305855,0.5716171617157222
0.46382356,0.4337228714524207,0.8381997096305855,0.5716486055334083
0.46383244,0.4337590783871776,0.8381997096305855,0.5716800528106408
0.46390963,0.4337952913675071,0.8381997096305855,0.5717115035479908
0.4639274,0.4337480170326459,0.8380383932892402,0.5716329225347618
0.46394232,0.43378423513694053,0.8380383932892402,0.5716643741398532
0.46395352,0.43382045929018787,0.8380383932892402,0.5716958292061093
0.46399766,0.43377317521296144,0.8378770769478948,0.5716172343582144
0.4640664,0.4338094044934436,0.8378770769478948,0.5716486902923085
0.46406972,0.4338456398262613,0.8378770769478948,0.5716801496886155
0.4641706,0.4337983460028402,0.8377157606065494,0.5716015410012014
0.4642518,0.43408843935467695,0.8377157606065494,0.5718533201184799
0.46426997,0.4341247283063033,0.8377157606065494,0.5718848081048308
0.46434155,0.43416102332580886,0.8377157606065494,0.5719162995590217
0.46440327,0.43411371237458196,0.8375544442652041,0.5718376562581549
0.46443957,0.43436794110265203,0.8375544442652041,0.5720581754072188
0.46448344,0.4344042838018742,0.8375544442652041,0.5720896920275376
0.46455604,0.43444063258304744,0.8375544442652041,0.5721212121207623
0.4645955,0.43447698744769875,0.8375544442652041,0.5721527356874668
0.46462968,0.43451334839735545,0.8375544442652041,0.5721842627282256
0.4647967,0.43454971543354537,0.8375544442652041,0.5722157932436126
0.46482235,0.43450238553611786,0.8373931279238587,0.5721371101064607
0.46491665,0.43453875774317763,0.8373931279238587,0.5721686414985857
0.4649222,0.43457513604018416,0.8373931279238587,0.5722001763663932
0.4649318,0.43461152042866713,0.8373931279238587,0.5722317147104579
0.46496642,0.4346479109101566,0.8373931279238587,0.5722632565313547
0.4650186,0.4346843074861832,0.8373931279238587,0.5722948018296586
0.46503678,0.43463696507830163,0.8372318115825134,0.5722160970227033
0.46517712,0.4345896147403685,0.8370704952411679,0.5721373835377825
0.46519378,0.43454225647039113,0.8369091788998225,0.5720586613734612
0.4652822,0.43457865639135534,0.8369091788998225,0.5720902023483398
0.46531296,0.434615062410991,0.8369091788998225,0.5721217468014909
0.4653781,0.4346514745308311,0.8369091788998225,0.5721532947334899
0.46539256,0.4346878927524089,0.8369091788998225,0.5721848461449123
0.46551004,0.4347243170772582,0.8369091788998225,0.5722164010363338
0.46556005,0.4347607475069136,0.8369091788998225,0.5722479594083301
0.46561903,0.43479718404290985,0.8369091788998225,0.5722795212614771
0.46562272,0.43474981141563995,0.8367478625584772,0.5722007722003222
0.4656475,0.43478625314333613,0.8367478625584772,0.5722323349325302
0.46568647,0.43473887165730574,0.8365865462171318,0.572153574580309
0.4657402,0.4347753185781355,0.8365865462171318,0.5721851381911977
0.46575674,0.4350671140939597,0.8365865462171318,0.5724377725035511
0.46582422,0.43532275665239656,0.8365865462171318,0.5726590106002565
0.46582875,0.43535930154466085,0.8365865462171318,0.5726906300034148
0.46586928,0.43539585257325164,0.8365865462171318,0.5727222528985006
0.46587425,0.43543240973971453,0.8365865462171318,0.5727538792860923
0.4658844,0.4357250882204671,0.8365865462171318,0.5730070161865006
0.46594742,0.43567767414502984,0.8364252298757864,0.5729281767951296
0.4659798,0.43563025210084033,0.8362639135344411,0.5728493286917425
0.46608913,0.4356668627615766,0.8362639135344411,0.5728809813234528
0.46620968,0.43614336193841496,0.8362639135344411,0.5732927840747499
0.46628028,0.436095919225915,0.8361025971930957,0.5732138907316883
0.46630067,0.4363529213672335,0.8361025971930957,0.5734358577193036
0.46631792,0.4363054643428475,0.8359412808517502,0.5733569373750749
0.4663534,0.4363422027618727,0.8359412808517502,0.5733886583674607
0.46638107,0.43637894736842103,0.8359412808517502,0.5734203828699708
0.4664121,0.4365259877011204,0.8359412808517502,0.5735473159929084
0.46642172,0.4365627632687447,0.8359412808517502,0.5735790580547819
0.46652243,0.43659954503327997,0.8359412808517502,0.5736108036302775
0.46652696,0.43663633299629256,0.8359412808517502,0.5736425527199788
0.46656644,0.4368203658433786,0.8359412808517502,0.5738013509019962
0.46658704,0.43703078869675244,0.8357799645104049,0.5739448321697053
0.46659827,0.4370676564872617,0.8357799645104049,0.573976624383308
0.46662742,0.4372520887838636,0.8357799645104049,0.5741356382974213
0.4666806,0.43720459149223495,0.8356186481690595,0.5740566299103375
0.46677533,0.4375369541346398,0.8356186481690595,0.5743430535531578
0.46678212,0.4375739145125866,0.8356186481690595,0.5743748960465633
0.46680474,0.43761088113542285,0.8356186481690595,0.5744067420709615
0.46699122,0.43764785400473133,0.8356186481690595,0.57443859162694
0.46704394,0.4376848331220955,0.8356186481690595,0.5744704447150861
0.46704936,0.4377218184890992,0.8356186481690595,0.5745023013359875
0.46705407,0.437758810107327,0.8356186481690595,0.574534161490232
0.46706355,0.43798089118119554,0.8356186481690595,0.574725396648833
0.46708512,0.43801792660240146,0.8356186481690595,0.5747572815529467
0.46718913,0.43797040169133195,0.8354573318277142,0.5746782068348794
0.46719065,0.4379228687415426,0.8352960154863688,0.5745991233419445
0.46719414,0.43795990865262624,0.8352960154863688,0.5746310065471018
0.4672406,0.437996954829978,0.8352960154863688,0.574662893290709
0.46735182,0.4380340072751882,0.8352960154863688,0.5746947835733555
0.4673749,0.43807106598984774,0.8352960154863688,0.5747266773956305
0.46739942,0.43810813097554785,0.8352960154863688,0.5747585747581234
0.46743557,0.43814520223388054,0.8352960154863688,0.5747904756614235
0.46747568,0.4381822797664382,0.8352960154863688,0.5748223801061205
0.46751592,0.4383097637395207,0.834973382803678,0.5748556197241154
0.46751747,0.4383468834688347,0.834973382803678,0.5748875437325413
0.46754885,0.4383840094858982,0.834973382803678,0.5749194712868971
0.46757594,0.43833643909876335,0.8348120664623326,0.5748403221322894
0.46771538,0.43863366672317344,0.8348120664623326,0.5750958493077665
0.4677548,0.4386708485208104,0.8348120664623326,0.5751278061786993
0.46782446,0.43870803662258395,0.8348120664623326,0.5751597666013821
0.46782753,0.4386604493429419,0.8346507501209872,0.5750805824159094
0.4678451,0.43869764286925556,0.8346507501209872,0.5751125437665688
0.467847,0.43873484270329854,0.8346507501209872,0.5751445086700684
0.46784762,0.4387720488466757,0.8346507501209872,0.5751764771270009
0.46785906,0.4388092613009923,0.8346507501209872,0.5752084491379585
0.4679455,0.43910718832215906,0.8346507501209872,0.5754643532416792
0.4679627,0.4391444576472585,0.8346507501209872,0.5754963572655512
0.46802962,0.4391817332993804,0.8346507501209872,0.5755283648493813
0.4680723,0.43921901528013585,0.8346507501209872,0.5755603759937636
0.46822637,0.43925630359113677,0.8346507501209872,0.5755923906992922
0.4684413,0.4392935982339956,0.8346507501209872,0.5756244089665615
0.46849206,0.4393308992103252,0.8346507501209872,0.5756564307961658
0.46851018,0.43966689326988445,0.8346507501209872,0.5759447876658251
0.4685367,0.4397042576697544,0.8346507501209872,0.5759768451515017
0.46872342,0.4397416284208737,0.8346507501209872,0.5760089062060606
0.46875945,0.4397790055248619,0.8346507501209872,0.576040970830098
0.46880692,0.439816388983339,0.8346507501209872,0.5760730390242097
0.46882895,0.44004082326926347,0.8346507501209872,0.5762655231938454
0.46891412,0.44007825125457173,0.8346507501209872,0.5762976163951816
0.46900162,0.44037790450251085,0.8346507501209872,0.5765544907506064
0.46900588,0.4404153898535921,0.8346507501209872,0.5765866161470933
0.46926177,0.44045288158678814,0.8346507501209872,0.5766187451238094
0.46928987,0.44049037970372895,0.8346507501209872,0.5766508776813533
0.46935457,0.4405278842060451,0.8346507501209872,0.5766830138203234
0.4694218,0.44086571233810495,0.8346507501209872,0.5769724003340889
0.4695033,0.44090328078397956,0.8346507501209872,0.5770045723202792
0.4695829,0.4409408556332027,0.8346507501209872,0.57703674789449
0.46962684,0.44097843688741156,0.8346507501209872,0.5770689270573214
0.46966544,0.44093078758949883,0.8344894337796419,0.5769895711333382
0.4697458,0.4408831301679311,0.8343281174382965,0.5769102063576067
0.46979415,0.440920716112532,0.8343281174382965,0.5769423838469456
0.4698391,0.4409583084661949,0.8343281174382965,0.5769745649259197
0.46986905,0.44099590723055937,0.8343281174382965,0.5770067495951297
0.47008646,0.4410335124072653,0.8343281174382965,0.5770389378551762
0.4701301,0.44129692832764505,0.8343281174382965,0.5772643562694286
0.470179,0.4413345848621896,0.8343281174382965,0.5772965732778151
0.47018525,0.44137224782386075,0.8343281174382965,0.577328793882452
0.47026744,0.4417115039713041,0.8343281174382965,0.5776189412548521
0.47026956,0.4417492312948411,0.8343281174382965,0.5776511978551344
0.4702744,0.4417869650636371,0.8343281174382965,0.5776834580582986
0.47030562,0.4418247052793439,0.8343281174382965,0.5777157218649479
0.47032398,0.44186245194361384,0.8343281174382965,0.5777479892756867
0.47035113,0.4419002050580998,0.8343281174382965,0.5777802602911185
0.47045755,0.4419379646244553,0.8343281174382965,0.5778125349118475
0.47055697,0.4419757306443343,0.8343281174382965,0.5778448131384781
0.47063926,0.4420135031193915,0.8343281174382965,0.5778770949716142
0.4708109,0.44224027362120566,0.8343281174382965,0.5780708617409129
0.47115967,0.4424672769270254,0.8343281174382965,0.5782647584968637
0.4712697,0.44250513347022585,0.8343281174382965,0.5782970872696315
0.47130623,0.44254299649182854,0.8343281174382965,0.57832941965738
0.4713654,0.4425808659934965,0.8343281174382965,0.5783617556607156
0.47138885,0.4428461340868225,0.8343281174382965,0.5785882089714677
0.47140342,0.44279842438773764,0.8341668010969511,0.5785086983270067
0.47144938,0.44275070651708487,0.8340054847556058,0.5784291787867477
0.47145456,0.44278862624186366,0.8340054847556058,0.5784615384610854
0.47156417,0.4428265524625268,0.8340054847556058,0.5784939017562886
0.4716048,0.4428644851807435,0.8340054847556058,0.5785262686729649
0.47178945,0.44290242439818384,0.8340054847556058,0.5785586392117223
0.47179216,0.44294037011651816,0.8340054847556058,0.578591013373169
0.47179875,0.4430542462935984,0.8340054847556058,0.5786881575997259
0.47184926,0.44309221803222487,0.8340054847556058,0.5787205462580122
0.4718695,0.4431301962801063,0.8340054847556058,0.5787529385420297
0.47187272,0.44316818103891653,0.8340054847556058,0.5787853344523876
0.47188303,0.44347229370389435,0.8340054847556058,0.5790446323566055
0.47189045,0.4435103371364845,0.8340054847556058,0.5790770609314463
0.47190246,0.44346259437199725,0.8338441684142603,0.5789974796971104
0.47192848,0.4435006435006435,0.8338441684142603,0.5790299092635771
0.47195637,0.443538699159087,0.8338441684142603,0.5790623424629981
0.4719625,0.44357676134900886,0.8338441684142603,0.579094779295984
0.47202173,0.4436148300720906,0.8338441684142603,0.5791272197631453
0.472288,0.4436529053300146,0.8338441684142603,0.5791596638650928
0.47231293,0.44369098712446353,0.8338441684142603,0.5791921116024374
0.47234973,0.4439196152524906,0.8338441684142603,0.579386874404075
0.47236046,0.443957742849781,0.8338441684142603,0.5794193476063171
0.47242314,0.44399587699707954,0.8338441684142603,0.5794518244488487
0.47247115,0.44426299957026216,0.8338441684142603,0.5796792643261136
0.4725524,0.4443011861784425,0.8338441684142603,0.5797117703130101
0.4725578,0.44433937935184387,0.8338441684142603,0.5797442799457105
0.47259355,0.4442916093535076,0.833682852072915,0.5796646290164272
0.47261542,0.44432980827099994,0.833682852072915,0.5796971396518178
0.47270235,0.44436801375752366,0.833682852072915,0.5797296539341473
0.47277012,0.4444062258147734,0.833682852072915,0.5797621718640292
0.4727946,0.44435844513243894,0.8335215357315696,0.5796825040664112
0.47284645,0.4443966629397093,0.8335215357315696,0.5797150229996586
0.47286847,0.44443488732152076,0.8335215357315696,0.5797475455815939
0.4728841,0.44447311827956987,0.8335215357315696,0.5797800718128316
0.47298583,0.4444253269098417,0.8333602193902242,0.5797003871397584
0.47299683,0.44446356362384926,0.8333602193902242,0.5797329143750372
0.4730011,0.4445018069179143,0.8333602193902242,0.5797654452607548
0.47301185,0.44469312214857537,0.8333602193902242,0.5799281544674402
0.47314793,0.4447314049586777,0.8333602193902242,0.5799607072687015
0.47327563,0.44476969436074043,0.8333602193902242,0.5799932637247063
0.47328344,0.44480799035646634,0.8333602193902242,0.58002582383607
0.47330457,0.44476018255403427,0.8331989030488789,0.5799461037498268
0.47347277,0.4447984843265587,0.8331989030488789,0.5799786648695703
0.47363114,0.44483679269658083,0.8331989030488789,0.5800112296458123
0.47369197,0.44487510766580535,0.8331989030488789,0.5800437980791688
0.47377735,0.44491342923593763,0.8331989030488789,0.5800763701702559
0.4738236,0.44495175740868365,0.8331989030488789,0.5801089459196899
0.4738415,0.44525862068965516,0.8331989030488789,0.5803696836896409
0.47384593,0.4452970083627899,0.8331989030488789,0.5804022923919497
0.4739059,0.44524918089325743,0.8330375867075335,0.5803225262680181
0.47394508,0.44528757437268257,0.8330375867075335,0.5803551359851608
0.47406164,0.44532597447395655,0.8330375867075335,0.5803877493673459
0.47411427,0.4453650958052822,0.8323923213421519,0.5802642676408165
0.4741428,0.44540353905912816,0.8323923213421519,0.5802968960859155
0.47425133,0.4457498272287491,0.8323923213421519,0.5805907172991238
0.47435468,0.44578833693304537,0.8323923213421519,0.5806233824683202
0.47438905,0.4457404527388975,0.8322310050008066,0.5805435210708336
0.47442713,0.44608733246865545,0.8322310050008066,0.5808376491776587
0.4745097,0.44643475250951886,0.8322310050008066,0.5811320754712436
0.47461352,0.4464733881436608,0.8322310050008066,0.5811648079301526
0.47471538,0.4465120304656396,0.8322310050008066,0.5811975440766028
0.4747916,0.44655067947719207,0.8322310050008066,0.5812302839112174
0.4747955,0.4465893351800554,0.8322310050008066,0.5812630274346196
0.47485456,0.44662799757596744,0.8322310050008066,0.5812957746474328
0.47486758,0.4465800865800866,0.8320696886594612,0.5812158431456381
0.47488818,0.44677349501948893,0.8320696886594612,0.5813796212799782
0.47504097,0.4468121968121968,0.8320696886594612,0.581412387983539
0.47508708,0.4471995838390844,0.8320696886594612,0.5817402582750767
0.475129,0.44723835949015867,0.8320696886594612,0.5817730656435787
0.47521925,0.4471904266389178,0.8319083723181159,0.5816930799160756
0.4752557,0.44722920822131645,0.8319083723181159,0.5817258883244183
0.47533676,0.44726799653078925,0.8319083723181159,0.5817587004338619
0.4753373,0.44730679156908665,0.8319083723181159,0.5817915162450326
0.4753682,0.44734559333795976,0.8319083723181159,0.5818243357585567
0.4754764,0.44729764899800467,0.8317470559767705,0.581744330361725
0.4755911,0.4472496963387125,0.831585739635425,0.5816643159374858
0.47560227,0.4472885032537961,0.831585739635425,0.5816971338293804
0.47561106,0.44732731690385286,0.831585739635425,0.5817299554246989
0.47570863,0.4473661372906361,0.831585739635425,0.5817627807240682
0.47576582,0.4474049644159,0.831585739635425,0.5817956097281156
0.47597098,0.4474437982813992,0.831585739635425,0.5818284424374683
0.4759953,0.4474826388888889,0.831585739635425,0.5818612788527534
0.47599918,0.447521486240125,0.831585739635425,0.5818941189745986
0.476033,0.44756034033686404,0.831585739635425,0.5819269628036314
0.4760653,0.44759920118086305,0.831585739635425,0.5819598103404797
0.47607687,0.4476380687738798,0.831585739635425,0.5819926615857713
0.47608045,0.4476769431176726,0.831585739635425,0.5820255165401343
0.47611877,0.44771582421400036,0.831585739635425,0.582058375204197
0.47613114,0.4477547120646226,0.831585739635425,0.5820912375785875
0.47614822,0.4477936066712995,0.831585739635425,0.5821241036639343
0.47616315,0.44783250803579183,0.831585739635425,0.5821569734608663
0.47619694,0.4477845351867941,0.8314244232940797,0.5820769100452844
0.47627735,0.4478234425232427,0.8314244232940797,0.5821097808895381
0.4763891,0.4478623566214807,0.8314244232940797,0.5821426554465432
0.47653577,0.4479012774832711,0.8314244232940797,0.5821755337169288
0.4765402,0.44785329393359985,0.8312631069527343,0.5820954532613354
0.476573,0.44820387927285377,0.8312631069527343,0.5823915009037038
0.476674,0.4482428670842032,0.8312631069527343,0.5824244136757245
0.47667962,0.4481948673336233,0.8311017906113889,0.5823442975015227
0.4767138,0.4482338611449452,0.8311017906113889,0.582377211326058
0.47682205,0.4482728617419299,0.8311017906113889,0.5824101288713512
0.47689956,0.44831186912634874,0.8311017906113889,0.5824430501380331
0.47690633,0.4483508832999739,0.8311017906113889,0.5824759751267352
0.47690812,0.44830287206266317,0.8309404742700436,0.5823958392216602
0.4769384,0.4486152238286013,0.8309404742700436,0.5826593518461597
0.47695163,0.44904541888239907,0.8309404742700436,0.583022071306845
0.4769756,0.44943722188290725,0.8309404742700436,0.5833522083800652
0.47713643,0.4493891797556719,0.8307791579286982,0.583271985955714
0.4771704,0.4494283968932717,0.8307791579286982,0.5833050175553265
0.4772107,0.44938034561005413,0.8306178415873527,0.583224783371578
0.47721785,0.4494195688225539,0.8306178415873527,0.5832578160394175
0.4772518,0.4494587988826816,0.8306178415873527,0.5832908524492753
0.47726798,0.44941073766914014,0.8304565252460074,0.5832106038287048
0.47729072,0.44944997380827656,0.8304565252460074,0.5832436413069707
0.47730172,0.44948921679909193,0.8304565252460074,0.5832766825284361
0.47733983,0.4495284666433811,0.8304565252460074,0.5833097274937371
0.47752157,0.4494803947253515,0.830295208904662,0.5832294617559183
0.47757867,0.4495196506550218,0.830295208904662,0.5832625077903538
0.47766972,0.44955891344222204,0.830295208904662,0.5832955575698071
0.47777113,0.4495981830887491,0.830295208904662,0.5833286110949145
0.477816,0.4496374595964008,0.830295208904662,0.5833616683663129
0.47793058,0.44967674296697535,0.830295208904662,0.5833947293846392
0.47795287,0.4497160332022717,0.830295208904662,0.5834277941505304
0.47797284,0.4497553303040895,0.830295208904662,0.5834608626646238
0.47805485,0.4497946342742288,0.830295208904662,0.5834939349275569
0.47814384,0.4498339451144905,0.830295208904662,0.583527010939967
0.4781735,0.449785857879556,0.8301338925633167,0.5834467120176847
0.47826132,0.4498251748251748,0.8301338925633167,0.5834797891032348
0.47833577,0.44986449864498645,0.8301338925633167,0.5835128699394466
0.47834948,0.44990382934079387,0.8301338925633167,0.583545954526958
0.47846118,0.4499431669144006,0.8301338925633167,0.5835790428664073
0.47855964,0.449982511367611,0.8301338925633167,0.5836121349584326
0.47858706,0.45002186270223,0.8301338925633167,0.5836452308036725
0.47880477,0.45006122092006295,0.8301338925633167,0.5836783304027653
0.47882414,0.45010058602291614,0.8301338925633167,0.5837114337563498
0.4789058,0.4501399580125962,0.8301338925633167,0.5837445408650649
0.4790234,0.4505340570828226,0.8301338925633167,0.5840758186250475
0.47913778,0.4505735049470274,0.8301338925633167,0.5841089670824042
0.47919574,0.4506129597197898,0.8301338925633167,0.5841421193025691
0.4792009,0.45056484806025043,0.8299725762219713,0.5840617550228155
0.4792506,0.4506043089858119,0.8299725762219713,0.5840949083267278
0.4792695,0.45064377682403434,0.8299725762219713,0.5841280653946392
0.47927842,0.4506832515767344,0.8299725762219713,0.5841612262271907
0.47943276,0.4507227332457293,0.8299725762219713,0.5841943908250236
0.47950467,0.4509992987377279,0.8299725762219713,0.5844266484916207
0.47950637,0.45103883580257736,0.8299725762219713,0.5844598432348045
0.4795699,0.45107837980010523,0.8299725762219713,0.5844930417490466
0.47962683,0.451117930732135,0.8299725762219713,0.5845262440349902
0.47968656,0.45115748860049104,0.8299725762219713,0.5845594500932776
0.4797283,0.45119705340699817,0.8299725762219713,0.5845926599245522
0.47973347,0.45123662515348184,0.8299725762219713,0.5846258735294566
0.4797932,0.45127620384176825,0.8299725762219713,0.5846590909086345
0.47979602,0.4513157894736842,0.8299725762219713,0.584692312062729
0.4798689,0.4512676550574612,0.8298112598806259,0.5846118877140567
0.47987607,0.4513072468854185,0.8298112598806259,0.5846451099614689
0.47992638,0.4513468456611389,0.8298112598806259,0.5846783359849949
0.47994712,0.4513864513864514,0.8298112598806259,0.5847115657852782
0.47996438,0.4514260640631856,0.8298112598806259,0.5847447993629629
0.48002788,0.45146568369317186,0.8298112598806259,0.5847780367186931
0.4802981,0.45150531027824103,0.8298112598806259,0.5848112778531134
0.4803739,0.4515449438202247,0.8298112598806259,0.5848445227668677
0.48054728,0.45158458432095516,0.8298112598806259,0.584877771460601
0.48061103,0.45162423178226513,0.8298112598806259,0.5849110239349578
0.4807359,0.45166388620598824,0.8298112598806259,0.5849442801905829
0.48074237,0.45170354759395853,0.8298112598806259,0.5849775402281214
0.4808484,0.45174321594801087,0.8298112598806259,0.5850108040482185
0.48089173,0.45178289126998067,0.8298112598806259,0.5850440716515196
0.4810351,0.4517347386912604,0.8296499435392806,0.5849636032752487
0.4811754,0.45177442023893183,0.8296499435392806,0.5849968719781592
0.4812993,0.4518141087586752,0.8296499435392806,0.5850301444654745
0.48134112,0.45185380425232824,0.8296499435392806,0.5850634207378403
0.4814912,0.4518935067217292,0.8296499435392806,0.5850967007959029
0.48153624,0.4518453427065026,0.8294886271979351,0.5850162125258532
0.48161608,0.451885051410493,0.8294886271979351,0.5850494936848317
0.48176983,0.4522825226493095,0.8294886271979351,0.5853825136607455
0.4817888,0.4523223082336383,0.8294886271979351,0.5854158365111843
0.48185644,0.4523621008181578,0.8294886271979351,0.5854491631556402
0.48198384,0.4526010034327964,0.8294886271979351,0.5856492027330283
0.482135,0.4526408450704225,0.8294886271979351,0.5856825559537546
0.4822059,0.452680693723039,0.8294886271979351,0.585715912973686
0.48232174,0.4527205493924987,0.8294886271979351,0.5857492737934714
0.48232588,0.45267236065862465,0.8293273108565897,0.5856687172472077
0.48238015,0.45262416343783024,0.8291659945152444,0.5855881515233256
0.48244944,0.4525759577278732,0.829004678173899,0.5855075766202563
0.48245427,0.45261581821384533,0.829004678173899,0.5855409331733595
0.4824643,0.4530547474213171,0.829004678173899,0.5859081062588064
0.48247975,0.45300652442250045,0.8288433618325536,0.5858274898803935
0.48250878,0.4530464685653822,0.8288433618325536,0.58586088939521
0.48250955,0.45308641975308644,0.8288433618325536,0.585894292718626
0.48252332,0.45312637798747685,0.8288433618325536,0.5859276998512933
0.48257473,0.4530781442935262,0.8286820454912083,0.5858470662024283
0.4825866,0.4531181088471377,0.8286820454912083,0.5858804744520977
0.48265764,0.45315808045165845,0.8286820454912083,0.5859138865122318
0.48267063,0.4534781073446328,0.8286820454912083,0.5861813202483018
0.48269945,0.4535017221584386,0.8283594128085175,0.5861203059006955
0.48272073,0.4535417770711888,0.8283594128085175,0.586153758346669
0.48272112,0.4535818390601537,0.8283594128085175,0.5861872146114149
0.48277858,0.4535335689045936,0.8281980964671721,0.5861065129283627
0.4827957,0.45357363724710664,0.8281980964671721,0.5861399703157889
0.48283604,0.45361371267008305,0.8281980964671721,0.5861734315232053
0.4829349,0.45365379517539983,0.8281980964671721,0.5862068965512669
0.48301664,0.4538944390416409,0.8281980964671721,0.5864077669898339
0.48302555,0.4539345711759505,0.8281980964671721,0.5864412587807408
0.48310456,0.4539747104076399,0.8281980964671721,0.586474754397532
0.48311836,0.45392642377078174,0.8280367801258267,0.5863940138225847
0.48313594,0.4539665693817989,0.8280367801258267,0.5864275105673479
0.48314652,0.45400672209446313,0.8280367801258267,0.5864610111392169
0.48317182,0.454046881910659,0.8280367801258267,0.5864945155388478
0.48329124,0.45408704883227174,0.8280367801258267,0.5865280237668966
0.48340386,0.4541272228611873,0.8280367801258267,0.5865615358240197
0.48341635,0.4540789240842329,0.8278754637844814,0.5864807725268266
0.48349348,0.4540306167595788,0.827714147443136,0.5863999999995425
0.48354632,0.454070796460177,0.827714147443136,0.586433510485856
0.48357326,0.454110983272856,0.827714147443136,0.586467024802377
0.4836695,0.4541511771995043,0.827714147443136,0.5865005429497624
0.4837438,0.45419137824201117,0.827714147443136,0.5865340649286691
0.48376143,0.4542315864022663,0.827714147443136,0.5865675907397538
0.48378837,0.45427180168216025,0.827714147443136,0.5866011203836741
0.48390326,0.45447298494242694,0.827714147443136,0.5867688261188173
0.48401,0.45451324297989193,0.827714147443136,0.5868023787735588
0.48410735,0.45455350815024803,0.827714147443136,0.5868359352657401
0.48420575,0.4545051829538407,0.8275528311017906,0.5867551183799609
0.48420683,0.45454545454545453,0.8275528311017906,0.5867886760075491
0.48432413,0.4545857332742579,0.8275528311017906,0.5868222374738045
0.4843394,0.4545373980857852,0.8273915147604453,0.5867414059367384
0.48439348,0.454577683240273,0.8273915147604453,0.5867749685386111
0.48441327,0.45461797553625244,0.8273915147604453,0.5868085349803787
0.48448244,0.4546582749756227,0.8273915147604453,0.5868421052627002
0.4844841,0.45490022172949,0.8273915147604453,0.5870436076451871
0.48450226,0.4549405712258293,0.8273915147604453,0.5870772048298518
0.48451737,0.4554657668057899,0.8273915147604453,0.5875143184416954
0.48460168,0.45550621669627,0.8273915147604453,0.5875479695281518
0.48467183,0.45554667377209346,0.8273915147604453,0.587581624469699
0.48469833,0.4554983123112453,0.8272301984190998,0.5875007160446815
0.48475626,0.4555387758727903,0.8272301984190998,0.5875343721351972
0.4848405,0.45557924662402277,0.8272301984190998,0.5875680320820398
0.48494968,0.4556197245668592,0.8272301984190998,0.5876016958858717
0.48499906,0.4555713524080327,0.8270688820777545,0.5875207700677251
0.48500955,0.4555229716520039,0.8269075657364091,0.5874398349754759
0.48501578,0.4555634553857092,0.8269075657364091,0.5874734972203315
0.4850196,0.455603946315883,0.8269075657364091,0.5875071633233241
0.48504978,0.45564444444444446,0.8269075657364091,0.587540833285117
0.48507166,0.4556849497733132,0.8269075657364091,0.5875745071063737
0.48511127,0.4557254623044097,0.8269075657364091,0.5876081847877577
0.48518556,0.455765982039655,0.8269075657364091,0.5876418663299329
0.48519757,0.455806508980971,0.8269075657364091,0.587675551733563
0.4854233,0.45575811471765226,0.8267462493950637,0.5875945883966984
0.48543173,0.45579864816791177,0.8267462493950637,0.5876282749522449
0.48543972,0.45575024459663793,0.8265849330537184,0.5875472996211447
0.48550096,0.45579078455790784,0.8265849330537184,0.58758098732825
0.48561102,0.4558313317320523,0.8265849330537184,0.5876146788986244
0.48561823,0.45587188612099644,0.8265849330537184,0.5876483743329324
0.4856748,0.4558234718391316,0.826423616712373,0.5875673815799982
0.48568475,0.4558640327460402,0.826423616712373,0.5876010781666576
0.48573327,0.45590460087211887,0.826423616712373,0.587634778618491
0.48588768,0.45594517621929515,0.826423616712373,0.5876684829361635
0.4859138,0.4559857587894971,0.826423616712373,0.5877021911203402
0.4859779,0.45602634858465374,0.826423616712373,0.5877359031716864
0.4859853,0.4560669456066946,0.826423616712373,0.587769619090868
0.48599872,0.45610754985754987,0.826423616712373,0.5878033388785503
0.48601976,0.4561481613391506,0.826423616712373,0.5878370625353994
0.4861317,0.456099732858415,0.8262623003710275,0.5877560387854731
0.48622927,0.45646555565457625,0.8262623003710275,0.5880597014920789
0.48624283,0.45650623885918,0.8262623003710275,0.5880934611626393
0.48625463,0.45654692931633833,0.8262623003710275,0.5881272247096115
0.4862889,0.45675049045835564,0.8262623003710275,0.5882961006140248
0.4863269,0.4567912244715955,0.8262623003710275,0.5883298874334951
0.4863895,0.4568319657509811,0.8262623003710275,0.5883636781340541
0.4864646,0.4568727142984569,0.8262623003710275,0.5883974727163708
0.48658407,0.4569134701159679,0.8262623003710275,0.588431271181114
0.48669088,0.4569542332054599,0.8262623003710275,0.5884650735289532
0.4866946,0.4569950035688794,0.8262623003710275,0.5884988797605571
0.48670748,0.45703578120817345,0.8262623003710275,0.5885326898765952
0.48670974,0.45707656612529,0.8262623003710275,0.5885665038777372
0.48674792,0.4571173583221776,0.8262623003710275,0.5886003217646528
0.48679888,0.45715815780078545,0.8262623003710275,0.5886341435380117
0.48680583,0.45719896456306347,0.8262623003710275,0.5886679691984839
0.48683313,0.4572397786109623,0.8262623003710275,0.5887017987467398
0.48688376,0.45706371191135736,0.82513308598161,0.5882691201835549
0.4869304,0.4570151921358356,0.8249717696402645,0.5881879349009155
0.48693255,0.4570560371793726,0.8249717696402645,0.5882217621343467
0.4869679,0.4570968895244905,0.8249717696402645,0.5882555932588728
0.48705474,0.4571377491731474,0.8249717696402645,0.5882894282751652
0.48706684,0.4570892186661899,0.8248104532989192,0.5882082254812783
0.4871259,0.4573345259391771,0.8248104532989192,0.5884113009949953
0.4871513,0.4573754360855175,0.8248104532989192,0.5884451605473602
0.48716053,0.45741635355161925,0.8248104532989192,0.5884790239967788
0.48722827,0.4574572783394471,0.8248104532989192,0.588512891343924
0.48724064,0.4574087329992842,0.8246491369575738,0.5884316546757999
0.4873429,0.45736017897091724,0.8244878206162284,0.5883504086561543
0.48739535,0.4573116162520136,0.8243265042748831,0.5882691532833721
0.48749492,0.4573525463170142,0.8243265042748831,0.5883030163476873
0.48753732,0.4573934837092732,0.8243265042748831,0.5883368833108068
0.48754707,0.4574344284307582,0.8243265042748831,0.5883707541734039
0.48757103,0.4574753804834378,0.8243265042748831,0.5884046289361522
0.48761174,0.45751633986928103,0.8243265042748831,0.5884385075997252
0.48769617,0.4578442791864528,0.8243265042748831,0.5887096774188957
0.48771724,0.4578853046594982,0.8243265042748831,0.5887435912202332
0.4877186,0.45792633748543776,0.8243265042748831,0.588777508929141
0.4878922,0.45796737766624845,0.8243265042748831,0.5888114305462943
0.4879835,0.45825486503452606,0.8243265042748831,0.5890489913540076
0.48799995,0.45820627802690583,0.8241651879335377,0.5889676638418371
0.48801178,0.4581576823033456,0.8240038715921922,0.5888863269536564
0.48801303,0.45819878005023323,0.8240038715921922,0.5889202743985722
0.4881293,0.458239885170898,0.8240038715921922,0.5889542257576404
0.48813796,0.4582809976673246,0.8240038715921922,0.5889881810315384
0.488192,0.45832211754149843,0.8240038715921922,0.5890221402209428
0.4883013,0.4583632447954056,0.8240038715921922,0.5890561033265312
0.48831484,0.4585278276481149,0.8240038715921922,0.5891919949242767
0.48833415,0.4585689918305054,0.8240038715921922,0.5892259776209502
0.48838186,0.45861016340456096,0.8240038715921922,0.5892599642378747
0.48838225,0.4586513423722726,0.8240038715921922,0.5892939547757288
0.48840228,0.45860272988505746,0.8238425552508469,0.5892125757134142
0.48860005,0.45864391558149975,0.8238425552508469,0.5892465674392544
0.4886273,0.45868510867612716,0.8238425552508469,0.5892805630872923
0.4886688,0.45872630917093327,0.8238425552508469,0.5893145626582065
0.48869306,0.4587675170679123,0.8238425552508469,0.5893485661526765
0.48872358,0.4588087323690594,0.8238425552508469,0.5893825735713812
0.48891392,0.45884995507637016,0.8238425552508469,0.589416584915
0.4889386,0.45880132985892713,0.8236812389095015,0.5893351800549421
0.4889773,0.4587526959022286,0.8235199225681562,0.5892537657985824
0.4890557,0.4587939246876966,0.8235199225681562,0.5892877755969086
0.48906505,0.4590001798237727,0.8235199225681562,0.5894578834935649
0.48909172,0.459041453106735,0.8235199225681562,0.5894919168586628
0.48919475,0.4589928057553957,0.8233586062268108,0.589410474045386
0.48924097,0.45903408579908267,0.8233586062268108,0.5894445086033052
0.48948947,0.4590753732685735,0.8233586062268108,0.5894785470919929
0.48950592,0.4591166681658721,0.8233586062268108,0.5895125895121298
0.48952636,0.45944729498604736,0.8233586062268108,0.589785070487176
0.4895359,0.45939863161685274,0.8231972898854654,0.5897035881430659
0.48982662,0.459439992797335,0.8231972898854654,0.5897376632377235
0.48990402,0.45948136142625606,0.8231972898854654,0.5897717422705601
0.49003434,0.4594326879783881,0.8230359735441201,0.5896902450295911
0.49005452,0.4594740634005764,0.8230359735441201,0.5897243252610556
0.49013114,0.45951544627578134,0.8230359735441201,0.5897584094319758
0.49025556,0.4595568366060169,0.8230359735441201,0.5897924975430348
0.4902752,0.4595982343932979,0.8230359735441201,0.5898265895949157
0.49030045,0.45963963963963966,0.8230359735441201,0.5898606855883024
0.49047485,0.4596810523470583,0.8230359735441201,0.5898947855238782
0.49058953,0.45972247251757076,0.8230359735441201,0.5899288894023267
0.4906087,0.45967378570784895,0.8228746572027746,0.5898473635518064
0.49064806,0.4597152126892574,0.8228746572027746,0.5898814686320929
0.49078676,0.4597566471383506,0.8228746572027746,0.5899155776565309
0.49082938,0.45979808905714803,0.8228746572027746,0.589949690625805
0.49087855,0.4598395384476697,0.8228746572027746,0.5899838075405994
0.49100262,0.45988099531193655,0.8228746572027746,0.5900179284015988
0.49110848,0.45992245965197004,0.8228746572027746,0.590052053209488
0.49117494,0.4599639314697926,0.8228746572027746,0.5900861819649514
0.49119785,0.45991523131030754,0.8227133408614292,0.5900046274868144
0.4912235,0.45986652236652237,0.8225520245200839,0.5899230635733238
0.49125963,0.4599080003607829,0.8225520245200839,0.5899571907897747
0.49126303,0.4598592819772686,0.8223907081787385,0.589875614694362
0.49127856,0.45990076680198466,0.8223907081787385,0.5899097431145597
0.49134982,0.45994225911223385,0.8223907081787385,0.5899438754841201
0.49149945,0.4599837589100424,0.8223907081787385,0.5899780118037292
0.49151617,0.4600252661974373,0.8223907081787385,0.5900121520740725
0.4916357,0.46006678097644615,0.8223907081787385,0.590046296295836
0.4918094,0.46001805054151623,0.8222293918373931,0.5899646970306179
0.49196014,0.46030885938769983,0.8222293918373931,0.5902037980541948
0.4920553,0.46035043352601157,0.8222293918373931,0.5902379711650774
0.492115,0.46039201517478096,0.8222293918373931,0.5902721482334714
0.49213395,0.46034327009936765,0.8220680754960478,0.5901905147948376
0.492236,0.46080115742833894,0.8220680754960478,0.5905666937068058
0.49224228,0.4611347389376527,0.8220680754960478,0.5908405797096845
0.49234924,0.4611764705882353,0.8220680754960478,0.5908748333232104
0.49243984,0.4617196702002356,0.8220680754960478,0.5913204919930413
0.49253038,0.4617615077926785,0.8220680754960478,0.5913548012760116
0.49266154,0.46180335296782965,0.8220680754960478,0.5913891145405629
0.49278465,0.46184520572775056,0.8220680754960478,0.5914234317873882
0.49279338,0.46188706607450375,0.8220680754960478,0.591457753017181
0.49317262,0.4623899827601851,0.8220680754960478,0.5918699186987262
0.49317437,0.46243194192377496,0.8220680754960478,0.5919042917702576
0.49319062,0.4624739087031491,0.8220680754960478,0.5919386688344793
0.49320135,0.46242512252677437,0.8219067591547023,0.5918568856358289
0.49327946,0.4623763274938731,0.821745442813357,0.5917750929363421
0.4933667,0.4623275236020334,0.8215841264720116,0.5916932907343633
0.49345565,0.4623489871922972,0.8211001774479755,0.5915853091580701
0.4934743,0.46281142025822875,0.8211001774479755,0.5919637146009228
0.49349704,0.4628535055015004,0.8211001774479755,0.5919981391016556
0.49353898,0.46289559839941796,0.8211001774479755,0.5920325676064013
0.49355868,0.4628467485220555,0.8209388611066301,0.5919506804694703
0.49362326,0.4628888484627979,0.8209388611066301,0.5919851102188142
0.4936454,0.4628399890839625,0.8207775447652848,0.5919032107952578
0.49366033,0.462882096069869,0.8207775447652848,0.5919376417888472
0.49366462,0.46292421071786005,0.8207775447652848,0.5919720767883696
0.4936883,0.4629663330300273,0.8207775447652848,0.592006515794524
0.4937086,0.46291746291746294,0.8206162284239393,0.5919245985566718
0.49377918,0.4628685839097197,0.8204549120825939,0.5918426717863544
0.4938739,0.46291071266041683,0.8204549120825939,0.59187710927453
0.4939902,0.4631080342503188,0.8201322793999032,0.5919543575707095
0.49406797,0.463059123622119,0.8199709630585579,0.5918723800647459
0.4941964,0.46310131195335275,0.8199709630585579,0.5919068413386944
0.4942439,0.46302543995623235,0.8191643813518309,0.591634626586979
0.49427396,0.4629764727339048,0.8190030650104856,0.5915525779197249
0.4943151,0.4630186958504332,0.8190030650104856,0.5915870426469401
0.49435568,0.4629697190806275,0.8188417486691402,0.5915049816461039
0.4943857,0.4630119492839551,0.8188417486691402,0.5915394476163663
0.49438787,0.4630541871921182,0.8188417486691402,0.5915739176034077
0.49441692,0.4630964328072256,0.8188417486691402,0.5916083916079301
0.4944671,0.46313868613138687,0.8188417486691402,0.5916428696306358
0.4945594,0.46318094716671226,0.8188417486691402,0.5916773516722276
0.49462667,0.4633923680847179,0.8188417486691402,0.5918498221880769
0.49466124,0.46343467543138867,0.8188417486691402,0.5918843283577473
0.49467182,0.4634769905040175,0.8188417486691402,0.5919188385512263
0.49479383,0.4634279974431559,0.8186804323277949,0.5918367346934158
0.49484545,0.4634703196347032,0.8186804323277949,0.5918712461363393
0.49485332,0.4635126495570372,0.8186804323277949,0.5919057616043902
0.49490756,0.4635549872122762,0.8186804323277949,0.5919402810982728
0.49491528,0.4635059833744405,0.8185191159864494,0.5918581593369932
0.49493754,0.4635483281564042,0.8185191159864494,0.5918926800811948
0.49502498,0.4635906806761078,0.8185191159864494,0.5919272048525481
0.49503398,0.46375354237133193,0.818357799645104,0.5920177383587399
0.49503747,0.463795940756994,0.818357799645104,0.5920522845300862
0.49508223,0.4638383468958581,0.818357799645104,0.5920868347334318
0.49513105,0.4638807607900512,0.818357799645104,0.5921213889694827
0.4951567,0.46383173296753544,0.8181964833037587,0.5920392202633411
0.49517575,0.4638741540149991,0.8181964833037587,0.5920737757539303
0.49522698,0.46391658282264703,0.8181964833037587,0.5921083352785482
0.4955803,0.46434129817815617,0.8181964833037587,0.59245415255181
0.49571955,0.4643838124885552,0.8181964833037587,0.5924887564974061
0.49574623,0.46442633458474497,0.8181964833037587,0.5925233644855192
0.49583724,0.4643772893772894,0.8180351669624133,0.5924411472628126
0.4958982,0.4644198186647129,0.8180351669624133,0.5924757565131494
0.49593738,0.46437076387616777,0.8178738506210679,0.5923935269026167
0.49606347,0.464413300357241,0.8178738506210679,0.5924281374148219
0.4961462,0.46445584463173323,0.8178738506210679,0.5924627519714923
0.49614802,0.46449839670178655,0.8178738506210679,0.5924973705733372
0.49633387,0.4645409565695437,0.8178738506210679,0.5925319932210654
0.4964939,0.4645835242371484,0.8178738506210679,0.5925666199153865
0.49658453,0.46462609970674484,0.8178738506210679,0.5926012506570096
0.49658597,0.4645770323526716,0.8177125342797226,0.592518994739456
0.49663758,0.46461961503208066,0.8177125342797226,0.5925536267456949
0.4966739,0.4650032107146133,0.8177125342797226,0.5928654970755611
0.49670815,0.464954128440367,0.8175512179383772,0.5927832036956603
0.4967636,0.46499678869621064,0.8175512179383772,0.5928178734350272
0.49679464,0.46503945678106073,0.8175512179383772,0.592852547230046
0.49683312,0.4650821326970726,0.8175512179383772,0.5928872250814282
0.4969657,0.46512481644640236,0.8175512179383772,0.5929219069898859
0.4970532,0.4650757228086278,0.8173899015970317,0.5928395928391305
0.49707028,0.4650266201578851,0.8172285852556864,0.5927572690570465
0.49710086,0.4650693105664188,0.8172285852556864,0.5927919494495728
0.49714795,0.4651120088138083,0.8172285852556864,0.5928266339004211
0.4972828,0.46506289596914885,0.817067268914341,0.5927442949088413
0.49730226,0.46510560146923785,0.817067268914341,0.5927789806303528
0.49736077,0.46514831481311414,0.817067268914341,0.5928136704115227
0.49738154,0.46519103600293904,0.817067268914341,0.5928483642530638
0.49739462,0.46523376504087444,0.817067268914341,0.5928830621556889
0.49745968,0.4652765019290832,0.817067268914341,0.5929177641201112
0.49754885,0.46531924666972896,0.817067268914341,0.592952470147044
0.49760482,0.4653619992649761,0.817067268914341,0.5929871802372008
0.49760616,0.4654047597169898,0.817067268914341,0.5930218943912948
0.4977496,0.46544752802793604,0.817067268914341,0.5930566126100405
0.49777985,0.4654903041999816,0.817067268914341,0.5930913348941511
0.49780726,0.4655330882352941,0.817067268914341,0.593126061244341
0.49808013,0.4655758801360419,0.817067268914341,0.5931607916613245
0.4981083,0.4656186799043942,0.817067268914341,0.593195526145816
0.49811468,0.4656614875425209,0.817067268914341,0.5932302646985302
0.49820653,0.46561235748436924,0.8169059525729957,0.5931478770127147
0.49834877,0.4656551724137931,0.8169059525729957,0.5931826168438622
0.49840045,0.4656979952179511,0.8169059525729957,0.5932173607445734
0.49840146,0.4657408258990159,0.8169059525729957,0.5932521087155638
0.4985597,0.4662124838887866,0.8169059525729957,0.5936346052395585
0.4985795,0.46625540926249887,0.8169059525729957,0.5936694021097365
0.498592,0.4662983425414365,0.8169059525729957,0.5937042030595057
0.49862927,0.4663412837277834,0.8169059525729957,0.5937390080895829
0.49868014,0.46629213483146065,0.8167446362316503,0.593656563287337
0.49872473,0.4663350833563599,0.8167446362316503,0.593691369605541
0.49874827,0.46628592483419307,0.8165833198903049,0.5936089123419589
0.49880737,0.46640862593309373,0.8164220035489596,0.5936656891490973
0.49885786,0.4663594470046083,0.8162606872076141,0.5935832013603208
0.49887198,0.4664024334040004,0.8162606872076141,0.5936180197085938
0.49888673,0.4664454277286136,0.8162606872076141,0.5936528421418495
0.4990692,0.46648842998063983,0.8162606872076141,0.5936876686608067
0.49910754,0.4665314401622718,0.8162606872076141,0.5937224992661843
0.49927762,0.4664822498847395,0.8160993708662687,0.5936399906120693
0.49930656,0.466525267428993,0.8160993708662687,0.5936748225073115
0.49935687,0.46656829290786683,0.8160993708662687,0.5937096584903244
0.49936625,0.46661132632355656,0.8160993708662687,0.5937444985618281
0.4994024,0.46665436767825846,0.8160993708662687,0.5937793427225417
0.49943963,0.4666974169741697,0.8160993708662687,0.5938141909731858
0.49944463,0.46674047421348835,0.8160993708662687,0.5938490433144801
0.49975777,0.466783539398413,0.8160993708662687,0.5938838997471452
0.49984914,0.4668266125311433,0.8160993708662687,0.5939187602719014
0.4998558,0.46686969361387964,0.8160993708662687,0.5939536248894695
0.49987605,0.46691278264882324,0.8160993708662687,0.5939884936005702
0.49996936,0.4669558796381761,0.8160993708662687,0.5940233664059246
0.5001117,0.4669989845841411,0.8160993708662687,0.5940582433062538
0.5001797,0.4670420974889217,0.8160993708662687,0.594093124302279
0.50018686,0.46708521835472255,0.8160993708662687,0.594128009394722
0.5002879,0.46712834718374885,0.8160993708662687,0.594162898584304
0.5003387,0.4671714839782067,0.8160993708662687,0.5941977918717475
0.5003834,0.4672146287403029,0.8160993708662687,0.5942326892577737
0.50045514,0.46725778147224534,0.8160993708662687,0.5942675907431055
0.50047207,0.4673009421762424,0.8160993708662687,0.5943024963284649
0.5004914,0.46734411085450345,0.8160993708662687,0.5943374060145744
0.500594,0.46738728750923875,0.8160993708662687,0.5943723198021569
0.5006155,0.46743047214265915,0.8160993708662687,0.5944072376919348
0.50064224,0.46747366475697655,0.8160993708662687,0.5944421596846318
0.50065434,0.46751686535440345,0.8160993708662687,0.5944770857809704
0.500692,0.46756007393715343,0.8160993708662687,0.5945120159816744
0.5007388,0.4676032905074406,0.8160993708662687,0.5945469502874672
0.5007762,0.46755407653910147,0.8159380545249234,0.5944643591697784
0.5009333,0.46759730054543774,0.8159380545249234,0.594499294780919
0.5010334,0.4676405325443787,0.8159380545249234,0.5945342344985082
0.50103384,0.4676837725381415,0.8159380545249234,0.5945691783232703
0.5010768,0.46811661267931515,0.8159380545249234,0.5949188426248013
0.5012096,0.46815994076268047,0.8159380545249234,0.5949538316762996
0.5012925,0.46859366314619233,0.8159380545249234,0.5953039486842892
0.50131965,0.4686370795886223,0.8159380545249234,0.595338983050384
0.50136185,0.46868050407709416,0.8159380545249234,0.5953740215403522
0.50137204,0.46872393661384487,0.8159380545249234,0.595409064154922
0.50140256,0.46876737720111217,0.8159380545249234,0.5954441108948217
0.50141764,0.46871813884512004,0.815776738183578,0.595361431598312
0.50155306,0.46876158694846126,0.815776738183578,0.5953964796604536
0.50156826,0.46880504310744414,0.815776738183578,0.5954315318492951
0.5015756,0.46884850732430927,0.815776738183578,0.5954665881655652
0.5015916,0.4688919796012981,0.815776738183578,0.5955016486099933
0.50165045,0.46893545994065283,0.815776738183578,0.5955367131833084
0.5017277,0.4689789483446165,0.815776738183578,0.5955717818862399
0.50173104,0.4689296976442219,0.8156154218422326,0.5954890760256832
0.5017666,0.4688804378072535,0.8154541055008873,0.5954063604235647
0.501808,0.4689239332096475,0.8154541055008873,0.5954414276454518
0.50192773,0.4688746636979312,0.8152927891595418,0.5953586994929986
0.5019294,0.4689181666357395,0.8152927891595418,0.595393768038648
0.50202197,0.4689616776468405,0.8152927891595418,0.5954288407158417
0.5020447,0.4689123979213066,0.8151314728181965,0.5953460972013036
0.50210124,0.46895591647331786,0.8151314728181965,0.5953811712025527
0.5021826,0.46899944310376834,0.8151314728181965,0.5954162493367189
0.5021954,0.4690429778149076,0.8151314728181965,0.5954513316045328
0.50226784,0.46908652060898626,0.8151314728181965,0.5954864180067251
0.50240034,0.4691300714882555,0.8151314728181965,0.5955215085440265
0.5024347,0.4691736304549675,0.8151314728181965,0.5955566032171684
0.5025478,0.46912433837867956,0.8149701564768511,0.5954738330971318
0.5027262,0.46916790490341753,0.8149701564768511,0.5955089290971963
0.5028641,0.46921147952075787,0.8149701564768511,0.5955440292344767
0.5029046,0.469778687000186,0.8149701564768511,0.5960007078388565
0.50298536,0.46982237515112063,0.8149701564768511,0.5960358659740522
0.5029908,0.470259703993298,0.8149701564768511,0.5963876755986388
0.50303066,0.4703034816607708,0.8149701564768511,0.5964228794045298
0.5030863,0.4703472674797505,0.8149701564768511,0.5964580873667141
0.50311834,0.4702979515828678,0.8148088401355057,0.5963752287615643
0.50316334,0.4707801286233573,0.8148088401355057,0.5967627599239214
0.50332093,0.4708240119313945,0.8148088401355057,0.5967980150051481
0.5034579,0.47086790342127344,0.8148088401355057,0.5968332742521648
0.5034613,0.47091180309528247,0.8148088401355057,0.59686853766571
0.5035049,0.470955710955711,0.8148088401355057,0.5969038052465223
0.5035093,0.47099962700484893,0.8148088401355057,0.5969390769953402
0.5035992,0.47095029376107433,0.8146475237941604,0.5968561635735813
0.50360966,0.4709942174967357,0.8146475237941604,0.5968914366758551
0.50361675,0.47103814942635946,0.8146475237941604,0.5969267139475263
0.5037837,0.47098880597014925,0.814486207452815,0.5968437850932173
0.50389344,0.47103274559193953,0.814486207452815,0.5968790637186514
0.5040648,0.4709833924239597,0.8143248911114696,0.5967961222434323
0.5040729,0.47102733974059907,0.8143248911114696,0.5968314022222833
0.50443643,0.47107129525942515,0.8143248911114696,0.5968666863725772
0.5045067,0.4714672644064631,0.8143248911114696,0.5971844315622943
0.5045124,0.4715113020736036,0.8143248911114696,0.5972197574677403
0.5045241,0.4715553479682391,0.8143248911114696,0.5972550875527772
0.5045327,0.47159940209267565,0.8143248911114696,0.5972904218181476
0.5046586,0.47164346444921984,0.8143248911114696,0.5973257602645928
0.5047091,0.47159409456176415,0.8141635747701242,0.5972427666997306
0.5047685,0.4719468861043576,0.8141635747701242,0.5975256023200232
0.5048552,0.47199102216403255,0.8141635747701242,0.5975609756092914
0.5048617,0.4720351664796109,0.8141635747701242,0.5975963530869783
0.5049597,0.4724770642201835,0.8141635747701242,0.5979503583906258
0.50502026,0.4725212995037918,0.8141635747701242,0.5979857819900566
0.50517845,0.47256554307116105,0.8141635747701242,0.5980212097868448
0.5051903,0.47251615319786494,0.8140022584287788,0.597938144329432
0.50519913,0.47291471415182756,0.8140022584287788,0.5982571581001931
0.505262,0.4728653107132815,0.8138409420874334,0.5981740573863029
0.50539416,0.47290963629546307,0.8138409420874334,0.5982095215504926
0.5054947,0.4729539701884316,0.8138409420874334,0.5982449899200852
0.5055239,0.47299831239452467,0.8138409420874334,0.5982804624958291
0.50554234,0.47294889826535397,0.8136796257460881,0.5981973434530454
0.50555974,0.472993248312078,0.8136796257460881,0.5982328174104347
0.5057027,0.47303760667729533,0.8136796257460881,0.598268295575386
0.50571924,0.47308197336334645,0.8136796257460881,0.5983037779486483
0.5058421,0.47312634837257295,0.8136796257460881,0.5983392645309703
0.5058666,0.47317073170731705,0.8136796257460881,0.598374755323101
0.50587434,0.4732151233699221,0.8136796257460881,0.5984102503257895
0.5059394,0.4732595233627322,0.8136796257460881,0.5984457495397854
0.50596917,0.4732100966500891,0.8135183094047427,0.5983626008538301
0.5060997,0.4732545045045045,0.8135183094047427,0.5983981014531096
0.5063668,0.47329892069450963,0.8135183094047427,0.5984336062651099
0.50644225,0.47334334522245164,0.8135183094047427,0.598469115290581
0.5064597,0.47338777809067867,0.8135183094047427,0.5985046285302731
0.5064761,0.47333834021779947,0.8133569930633974,0.5984214586666764
0.50652474,0.4733827809595343,0.8133569930633974,0.5984569732933034
0.50655127,0.47342723004694837,0.8133569930633974,0.5984924921355668
0.50660205,0.4734716874823927,0.8133569930633974,0.5985280151942167
0.5066053,0.4735161532682194,0.8133569930633974,0.5985635424700044
0.5066373,0.47356062740678123,0.8133569930633974,0.5985990739636805
0.50667924,0.4736051099004321,0.8133569930633974,0.5986346096759967
0.50669765,0.4736496007515265,0.8133569930633974,0.5986701496077039
0.5068645,0.4736940999624201,0.8133569930633974,0.5987056937595538
0.5069093,0.4737386075354693,0.8133569930633974,0.5987412421322981
0.50693214,0.47378312347303136,0.8133569930633974,0.5987767947266888
0.50713855,0.4738276477774645,0.8133569930633974,0.5988123515434778
0.50716716,0.47387218045112783,0.8133569930633974,0.5988479125834174
0.5071859,0.47391672149638125,0.8133569930633974,0.5988834778472601
0.50731236,0.47396127091558565,0.8133569930633974,0.5989190473357585
0.5073588,0.47400582871110275,0.8133569930633974,0.5989546210496653
0.5074586,0.4740503948852952,0.8133569930633974,0.5989901989897337
0.5075333,0.47409496944052654,0.8133569930633974,0.5990257811567166
0.5075611,0.47413955237916117,0.8133569930633974,0.5990613675513673
0.5077025,0.4741841437035644,0.8133569930633974,0.5990969581744395
0.50778323,0.4742287434161023,0.8133569930633974,0.599132553026687
0.5077946,0.47427335151914213,0.8133569930633974,0.5991681521088632
0.5079142,0.4742238946378175,0.813195676722052,0.5990849129474222
0.5079707,0.4741744284504657,0.8130343603807065,0.5990016638930454
0.50815797,0.47412495295445994,0.8128730440393612,0.5989184049439691
0.50821143,0.47416956808130234,0.8128730440393612,0.5989539997618073
0.50823003,0.47421419160549594,0.8128730440393612,0.5989895988108273
0.508312,0.4742588235294118,0.8128730440393612,0.5990252020917838
0.5083679,0.4743034638554217,0.8128730440393612,0.5990608096054312
0.5084641,0.47434811258589854,0.8128730440393612,0.5990964213525246
0.5085724,0.474392769723216,0.8128730440393612,0.5991320373338191
0.50859153,0.47443743526974863,0.8128730440393612,0.5991676575500696
0.50859475,0.47448210922787193,0.8128730440393612,0.5992032820020317
0.50861466,0.4745267915999623,0.8128730440393612,0.5992389106904609
0.50878066,0.47447730269353927,0.8127117276980158,0.5991556163401421
0.50879544,0.47452199303004616,0.8127117276980158,0.599191246431504
0.5088093,0.47456669178598343,0.8127117276980158,0.5992268807607596
0.5088219,0.47451719265190767,0.8125504113566704,0.5991435708333634
0.50900674,0.4745618993781798,0.8125504113566704,0.5991792065658819
0.5090583,0.47451239046452465,0.8123890950153251,0.5990958838919922
0.5090774,0.4745571051639653,0.8123890950153251,0.5991315210274328
0.50924814,0.47460182829139574,0.8123890950153251,0.5991671624028658
0.50931484,0.47455230914231855,0.8122277786739797,0.5990838241413631
0.5093648,0.4749551929063296,0.8122277786739797,0.5994047619042963
0.50944364,0.4749056603773585,0.8120664623326342,0.5993213881774019
0.5094999,0.47495046702519106,0.8120664623326342,0.5993570663169531
0.5096268,0.4749952821287035,0.8120664623326342,0.5993927487046602
0.5096534,0.4750401056902897,0.8120664623326342,0.5994284353412823
0.50971377,0.4750849377123443,0.8120664623326342,0.5994641262275783
0.50973207,0.4751297781972629,0.8120664623326342,0.5994998213643074
0.5097757,0.47517462714744196,0.8120664623326342,0.5995355207522288
0.509824,0.47521948456527896,0.8120664623326342,0.5995712243921021
0.5098597,0.4752643504531722,0.8120664623326342,0.599606932284687
0.5098786,0.47521480502313285,0.8119051459912889,0.5995235259078129
0.50996125,0.4752596789423985,0.8119051459912889,0.5995592352130669
0.50998557,0.47521012371328736,0.8117438296499435,0.599475816058624
0.51001734,0.4752550056667926,0.8117438296499435,0.5995115267762066
0.5100408,0.4752998960989893,0.8117438296499435,0.5995472417486106
0.5100586,0.4753447950122804,0.8117438296499435,0.5995829609765969
0.51009864,0.4753897024090694,0.8117438296499435,0.5996186844609259
0.5101283,0.47543461829176115,0.8117438296499435,0.5996544122023585
0.5101543,0.47538505149768495,0.8115825133085982,0.599570968894779
0.5101863,0.4754656329772147,0.8112598806259074,0.5995469718641024
0.5102038,0.4755105900151286,0.8112598806259074,0.5995827123691316
0.5102187,0.47582552748604406,0.8112598806259074,0.5998330152667094
0.5103041,0.47587055261165784,0.8112598806259074,0.5998687898844268
0.51031077,0.47591558625910857,0.8112598806259074,0.5999045687696639
0.51031613,0.4759606284308158,0.8112598806259074,0.5999403519231844
0.51033044,0.47600567912920017,0.8112598806259074,0.599976139345752
0.5103721,0.4760507383566831,0.8112598806259074,0.6000119310381308
0.51043934,0.4760958061156868,0.8112598806259074,0.600047727001085
0.5104582,0.4761408824086347,0.8112598806259074,0.6000835272353789
0.51050377,0.4761859672379509,0.8112598806259074,0.6001193317417772
0.5105604,0.47623106060606063,0.8112598806259074,0.6001551405210447
0.510615,0.47627616251538973,0.8112598806259074,0.600190953573946
0.51072425,0.47632127296836524,0.8112598806259074,0.6002267709012465
0.510727,0.476366391967415,0.8112598806259074,0.6002625925037114
0.5107588,0.4764115195149678,0.8112598806259074,0.6002984183821062
0.51085806,0.47636191378493603,0.8110985642845621,0.6002148740594598
0.5109636,0.4765876777251185,0.8110985642845621,0.6003940533758547
0.51104176,0.4765380604796663,0.8109372479432166,0.6003104848335437
0.5111879,0.476583238528631,0.8109372479432166,0.6003463306856267
0.5111882,0.47662842514459086,0.8109372479432166,0.6003821808188338
0.5112146,0.47667362032998295,0.8109372479432166,0.600418035233932
0.5112941,0.477035490605428,0.8109372479432166,0.6007050247948972
0.5113485,0.47697274712752824,0.8102919825778351,0.6004781829044947
0.51138115,0.47701804368471035,0.8102919825778351,0.6005140773502419
0.51139903,0.47706334884604423,0.8102919825778351,0.6005499760875296
0.51141816,0.47710866261398177,0.8102919825778351,0.6005858791171278
0.51145756,0.4771539849909756,0.8102919825778351,0.600621786439806
0.5114732,0.477236004182112,0.8099693498951444,0.6005980861239353
0.51160437,0.47718631178707227,0.809808033553799,0.600514384831162
0.5117555,0.4772316760148303,0.809808033553799,0.6005503050599473
0.5117829,0.4773678204640548,0.809808033553799,0.6006580915340832
0.5118952,0.47741321921065144,0.809808033553799,0.6006940289572933
0.51190937,0.47745862659311394,0.809808033553799,0.6007299706810387
0.51195276,0.4775040426139066,0.809808033553799,0.6007659167060915
0.51195353,0.4775494672754947,0.809808033553799,0.6008018670332237
0.5119612,0.47759490058034443,0.809808033553799,0.6008378216632078
0.5121009,0.4776403425309229,0.809808033553799,0.6008737805968162
0.5121518,0.47768579312969833,0.809808033553799,0.6009097438348218
0.5121595,0.4776360867910164,0.8096467172124536,0.600826001076926
0.51219183,0.4776815456362425,0.8096467172124536,0.6008619657603377
0.51220495,0.4777270131353512,0.8096467172124536,0.600897934749608
0.51224107,0.4777724892908139,0.8096467172124536,0.6009339080455102
0.5122471,0.4778179741051028,0.8096467172124536,0.6009698856488177
0.51232994,0.4778634675806912,0.8096467172124536,0.6010058675603043
0.5123823,0.4778137497619501,0.8094854008711082,0.6009221004725587
0.51238865,0.47785925149985714,0.8094854008711082,0.6009580838318684
0.5125758,0.4779047619047619,0.8094854008711082,0.6009940715008205
0.51280844,0.4779502809791409,0.8094854008711082,0.6010300634801895
0.5128488,0.47799580872547154,0.8094854008711082,0.6010660597707495
0.51301885,0.47794607983233306,0.8093240845297629,0.6009822712022165
0.5130826,0.47789634146341464,0.8091627681884175,0.6008984725961188
0.51311433,0.4779418770843259,0.8091627681884175,0.6009344674728768
0.51312816,0.4779874213836478,0.8091627681884175,0.6009704666622061
0.51318014,0.4780329743638616,0.8091627681884175,0.6010064701648817
0.51321214,0.4780785360274495,0.8091627681884175,0.6010424779816791
0.5132335,0.47812410637689445,0.8091627681884175,0.6010784901133737
0.51325536,0.47816968541468063,0.8091627681884175,0.601114506560741
0.51328385,0.478215273143293,0.8091627681884175,0.601150527324557
0.51330084,0.4782608695652174,0.8091627681884175,0.6011865524055976
0.5133693,0.4783064746829408,0.8091627681884175,0.6012225818046391
0.513394,0.478352088498951,0.8091627681884175,0.6012586155224579
0.51348025,0.4783023366714354,0.8090014518470721,0.6011747782301731
0.5136106,0.4782525753529187,0.8088401355057268,0.6010909308872631
0.5136768,0.47829819708098825,0.8088401355057268,0.6011269631933945
0.51373166,0.47834382751383325,0.8088401355057268,0.6011629998196876
0.5138508,0.47829405591069557,0.8086788191643813,0.6010791366901804
0.5138689,0.47833969465648857,0.8086788191643813,0.6011151747702027
0.51387835,0.47838534211279704,0.8086788191643813,0.6011512171718558
0.5138889,0.4784309982821149,0.8086788191643813,0.601187263895917
0.51397467,0.47838121599694566,0.808517502823036,0.6011033821055536
0.5143335,0.47842688048873616,0.808517502823036,0.6011394302843904
0.5143671,0.478472553699284,0.808517502823036,0.6011754827871063
0.51440084,0.4785182356310865,0.808517502823036,0.6012115396144792
0.5144058,0.47846844266208344,0.8083561864816906,0.601127639155003
0.51457065,0.4785141329258976,0.8083561864816906,0.6011636974381986
0.5146028,0.47855983191672236,0.8083561864816906,0.6011997600475232
0.514656,0.4785100286532951,0.8081948701403452,0.6011158437814034
0.51471645,0.4785557359824243,0.8081948701403452,0.6011519078469051
0.51472896,0.4790590935169248,0.8081948701403452,0.601548898360582
0.514777,0.4791049058047241,0.8081948701403452,0.6015850144087544
0.5148637,0.479150726855394,0.8081948701403452,0.6016211347938886
0.5150228,0.47970126388356954,0.8081948701403452,0.6020549179830691
0.5150267,0.47974719908072394,0.8081948701403452,0.6020910948198667
0.51513624,0.47968959570799,0.807710921116309,0.6019114022956195
0.5152012,0.4797355561943087,0.807710921116309,0.6019475835532713
0.5152135,0.47978152548869296,0.807710921116309,0.601983769160939
0.5152429,0.4802417034337234,0.807710921116309,0.6023458646611866
0.51539105,0.48028776978417265,0.807710921116309,0.6023820981708508
0.51543266,0.4803338449731389,0.807710921116309,0.6024183360399581
0.5155038,0.4802839873356999,0.8075496047749637,0.6023342558050911
0.5155562,0.4803300710036461,0.8075496047749637,0.6023704951562617
0.5156212,0.48028020343537087,0.8073882884336183,0.6022864019249233
0.5158194,0.4803262955854127,0.8073882884336183,0.602322642757821
0.51593137,0.4803723965831654,0.8073882884336183,0.6023588879523545
0.51597553,0.4804185064311768,0.8073882884336183,0.6023951375093113
0.5159916,0.4804646251319958,0.8073882884336183,0.6024313914294792
0.5160101,0.48051075268817206,0.8073882884336183,0.602467649713646
0.5161227,0.48055688910225636,0.8073882884336183,0.6025039123625995
0.51631844,0.4808338937457969,0.8073882884336183,0.6027215799609964
0.5163852,0.48088009223674094,0.8073882884336183,0.602757873185538
0.51640415,0.4809262996060344,0.8073882884336183,0.6027941707811773
0.5164047,0.4809725158562368,0.8073882884336183,0.6028304727487039
0.5164194,0.48134256587805346,0.8073882884336183,0.6031210459716956
0.5164664,0.48138886217178034,0.8073882884336183,0.6031573873217783
0.5164903,0.4813389765294344,0.8072269720922729,0.603073214823274
0.5165237,0.48138528138528136,0.8072269720922729,0.6031095576709795
0.5166108,0.48143159515104866,0.8072269720922729,0.6031459048991884
0.5167052,0.4814779178293082,0.8072269720922729,0.603182256508693
0.5168127,0.4815242494226328,0.8072269720922729,0.6032186125002853
0.51683646,0.48157058993359636,0.8072269720922729,0.6032549728747579
0.5168602,0.48161693936477384,0.8072269720922729,0.6032913376329034
0.51690835,0.481663297718741,0.8072269720922729,0.6033277067755145
0.51690936,0.4816134000770119,0.8070656557509276,0.6032435039484074
0.51693034,0.4816597670164629,0.8070656557509276,0.6032798745925622
0.51696926,0.4817061428846524,0.8070656557509276,0.6033162496226853
0.516991,0.4817525276841598,0.8070656557509276,0.6033526290395704
0.5171941,0.4816456306002505,0.806420390385546,0.6030884304495256
0.5172938,0.4816920408556562,0.806420390385546,0.6031248114853253
0.5172965,0.48164209309048855,0.8062590740442007,0.6030405405400723
0.5174085,0.4816885119506554,0.8062590740442007,0.6030769230764548
0.51757723,0.48173493975903614,0.8062590740442007,0.6031133100031518
0.5177552,0.4817813765182186,0.8062590740442007,0.603149701320958
0.51795584,0.4817314181046949,0.8060977577028553,0.6030654115370648
0.51801854,0.48177786347859625,0.8060977577028553,0.603101804356541
0.51801926,0.48191376483071285,0.8059364413615099,0.6031631051546686
0.5180806,0.48196025467875747,0.8059364413615099,0.6031995170535611
0.5180955,0.48200675349734684,0.8059364413615099,0.6032359333489641
0.5181325,0.48195677344654575,0.8057751250201646,0.603151602970008
0.51833236,0.48200328090321337,0.8057751250201646,0.60318802076997
0.5184232,0.48204979733642156,0.8057751250201646,0.6032244429679514
0.5185367,0.48199980696843936,0.8056138086788192,0.603140096617889
0.5186593,0.48204633204633207,0.8056138086788192,0.6031765203208069
0.5187289,0.48209286610676705,0.8056138086788192,0.6032129484232542
0.5188583,0.482139409152346,0.8056138086788192,0.603249380926028
0.5189942,0.48218596118567153,0.8056138086788192,0.6032858178299253
0.51908255,0.48232567123816883,0.8056138086788192,0.6033951549563369
0.5191767,0.482372259248527,0.8056138086788192,0.6034316094727069
0.5192438,0.48241885625965997,0.8056138086788192,0.6034680683941903
0.5193004,0.4824654622741764,0.8056138086788192,0.6035045317215858
0.51935047,0.482512077294686,0.8056138086788192,0.6035409994556918
0.51935947,0.48246207363030247,0.8054524923374737,0.6034566110703556
0.51941705,0.4825086973328179,0.8054524923374737,0.6034930803162051
0.51951706,0.48255533004735673,0.8054524923374737,0.6035295539702796
0.5195264,0.4830221534294283,0.8054524923374737,0.6038945331393475
0.5195941,0.4830688854489164,0.8054524923374737,0.6039310553366949
0.51960266,0.4831156265118529,0.8054524923374737,0.603967581951872
0.51961535,0.483302681250605,0.8054524923374737,0.6041137326069118
0.5197131,0.48334946757018393,0.8054524923374737,0.6041502813232652
0.51975507,0.4832994481556782,0.8052911759961284,0.6040658276858817
0.519804,0.4833462432223083,0.8052911759961284,0.6041023779265597
0.5198153,0.4833930473516026,0.8052911759961284,0.6041389325905998
0.5199509,0.4834398605461941,0.8052911759961284,0.604175491678805
0.5199585,0.4834866828087167,0.8052911759961284,0.6042120551919785
0.52014047,0.4835335141418055,0.8052911759961284,0.6042486231309238
0.52014613,0.4835803545480965,0.8052911759961284,0.6042851954964443
0.5201982,0.4836272040302267,0.8052911759961284,0.6043217722893441
0.52022445,0.48367406259083423,0.8052911759961284,0.6043583535104269
0.52022463,0.4836240310077519,0.805129859654783,0.6042738664563384
0.5202677,0.4836708983428627,0.805129859654783,0.6043104492064568
0.5203007,0.4836208567551851,0.8049685433134377,0.6042259490217505
0.5203204,0.4836677328680818,0.8049685433134377,0.6042625333005724
0.5203947,0.483714618069019,0.8049685433134377,0.6042991220098247
0.52046305,0.483996120271581,0.8049685433134377,0.6045187473494613
0.5204956,0.4840430691628674,0.8049685433134377,0.6045553670942728
0.5204975,0.48409002716336824,0.8049685433134377,0.6045919912759591
0.5205812,0.4841369942757349,0.8049685433134377,0.6046286198953263
0.5206853,0.4840869396468077,0.8048072269720923,0.6045440775517879
0.52075344,0.48403687530325085,0.8046459106307469,0.6044595249631761
0.52081996,0.484083850931677,0.8046459106307469,0.6044961522142798
0.52087235,0.48413083567892845,0.8046459106307469,0.604532783904512
0.5209333,0.48417782954766064,0.8046459106307469,0.6045694200346803
0.5210453,0.4841185041282176,0.8040006452653654,0.6043409724743701
0.5210798,0.4844949936813454,0.8040006452653654,0.6046342351081078
0.5212347,0.4845420960528874,0.8040006452653654,0.6046709129506984
0.52127826,0.48458920758386,0.8040006452653654,0.6047075952434036
0.52141684,0.4849192449892975,0.8040006452653654,0.6049644959636018
0.5215257,0.48496642989199185,0.8040006452653654,0.6050012138863964
0.52154624,0.48501362397820164,0.8040006452653654,0.6050379362666019
0.5215678,0.4850608272506083,0.8040006452653654,0.6050746631050302
0.52160007,0.4851080397118941,0.8040006452653654,0.605111394402493
0.52162564,0.48534423994546694,0.8040006452653654,0.6052951178037568
0.52166694,0.485391507596416,0.8040006452653654,0.6053318758724886
0.5217066,0.4854387844550502,0.8040006452653654,0.6053686384059438
0.5218941,0.48548607052406,0.8040006452653654,0.6054054054049359
0.5219075,0.4855333658061374,0.8040006452653654,0.6054421768702788
0.52197146,0.48558067030397506,0.8040006452653654,0.6054789528027862
0.5221154,0.4855305466237942,0.80383932892402,0.6053942412824851
0.5221187,0.4855778600662639,0.80383932892402,0.6054310187711724
0.5222294,0.4855277263424618,0.8036780125826746,0.605346294045703
0.5223009,0.4855750487329435,0.8036780125826746,0.6053830730902406
0.5223614,0.4856223803489619,0.8036780125826746,0.605419856604221
0.5226175,0.48566972119321505,0.8036780125826746,0.6054566445884592
0.5227005,0.4857170712684021,0.8036780125826746,0.6054934370437696
0.52270436,0.48566692667706707,0.8035166962413293,0.6054086903671997
0.5227192,0.4857142857142857,0.8035166962413293,0.6054454843802282
0.5227515,0.48604605776736926,0.8035166962413293,0.6057031677504879
0.52283335,0.48609349077778863,0.8035166962413293,0.6057399975673279
0.5228557,0.48614093304704276,0.8035166962413293,0.6057768318633187
0.52285945,0.486090775988287,0.8033553798999838,0.605692045730496
0.52296984,0.4861382272549785,0.8033553798999838,0.6057288815904808
0.52299684,0.48618568778678123,0.8033553798999838,0.6057657219311687
0.5230978,0.4862806366565765,0.8033553798999838,0.6058394160579244
0.52313524,0.486328125,0.8033553798999838,0.6058762698456279
0.523147,0.48627795683172187,0.8031940635586385,0.6057914588144712
0.5232225,0.4863254541902715,0.8031940635586385,0.6058283141687825
0.5232467,0.4863729608283677,0.8031940635586385,0.6058651740078047
0.5232485,0.48642047674872996,0.8031940635586385,0.6059020383323565
0.5232695,0.48646800195407913,0.8031940635586385,0.6059389071432565
0.5232699,0.486515536447137,0.8031940635586385,0.6059757804413242
0.5233017,0.4865630802306264,0.8031940635586385,0.6060126582273782
0.5233256,0.4866106333072713,0.8031940635586385,0.6060495405022384
0.52339387,0.4866581956797967,0.8031940635586385,0.6060864272667242
0.5234466,0.48665036674816625,0.8027101145346024,0.605942523136403
0.5235456,0.486697965571205,0.8027101145346024,0.6059794191068795
0.52361584,0.4867455737063484,0.8027101145346024,0.6060163195708368
0.5236198,0.48679319115632946,0.8027101145346024,0.6060532245290957
0.5236544,0.48674298013892964,0.802548798193257,0.6059683313028186
0.52371424,0.48679060665362034,0.802548798193257,0.6060052378337464
0.52379817,0.48674038555631666,0.8023874818519116,0.6059203313431771
0.52402866,0.4867880211391662,0.8023874818519116,0.6059572394464446
0.5241071,0.4867377899579133,0.8022261655105662,0.6058723196876391
0.5242214,0.4867854346123727,0.8022261655105662,0.605909229362917
0.52423096,0.48683308859520313,0.8022261655105662,0.6059461435355358
0.5243422,0.4868807519091443,0.8022261655105662,0.6059830622063173
0.5244434,0.48692842455693724,0.8022261655105662,0.6060199853760836
0.524473,0.48697610654132395,0.8022261655105662,0.6060569130456573
0.5244869,0.4872623946698021,0.8022261655105662,0.6062785736051379
0.5245539,0.4872121509064184,0.8020648491692208,0.6061936113138433
0.5245661,0.48725989807918463,0.8020648491692208,0.6062305675786311
0.52469486,0.4873076546113888,0.8020648491692208,0.606267528349731
0.5248861,0.4873554205057832,0.8020648491692208,0.6063044936279671
0.5249246,0.4874031957651211,0.8020648491692208,0.606341463414164
0.52496433,0.4872927092532627,0.8010969511211485,0.6059792556432148
0.5251529,0.4873405299313052,0.8010969511211485,0.6060162303979677
0.5253167,0.4873883599960742,0.8010969511211485,0.6060532096651385
0.5253312,0.48743619945033373,0.8010969511211485,0.6060901934455538
0.52538383,0.48748404829684894,0.8010969511211485,0.6061271817400398
0.5253981,0.4871744471744472,0.7996451040490402,0.6054720898981492
0.525687,0.48701554200275426,0.7986772060009679,0.6050717995717872
0.52574366,0.4869650762420069,0.7985158896596225,0.6049865558538436
0.5257615,0.4869146005509642,0.7983545733182772,0.6049013017168183
0.5258411,0.48686411492669485,0.7981932569769318,0.6048160371588007
0.5259319,0.48691202519189136,0.7981932569769318,0.6048530040946335
0.5260375,0.48695994488731426,0.7981932569769318,0.6048899755496516
0.5261829,0.487007874015748,0.7981932569769318,0.6049269515246836
0.5262284,0.48695737769465497,0.7980319406355864,0.6048416676850654
0.52627504,0.487005316007088,0.7980319406355864,0.6048786452278718
0.52633166,0.48705326375898395,0.7980319406355864,0.6049156272922659
0.5264033,0.48710122095313113,0.7980319406355864,0.6049526138790767
0.5266989,0.48714918759231907,0.7980319406355864,0.6049896049891342
0.5267425,0.4871971636793382,0.7980319406355864,0.6050266006232681
0.52679515,0.4874852187623177,0.7980319406355864,0.6052486694801678
0.5268017,0.487533261062383,0.7980319406355864,0.6052856968060873
0.52694976,0.48746792974146436,0.7969027262461688,0.6049103042914533
0.5270418,0.48751603671173394,0.7969027262461688,0.6049473426397445
0.52714795,0.48756415317804974,0.7969027262461688,0.6049843855239916
0.527264,0.48751357220412594,0.7967414099048233,0.6048989589707475
0.52731884,0.48756169792694964,0.7967414099048233,0.6049360034290102
0.52740884,0.48760983315233486,0.7967414099048233,0.6049730524248106
0.5274092,0.4876579778830964,0.7967414099048233,0.6050101059589826
0.5274108,0.48770613212204994,0.7967414099048233,0.6050471640323599
0.5274674,0.48775429587201263,0.7967414099048233,0.605084226645777
0.52768636,0.4877037037037037,0.796580093563478,0.6049987748096245
0.5276962,0.4877518767285658,0.796580093563478,0.6050358389997126
0.5277034,0.48770127432579274,0.7964187772221326,0.6049503737282386
0.5277873,0.48765066192452083,0.7962574608807872,0.604864897983721
0.5278848,0.48769884398774827,0.7962574608807872,0.6049019607838426
0.5279137,0.48774703557312254,0.7962574608807872,0.6049390281262523
0.52793235,0.48779523668346675,0.7962574608807872,0.6049761000117853
0.5279821,0.48784344732160506,0.7962574608807872,0.6050131764412767
0.52807266,0.4878916674903628,0.7962574608807872,0.6050502574155622
0.528152,0.48793989719256625,0.7962574608807872,0.6050873429354773
0.52820957,0.48788927335640137,0.7960961445394419,0.6050018389108932
0.5282788,0.4879375123591062,0.7960961445394419,0.6050389260094595
0.5284832,0.48798576090180956,0.7960961445394419,0.6050760176552424
0.5285649,0.4880340189873418,0.7960961445394419,0.6051131138490782
0.5286642,0.48808228661853426,0.7960961445394419,0.6051502145918033
0.52870494,0.48813056379821956,0.7960961445394419,0.6051873198842549
0.5287135,0.4881788505292314,0.7960961445394419,0.6052244297272698
0.5287385,0.48822714681440443,0.7960961445394419,0.6052615441216849
0.52888113,0.4882754526565746,0.7960961445394419,0.6052986630683377
0.52889854,0.4883237680585791,0.7960961445394419,0.605335786568066
0.52897453,0.4882731321128154,0.7959348281980965,0.6052502453380958
0.5290251,0.48822248614410135,0.795773511856751,0.6051646936142008
0.5291129,0.4881718301494606,0.7956121955154057,0.6050791313944496
0.5291462,0.4882201544248664,0.7956121955154057,0.6051162505363055
0.52916986,0.4882684882684883,0.7956121955154057,0.6051533742326574
0.5292151,0.4883168316831683,0.7956121955154057,0.6051905024843435
0.5292871,0.48836518467174966,0.7956121955154057,0.6052276352922026
0.52931464,0.48841354723707664,0.7956121955154057,0.6052647726570729
0.5294531,0.4884619193819946,0.7956121955154057,0.6053019145797937
0.5296348,0.48841125198098256,0.7954508791740603,0.6052163240253033
0.5296373,0.48845963348192173,0.7954508791740603,0.6052534675335902
0.5296542,0.4885080245690509,0.7954508791740603,0.6052906156013207
0.5296578,0.48855642524521947,0.7954508791740603,0.6053277682293345
0.52966285,0.4885057471264368,0.7952895628327149,0.6052421582464133
0.52973735,0.48855415716975525,0.7952895628327149,0.6052793124611614
0.5298538,0.4886025768087215,0.7952895628327149,0.6053164712377874
0.529883,0.48865100604618894,0.7952895628327149,0.6053536345771316
0.52989966,0.4886994448850119,0.7952895628327149,0.6053908024800344
0.5299415,0.488747893328046,0.7952895628327149,0.6054279749473365
0.5300473,0.4887963513781479,0.7952895628327149,0.6054651519798785
0.53012604,0.4887456618740704,0.7951282464913696,0.6053795136325424
0.5301261,0.48879412931376437,0.7951282464913696,0.6054166922552553
0.5301714,0.48932790628412587,0.7951282464913696,0.6058259587015933
0.53023064,0.4893764892772041,0.7951282464913696,0.6058631921819387
0.5303357,0.4894250819183795,0.7951282464913696,0.6059004302392333
0.5303648,0.48947368421052634,0.7951282464913696,0.6059376728743209
0.53036666,0.48952229615652,0.7951282464913696,0.6059749200880455
0.5303731,0.48957091775923717,0.7951282464913696,0.606012171881252
0.5305743,0.48976143141153083,0.7948056138086789,0.6060643335993805
0.5307075,0.4898101202902873,0.7948056138086789,0.6061016115138596
0.53070873,0.49029754204398446,0.7948056138086789,0.6064746430325167
0.53072876,0.4903463375796178,0.7948056138086789,0.6065119714404094
0.53073436,0.4902956106300388,0.7946442974673334,0.6064261972173046
0.5307485,0.49034441568783593,0.7946442974673334,0.6064635272386785
0.53078794,0.4903932304629169,0.7946442974673334,0.6065008618562135
0.5307918,0.490442054958184,0.7946442974673334,0.6065382010707587
0.53087103,0.4904908891765409,0.7946442974673334,0.606575544883163
0.53089947,0.4905397331208923,0.7946442974673334,0.6066128932942757
0.5309247,0.4911755907867185,0.7946442974673334,0.6070988415080317
0.5309263,0.4911248504188273,0.794482981125988,0.6070130030191864
0.53095466,0.4911738306572255,0.794482981125988,0.6070504129170675
0.53111863,0.4912228206662677,0.794482981125988,0.6070878274263382
0.531139,0.49117206982543643,0.7943216647846427,0.6070019723861155
0.5312236,0.4912210694333599,0.7943216647846427,0.6070393885219959
0.5312401,0.49117030829093083,0.7941603484432973,0.6069535199107593
0.5314492,0.4912193175014967,0.7941603484432973,0.606990937672914
0.531505,0.4911685460532881,0.7939990321019519,0.6069050554865807
0.53155345,0.49121756487025947,0.7939990321019519,0.6069424748746741
0.5315807,0.49116678311208706,0.7938377157606066,0.606856579109159
0.5316846,0.4912158115392294,0.7938377157606066,0.606894000122855
0.5317221,0.49116501946690627,0.7936763994192612,0.6068080907740713
0.5318444,0.49121405750798725,0.7936763994192612,0.6068455134130337
0.5318558,0.491263105341987,0.7936763994192612,0.6068829406680857
0.53193605,0.49131216297183944,0.7936763994192612,0.6069203725400816
0.5320137,0.4912561207154992,0.7930311340538797,0.606688880661011
0.5320516,0.49130521686987805,0.7930311340538797,0.6067263190368617
0.53207725,0.4913543228385807,0.7930311340538797,0.6067637620335932
0.53226507,0.49140343862455016,0.7930311340538797,0.606801209652061
0.5322699,0.4914525642307308,0.7930311340538797,0.6068386618931211
0.5323825,0.49150169966006796,0.7930311340538797,0.6068761187576288
0.53240234,0.4914508549145086,0.7928698177125343,0.6067901234563177
0.53241557,0.4915,0.7928698177125343,0.6068275819490305
0.5325011,0.49144914491449143,0.7927085013711889,0.6067415730332354
0.53254396,0.4918426583925533,0.7927085013711889,0.6070413835696323
0.5326362,0.4918918918918919,0.7927085013711889,0.607078880721005
0.5327121,0.49194113524877364,0.7927085013711889,0.607116382505087
0.5327195,0.4918902683219864,0.7925471850298436,0.6070303329827855
0.5327975,0.4919395213777911,0.7925471850298436,0.6070678364013562
0.53282046,0.49198878429801723,0.7925471850298436,0.6071053444542693
0.5328519,0.4920380570856284,0.7925471850298436,0.6071428571423845
0.5329636,0.49208733974358976,0.7925471850298436,0.6071803744665607
0.53301084,0.49213663227486726,0.7925471850298436,0.6072178964276573
0.53324234,0.4921859346824284,0.7925471850298436,0.6072554230265343
0.5333084,0.49223524696924154,0.7925471850298436,0.6072929542640514
0.533387,0.49218280216476246,0.7922245523471527,0.6071583111820703
0.53339225,0.49223213390798837,0.7922245523471527,0.6071958456968565
0.533505,0.49228147554129914,0.7922245523471527,0.6072333848526957
0.5335233,0.4923308270676692,0.7922245523471527,0.6072709286504485
0.533581,0.4923801884900742,0.7922245523471527,0.6073084770909759
0.5336406,0.492429559811491,0.7922245523471527,0.6073460301751393
0.5337057,0.4924789410348977,0.7922245523471527,0.6073835879038002
0.53382677,0.4925283321632735,0.7922245523471527,0.6074211502778203
0.5338472,0.49297329853443084,0.7922245523471527,0.6077594208274462
0.5338517,0.4930227888766188,0.7922245523471527,0.6077970297024974
0.5339927,0.4929718875502008,0.7920632360058074,0.6077108731971259
0.5340057,0.4930213876895271,0.7920632360058074,0.6077484837227602
0.53434145,0.4930708977706367,0.7920632360058074,0.6077860989040266
0.53475076,0.49312041779652505,0.7920632360058074,0.60782371874179
0.5347852,0.4930695058256328,0.791901919664462,0.6077375425560111
0.53480214,0.4931190356604721,0.791901919664462,0.6077751640455837
0.53480875,0.49316857544705645,0.791901919664462,0.607812790193299
0.5351615,0.4931176529689541,0.7917406033231166,0.6077265973249355
0.5352625,0.49316720257234725,0.7917406033231166,0.6077642251249062
0.53526896,0.49321676213445886,0.7917406033231166,0.6078018575846662
0.53532124,0.4932663316582915,0.7917406033231166,0.6078394947050816
0.5353522,0.49321539853251584,0.7915792869817713,0.6077532821397301
0.53550214,0.4931644551668677,0.7914179706404258,0.6076670588959163
0.53551286,0.4931135015582588,0.7912566542990805,0.6075808249716562
0.5356564,0.49316308063543135,0.7912566542990805,0.6076184577263773
0.5356678,0.49321266968325794,0.7912566542990805,0.6076560951432336
0.5357342,0.4932622687047466,0.7912566542990805,0.6076937372230913
0.5358446,0.4933118777029066,0.7912566542990805,0.6077313839668171
0.5358982,0.4932609132971233,0.7910953379577351,0.6076451273150587
0.5359141,0.4933105321396238,0.7910953379577351,0.6076827757120424
0.5360408,0.49336016096579477,0.7910953379577351,0.6077204287745438
0.53612226,0.49330918603481233,0.7909340216163897,0.607634155409119
0.53614336,0.49335882471322196,0.7909340216163897,0.6076718101253247
0.5361903,0.49340847338230853,0.7909340216163897,0.6077094695086989
0.5361958,0.4934581320450886,0.7909340216163897,0.6077471335601093
0.5364129,0.4934071464519376,0.7907727052750444,0.6076608404606648
0.5364792,0.49375503626107975,0.7907727052750444,0.6079245984989375
0.5365459,0.4938520459584761,0.7904500725923536,0.6079027355618366
0.53657234,0.4939018244128616,0.7904500725923536,0.6079404466496506
0.5366225,0.49454985870004037,0.7904500725923536,0.6084311169052197
0.53668046,0.4944988392046028,0.7902887562510083,0.6083447162543383
0.53675395,0.49444780940843935,0.7901274399096628,0.6082583048737891
0.53681135,0.4944977284199899,0.7901274399096628,0.6082960755087167
0.53683287,0.4945476575121163,0.7901274399096628,0.6083338508347745
0.53684956,0.4944966171867111,0.7899661235683175,0.6082474226799388
0.5368636,0.49454655625126237,0.7899661235683175,0.6082851996765651
0.53687954,0.4945965054034946,0.7899661235683175,0.608322981365986
0.5369071,0.4949464321811199,0.7899661235683175,0.608587584663666
0.53695196,0.49499646214495097,0.7899661235683175,0.6086254039269436
0.5375083,0.4950465022240194,0.7899661235683175,0.6086632278908942
0.5375262,0.4950945686254678,0.7896434908856267,0.6086037548173803
0.5377564,0.49514464899858385,0.7896434908856267,0.6086415915444439
0.5378404,0.49519473950429943,0.7896434908856267,0.6086794329763976
0.53785753,0.4951387482276686,0.7886755928375544,0.6083494058353999
0.53789115,0.49518889901752255,0.7886755928375544,0.6083872573414872
0.537897,0.4952390599675851,0.7886755928375544,0.6084251135581099
0.5379193,0.4952892310809442,0.7886755928375544,0.6084629744861471
0.537964,0.49533941236068896,0.7886755928375544,0.6085008401264785
0.5380286,0.4952882764211166,0.7885142764962091,0.6084142394817267
0.53805566,0.49533846777462504,0.7885142764962091,0.6084521068022894
0.53807694,0.49538866930171277,0.7885142764962091,0.6084899788368222
0.5381108,0.49543888100547334,0.7885142764962091,0.608527855586205
0.53811514,0.4954891028890015,0.7885142764962091,0.6085657370513188
0.5382118,0.4955393349553934,0.7885142764962091,0.6086036232330441
0.538241,0.4955895772077461,0.7885142764962091,0.6086415141322616
0.53841263,0.49563982964915837,0.7885142764962091,0.6086794097498529
0.5384773,0.4956900922827299,0.7885142764962091,0.608717310086699
0.5385117,0.4957403651115619,0.7885142764962091,0.6087552151436819
0.53856516,0.49579064813875645,0.7885142764962091,0.608793124921683
0.5385719,0.4958409413674173,0.7885142764962091,0.6088310394215849
0.5386006,0.4957897940549863,0.7883529601548637,0.6087443946183599
0.53864795,0.49573863636363635,0.7881916438135184,0.6086577390216374
0.5387128,0.49578893962455606,0.7881916438135184,0.608695652173439
0.5388567,0.4958392530951898,0.7881916438135184,0.6087335700487378
0.5390477,0.4958895767786461,0.7881916438135184,0.6087714926484169
0.53908247,0.4958384084449858,0.7880303274721729,0.6086848171448751
0.539138,0.49588874225966906,0.7880303274721729,0.6087227414325477
0.53923553,0.49593908629441624,0.7880303274721729,0.6087606704462827
0.53946817,0.49598944055234034,0.7880303274721729,0.6087986041869635
0.53948843,0.49603980503655565,0.7880303274721729,0.6088365426554739
0.539581,0.4960901797501777,0.7880303274721729,0.6088744858526979
0.53965175,0.4961405646963234,0.7880303274721729,0.6089124337795195
0.53968513,0.4960893854748603,0.7878690111308275,0.6088257292441032
0.5397234,0.49603819585534337,0.7877076947894822,0.6087390138996692
0.53972554,0.49623983739837396,0.7877076947894822,0.6088908286048004
0.53972805,0.49629027340176846,0.7877076947894822,0.6089287941135051
0.53982943,0.49634071965846716,0.7877076947894822,0.6089667643569492
0.53995156,0.49628951916234626,0.7875463784481368,0.6088800199546267
0.5399622,0.49633997559983734,0.7875463784481368,0.6089179918922604
0.540042,0.4962887646161668,0.7873850621067914,0.608831233628065
0.5402286,0.496237543217409,0.7872237457654461,0.6087444645414081
0.54028064,0.4962880097630428,0.7872237457654461,0.6087824351292661
0.54035085,0.4963384865744508,0.7872237457654461,0.6088204104542695
0.5403593,0.4962872546027871,0.7870624294241007,0.6087336244536741
0.54039407,0.4963875038160171,0.7869011130827552,0.6087607637584174
0.5404282,0.4963362507632811,0.7867397967414099,0.6086739469574038
0.5404473,0.49638676844783713,0.7867397967414099,0.6087119321013728
0.5404624,0.4964372964169381,0.7867397967414099,0.6087499219866691
0.5404843,0.4964878346737249,0.7867397967414099,0.6087879166141803
0.54064727,0.49653838322133986,0.7867397967414099,0.6088259159847949
0.54070234,0.49658894206292636,0.7867397967414099,0.6088639200994006
0.5407483,0.49648568809208515,0.7862558477173738,0.6086413586408841
0.5407581,0.4965362673186634,0.7862558477173738,0.6086793630966219
0.54087347,0.4965868568517575,0.7862558477173738,0.6087173722987637
0.5409132,0.49663745669451803,0.7862558477173738,0.6087553862481985
0.54098576,0.4966880668500968,0.7862558477173738,0.6087934049458157
0.5410717,0.4971440228478172,0.7862558477173738,0.6091357870394554
0.54113144,0.4971947363052127,0.7862558477173738,0.6091738532678668
0.54126203,0.4972454601101816,0.7862558477173738,0.6092119242542594
0.541359,0.49760081674323636,0.7862558477173738,0.6094785544574469
0.5414118,0.49821118266380454,0.7862558477173738,0.6099361782000007
0.5414554,0.49826211408709875,0.7862558477173738,0.6099743445336593
0.5418142,0.49831305592475206,0.7862558477173738,0.6100125156440808
0.5418697,0.4983640081799591,0.7862558477173738,0.6100506915321616
0.54192233,0.4983127109111361,0.7860945313760284,0.6099637000871455
0.54194856,0.4983636735528738,0.7860945313760284,0.6100018776987176
0.5419846,0.4987207041244499,0.7860945313760284,0.610269254852374
0.5420007,0.49866939611054245,0.785933215034683,0.6101822280664044
0.5420025,0.4987204422151704,0.785933215034683,0.6102204408812886
0.5421745,0.4987199180747568,0.7856105823519922,0.6101227762460796
0.5422465,0.49877099549365017,0.7856105823519922,0.6101609973057956
0.54226273,0.49882208337601147,0.7856105823519922,0.610199223154518
0.54231095,0.49877074370006147,0.7854492660106469,0.6101121483611563
0.542416,0.49882184202438273,0.7854492660106469,0.6101503759393745
0.5425125,0.49887295081967215,0.7854492660106469,0.6101886083083162
0.54255426,0.49892407008914846,0.7854492660106469,0.610226845468882
0.5425988,0.4990769230769231,0.7849653169866108,0.6101949965510327
0.542836,0.4991281157041748,0.7849653169866108,0.6102332580883133
0.5429165,0.49917931883463273,0.7849653169866108,0.6102715244241814
0.542921,0.4992305324715297,0.7849653169866108,0.6103097955595398
0.54296887,0.49917898193760263,0.78464268430392,0.6101737439623923
0.54298395,0.4992297422203964,0.7841587352798839,0.6100652610437014
0.54298985,0.4992810188989318,0.7841587352798839,0.6101035456537449
0.54300624,0.49922958397534667,0.7839974189385385,0.6100163173084238
0.54301095,0.4992808711732073,0.7839974189385385,0.6100546036523206
0.5431189,0.4992294256652625,0.783836102597193,0.6099673612849877
0.54315996,0.4992807233867653,0.783836102597193,0.6100056493624021
0.5432641,0.4993320316514233,0.783836102597193,0.6100439422468567
0.54335487,0.49928057553956834,0.7836747862558477,0.60995668277936
0.54346967,0.49922879177377893,0.7831908372318116,0.6097714142170577
0.5435055,0.49928013163307283,0.7831908372318116,0.609809709225173
0.5435313,0.4992286331379204,0.7830295208904662,0.6097223966833581
0.54353577,0.499485490841737,0.7830295208904662,0.6099139285036395
0.5435404,0.499433981681589,0.7828682045491209,0.6098265895949001
0.5435523,0.49938246191848495,0.7827068882077755,0.6097392397104888
0.54370135,0.4993309315491508,0.78254557186643,0.6096518788483367
0.54372126,0.4993823347745522,0.78254557186643,0.6096901904098806
0.5437249,0.49943374858437145,0.78254557186643,0.6097285067868548
0.5439111,0.4994851729818781,0.78254557186643,0.6097668279801667
0.5439149,0.4995366079703429,0.78254557186643,0.6098051539907248
0.54400194,0.4995880535530381,0.78254557186643,0.6098434848194375
0.54414636,0.4996395097332372,0.78254557186643,0.6098818204672135
0.5441939,0.4997938569367141,0.7822229391837393,0.6098987485059074
0.5442476,0.49984537676528196,0.7822229391837393,0.6099371069177631
0.54438454,0.4998969072164948,0.7822229391837393,0.6099754701548799
0.5444026,0.5001031991744066,0.7817389901597032,0.609981748378906
0.5444889,0.5001548147383631,0.7817389901597032,0.6100201409864325
0.5446926,0.500206440957886,0.7817389901597032,0.6100585384271694
0.54486233,0.5001548467017652,0.7815776738183579,0.6099710436857887
0.54494596,0.5001032417922775,0.7814163574770124,0.6098835379283877
0.54497516,0.5001548786783686,0.7814163574770124,0.609921934021181
0.54498094,0.5002065262288311,0.7814163574770124,0.6099603349488409
0.54504466,0.500465404902265,0.7806097757702856,0.6099067305263703
0.5450541,0.5008798261049581,0.7806097757702856,0.6102143757876701
0.5450718,0.5009316770186335,0.7806097757702856,0.6102528532689607
0.54510754,0.5009835386685992,0.7806097757702856,0.6102913356030046
0.5452315,0.50103541105819,0.7806097757702856,0.61032982279072
0.54527986,0.5010872941907425,0.7806097757702856,0.6103683148330253
0.5454031,0.5009326424870466,0.7798031940635587,0.6100069405005016
0.54541826,0.5009845579852834,0.7798031940635587,0.6100454315997256
0.5454468,0.5010364842454395,0.7798031940635587,0.61008392755679
0.54553944,0.5010884212708614,0.7798031940635587,0.6101224283726147
0.5455782,0.5011403690648973,0.7798031940635587,0.6101609340481194
0.5456846,0.5011923276308968,0.7798031940635587,0.6101994445842244
0.5457143,0.5012442969722107,0.7798031940635587,0.6102379599818503
0.54573095,0.5012962770921913,0.7798031940635587,0.6102764802419173
0.54585254,0.5013482679941921,0.7798031940635587,0.6103150053653464
0.54608756,0.5014002696815683,0.7798031940635587,0.6103535353530589
0.54620415,0.5014522821576763,0.7798031940635587,0.610392070205976
0.5463083,0.5015043054258741,0.7798031940635587,0.6104306099250192
0.5463852,0.5020251324125039,0.7798031940635587,0.610816274955298
0.54653656,0.5020772746157042,0.7798031940635587,0.6108548682626181
0.54656017,0.5021294276513971,0.7798031940635587,0.6108934664471414
0.54656345,0.5021815915229586,0.7798031940635587,0.610932069509792
0.54670715,0.5022337662337663,0.7798031940635587,0.6109706774514951
0.5467478,0.5022859517871987,0.7798031940635587,0.6110092902731757
0.5468313,0.5023381481866361,0.7798031940635587,0.611047907975759
0.54683554,0.5023903554354604,0.7798031940635587,0.6110865305601706
0.5469878,0.5023386342376053,0.7796418777222133,0.6109987357770202
0.5470633,0.5023908523908523,0.7796418777222133,0.6110373601360679
0.5472125,0.502443081401393,0.7796418777222133,0.6110759893787115
0.54726106,0.5024953212726139,0.7796418777222133,0.6111146235058773
0.54726374,0.5025475720079027,0.7796418777222133,0.6111532625184913
0.5473071,0.502599833610649,0.7796418777222133,0.6111919064174809
0.54733354,0.5026521060842434,0.7796418777222133,0.6112305552037727
0.54746705,0.5027043894320782,0.7796418777222133,0.6112692088782938
0.5474922,0.5027566836575471,0.7796418777222133,0.6113078674419721
0.5475222,0.5027049521431544,0.7794805613808679,0.6112200366828451
0.54760504,0.5027572573093331,0.7794805613808679,0.6112586970267212
0.54761904,0.5027055150884495,0.7793192450395225,0.6111708520458261
0.5476514,0.5027578311999168,0.7793192450395225,0.6112095141695637
0.5476845,0.5028101582014988,0.7793192450395225,0.611248181185074
0.54784304,0.5028624960965963,0.7793192450395225,0.6112868530932852
0.5478617,0.5028107432854466,0.7791579286981771,0.6111989876616554
0.5479822,0.5028630921395106,0.7791579286981771,0.6112376613510796
0.5480481,0.5029154518950437,0.7791579286981771,0.6112763399349784
0.5480731,0.5029678225554515,0.7791579286981771,0.6113150234142809
0.54810476,0.5030202041241408,0.7791579286981771,0.6113537117899162
0.5481074,0.5030725966045204,0.7791579286981771,0.6113924050628143
0.54818934,0.503125,0.7791579286981771,0.611431103233905
0.54839563,0.503177414313991,0.7791579286981771,0.6114698063041185
0.54842955,0.5032298395499062,0.7791579286981771,0.6115085142743854
0.5485664,0.5032822757111597,0.7791579286981771,0.611547227145636
0.5485955,0.5036496350364964,0.7791579286981771,0.6118183545501595
0.54859585,0.5037021587235374,0.7791579286981771,0.6118571066628116
0.5486366,0.5038080333854982,0.7789966123568317,0.6118854536234459
0.54879344,0.5038606010016694,0.7789966123568317,0.6119242222639847
0.54902923,0.5038088281331524,0.7788352960154864,0.6118362691669288
0.5490432,0.5038614068044249,0.7788352960154864,0.6118750396041108
0.54905194,0.5039139964513099,0.7788352960154864,0.611913814955163
0.549172,0.5039665970772442,0.7788352960154864,0.6119525952210199
0.5492206,0.5040192086856665,0.7788352960154864,0.6119913804026159
0.54926,0.5040718312800168,0.7788352960154864,0.6120301705008856
0.5492715,0.5041244648637361,0.7788352960154864,0.6120689655167643
0.549278,0.5041771094402674,0.7788352960154864,0.6121077654511871
0.54935414,0.5042297650130548,0.7788352960154864,0.612146570305089
0.54942226,0.5041779820346772,0.778673979674141,0.6120585811191577
0.5494693,0.5042306486994672,0.778673979674141,0.6120973877753281
0.5494771,0.5041788549937317,0.7785126633327956,0.6120093843125023
0.5495314,0.5041270504649462,0.7783513469914503,0.6119213696888063
0.5496373,0.5040752351097179,0.7781900306501048,0.6118333439021164
0.54969794,0.5041279130525655,0.7781900306501048,0.6118721461182441
0.54976535,0.5040760869565217,0.7780287143087595,0.6117841060437925
0.5498283,0.5041287760008362,0.7780287143087595,0.6118229100591447
0.5498591,0.5041814760610496,0.7780287143087595,0.6118617189973027
0.5499124,0.5042341871406169,0.7780287143087595,0.6119005328592032
0.54991615,0.5042869092429946,0.7780287143087595,0.611939351645783
0.5500205,0.5042350726759385,0.7778673979674141,0.6118512879071486
0.55008197,0.5042878058983477,0.7778673979674141,0.6118901084951766
0.55012953,0.5043405501516578,0.7778673979674141,0.6119289340096751
0.550202,0.5043933054393306,0.7778673979674141,0.6119677644515817
0.55021733,0.5048686001465815,0.7778673979674141,0.612317460316983
0.5502472,0.5048197820620285,0.7772221326020325,0.6120815600579612
0.5502572,0.5047678926962171,0.7770608162606872,0.6119933934692214
0.55050105,0.5048207922867324,0.7770608162606872,0.6120322724091535
0.5505639,0.5048737029661461,0.7770608162606872,0.6120711562892304
0.5507036,0.5049266247379455,0.7770608162606872,0.6121100451103936
0.5507564,0.5048747248139218,0.7768994999193418,0.6120218579230198
0.55094343,0.5048228140071294,0.7767381835779964,0.611933659528022
0.5509857,0.504770892314145,0.7765768672366511,0.6118454499232643
0.55099535,0.5048238255033557,0.7765768672366511,0.6118843342861446
0.55106455,0.5048767697954903,0.7765768672366511,0.6119232235917431
0.5511622,0.5049297251940423,0.7765768672366511,0.6119621178410021
0.5511786,0.5048777929298227,0.7764155508953057,0.6118738876171171
0.55119056,0.5049307595467898,0.7764155508953057,0.6119127836750675
0.5512499,0.5049837372783549,0.7764155508953057,0.6119516846784799
0.5512631,0.5049317943336831,0.7762542345539604,0.6118634369630929
0.55127966,0.5049847832931053,0.7762542345539604,0.6119023397757177
0.55148625,0.5049328295549959,0.776092918212615,0.6118140777002917
0.5515745,0.5049858297470348,0.776092918212615,0.6118529823217912
0.5516356,0.5050388410665547,0.776092918212615,0.6118918918914144
0.5517119,0.5050918635170604,0.776092918212615,0.6119308064101049
0.5517807,0.505144897102058,0.776092918212615,0.6119697258788074
0.55183184,0.5051979418250552,0.776092918212615,0.6120086502984665
0.55184215,0.5051459777357697,0.7759316018712695,0.6119203612996941
0.55188346,0.5051990337149459,0.7759316018712695,0.6119592875313289
0.5519248,0.5052023121387283,0.7754476528472334,0.6118111238381375
0.55202043,0.5051503048139584,0.7752863365058881,0.6117227773176664
0.55204076,0.5052034058656575,0.7752863365058881,0.6117617107938196
0.55205315,0.5051513877207737,0.7751250201645427,0.6116733498817704
0.55213505,0.5057362382907062,0.7751250201645427,0.6121019108275475
0.5522247,0.5057894736842106,0.7751250201645427,0.6121409006938339
0.5523538,0.5058427202863459,0.7751250201645427,0.6121798955276148
0.5523748,0.5058959781006528,0.7751250201645427,0.61221889532984
0.5524132,0.5059492471306728,0.7751250201645427,0.6122579001014588
0.55241895,0.5060025273799494,0.7751250201645427,0.6122969098434213
0.55250067,0.5060558188520273,0.7751250201645427,0.6123359245566776
0.5526029,0.506109121550453,0.7751250201645427,0.6123749442421779
0.55266476,0.5061624354787738,0.7751250201645427,0.612413968900873
0.55267245,0.5062157606405394,0.7751250201645427,0.6124529985337136
0.55273235,0.5062690970393003,0.7751250201645427,0.6124920331416507
0.5527436,0.5063224446786091,0.7751250201645427,0.6125310727256359
0.5528188,0.5063758035620192,0.7751250201645427,0.6125701172866204
0.5529691,0.506429173693086,0.7751250201645427,0.6126091668255562
0.5529753,0.5067004326263586,0.7746410711405065,0.6126562898693866
0.5530314,0.5067539046010975,0.7746410711405065,0.6126953748001597
0.55304796,0.5068073878627969,0.7746410711405065,0.6127344647181642
0.5531106,0.5067553303778763,0.7744797547991612,0.6126459516360943
0.553168,0.5068088250818115,0.7744797547991612,0.6126850433890063
0.55326694,0.506862331081081,0.7744797547991612,0.6127241401309748
0.55335474,0.5069723219945067,0.7741571221164704,0.6127034790930423
0.5533926,0.5070258848388801,0.7741571221164704,0.6127425944836892
0.55344594,0.5070839500951575,0.7736731730924342,0.6126333269459354
0.55349296,0.5071375700539283,0.7736731730924342,0.6126724578431599
0.5535124,0.5071912013536379,0.7736731730924342,0.6127115937395408
0.5535579,0.5072448439978847,0.7736731730924342,0.6127507346360362
0.5537192,0.5072984979902687,0.7736731730924342,0.6127898805336046
0.5539604,0.5073521633343911,0.7736731730924342,0.6128290314332041
0.55417776,0.5074058400338552,0.7736731730924342,0.612868187335794
0.5542019,0.5074595280922654,0.7736731730924342,0.6129073482423331
0.5542882,0.5072003388394748,0.772705275044362,0.612414498497252
0.5543674,0.5071481520703166,0.7725439587030166,0.6123257895405009
0.55442005,0.5072018640118618,0.7725439587030166,0.612364938302699
0.55450153,0.5073155216284987,0.7718986933376351,0.6122448979587048
0.55457276,0.5073693139645848,0.7718986933376351,0.6122840690974101
0.55458456,0.5076384468491407,0.7718986933376351,0.6124799999995212
0.55463964,0.5076923076923077,0.7718986933376351,0.6125192012283999
0.5546511,0.5077461799660441,0.7718986933376351,0.6125584074756782
0.55466336,0.5076988425188489,0.7712534279722536,0.6123206967208327
0.5547123,0.5077527612574342,0.7712534279722536,0.6123599103421404
0.55473006,0.5078066914498142,0.7712534279722536,0.612399128986328
0.55475867,0.5078606330996388,0.7712534279722536,0.6124383526543602
0.5548118,0.5078083501540422,0.7710921116309082,0.6123494747625239
0.55485207,0.5078639744952178,0.7709307952895629,0.6123390351715372
0.55498046,0.5078116696779679,0.7707694789482175,0.6122501281389368
0.5550243,0.5078656462585034,0.7707694789482175,0.6122893573391763
0.55513376,0.5078133304985649,0.770608162606872,0.6122004357293687
0.5551731,0.5078673187327238,0.770608162606872,0.6122396667729911
0.5551998,0.5079213184476342,0.770608162606872,0.6122789028449453
0.5552156,0.5079753296469588,0.770608162606872,0.612318143946198
0.5552168,0.5084078331204768,0.770608162606872,0.6126322539270618
0.55521744,0.5084619478445982,0.770608162606872,0.6126715403355477
0.5553671,0.5084096231637215,0.7704468462655267,0.6125825691010409
0.5553777,0.5083572873416374,0.7702855299241813,0.6124935864541131
0.5555904,0.508304940374787,0.7701242135828359,0.6124045923925682
0.55568504,0.5083590671919923,0.7701242135828359,0.6124438742779045
0.555713,0.5084132055378062,0.7701242135828359,0.6124831612029334
0.555766,0.5084673554159123,0.7701242135828359,0.6125224531686253
0.55586696,0.5084149978696207,0.7699628972414906,0.6124334381210323
0.5560101,0.5084691594758709,0.7699628972414906,0.6124727319384404
0.5560226,0.5084167909652674,0.7698015809001452,0.6123837022773521
0.55604136,0.5084709643047416,0.7698015809001452,0.6124229979461326
0.55606,0.5085342436526563,0.7689949991934183,0.6122134463489717
0.55606943,0.5084818094526833,0.7688336828520729,0.6121243257123385
0.55610853,0.5085360648740931,0.7688336828520729,0.6121636375308289
0.556328,0.5085903318749333,0.7688336828520729,0.6122029543990068
0.5563505,0.508537886872999,0.7686723665107276,0.6121138159157644
0.55642426,0.5085921656526844,0.7686723665107276,0.6121531346346697
0.55649996,0.5086464560204953,0.7686723665107276,0.6121924584051223
0.55660015,0.508700757980143,0.7686723665107276,0.6122317872280957
0.55665964,0.5087550715353406,0.7686723665107276,0.612271121104564
0.5566697,0.5087026161238655,0.7685110501693821,0.6121819583649794
0.556685,0.5087569414780009,0.7685110501693821,0.6122212940944896
0.5566862,0.5088112784363986,0.7685110501693821,0.6122606348793562
0.5567077,0.5088656270027772,0.7685110501693821,0.612299980720554
0.556821,0.5089199871808567,0.7685110501693821,0.6123393316190578
0.556862,0.5089743589743589,0.7685110501693821,0.612378687575843
0.55688167,0.5090287423870071,0.7685110501693821,0.6124180485918845
0.5568907,0.5089762769822612,0.7683497338280367,0.6123288551772541
0.5570464,0.5089839572192514,0.7677044684626553,0.6121293973884201
0.5573215,0.5089314365172746,0.7675431521213099,0.6120401337787847
0.55737007,0.5089858793324775,0.7675431521213099,0.6120795008678552
0.55737466,0.5089467480981463,0.7662526213905468,0.6116404841612509
0.5574459,0.5090012858979854,0.7662526213905468,0.6116798660738233
0.5575539,0.5090558353874183,0.7662526213905468,0.6117192530581166
0.55760133,0.5091103965702036,0.7662526213905468,0.6117586451151105
0.5576405,0.5091649694501018,0.7662526213905468,0.611798042245785
0.55770934,0.5092195540308748,0.7662526213905468,0.6118374444511208
0.55772316,0.5092741503162861,0.7662526213905468,0.6118768517320979
0.55774033,0.5093287583101008,0.7662526213905468,0.6119162640896973
0.5577542,0.5093833780160858,0.7662526213905468,0.6119556815249002
0.55780584,0.5094380094380094,0.7662526213905468,0.611995104038688
0.5579883,0.5093853909685724,0.7660913050492015,0.6119056822569613
0.5581268,0.5093327612100408,0.7659299887078561,0.6118162489525516
0.55832934,0.5093874047848943,0.7659299887078561,0.611855670102613
0.55852944,0.5094420600858369,0.7659299887078561,0.6118950963330468
0.5586558,0.5101536477919846,0.7659299887078561,0.6124081000898077
0.55868757,0.5102699214969352,0.76544603968382,0.6123370757512299
0.5587126,0.5106543263021954,0.76544603968382,0.6126137757402726
0.55883116,0.5103931071620894,0.7644781416357477,0.6121157323684168
0.55884373,0.5104480827229643,0.7644781416357477,0.6121552670666257
0.5588519,0.5107805088400172,0.7643168252944024,0.6123424878832031
0.5589285,0.5108355795148248,0.7643168252944024,0.6123820602295831
0.55904496,0.510890662065991,0.7643168252944024,0.6124216376909822
0.55918723,0.510945756497358,0.7643168252944024,0.6124612202683926
0.55926555,0.5110008628127696,0.7643168252944024,0.6125008079628058
0.559288,0.5110559810160716,0.7643168252944024,0.6125404007752147
0.55929416,0.5111111111111111,0.7643168252944024,0.6125799987066113
0.5594615,0.511166253101737,0.7643168252944024,0.6126196017579889
0.55958045,0.5111207082703519,0.7636715599290208,0.6123795356052372
0.55977386,0.511175898931001,0.7636715599290208,0.6124191461832195
0.5597875,0.511231101511879,0.7636715599290208,0.6124587618857994
0.55983335,0.5112863160168485,0.7636715599290208,0.6124983827139716
0.55985564,0.5113415424497731,0.7636715599290208,0.6125380086687309
0.5599375,0.5113967808145188,0.7636715599290208,0.6125776397510723
0.5600783,0.5114520311149524,0.7636715599290208,0.6126172759619912
0.56009936,0.5115072933549433,0.7636715599290208,0.6126569173024831
0.5602156,0.5115625675383618,0.7636715599290208,0.612696563773544
0.56022227,0.5115097806116935,0.7635102435876754,0.6126067822930737
0.56038624,0.5114644170452087,0.7628649782222939,0.61236646163759
0.56051964,0.5115750757247944,0.7628649782222939,0.6124457683087857
0.5607542,0.5116304230228281,0.7628649782222939,0.6124854293480495
0.5608601,0.5116857822982038,0.7628649782222939,0.6125250955244206
0.5610124,0.5117411535548101,0.7628649782222939,0.6125647668388976
0.56102806,0.5117965367965368,0.7628649782222939,0.6126044432924788
0.56107825,0.5118519320272756,0.7628649782222939,0.6126441248861626
0.56118023,0.5119073392509201,0.7628649782222939,0.6126838116209484
0.5613626,0.5119627584713652,0.7628649782222939,0.612723503497835
0.56152225,0.5119099177132957,0.7627036618809485,0.6126336248780422
0.56152636,0.5119653492149432,0.7627036618809485,0.6126733186466621
0.5616679,0.5120207927225471,0.7627036618809485,0.6127130175592937
0.56168926,0.5120762482400086,0.7627036618809485,0.6127527216169376
0.56172174,0.5121317157712305,0.7627036618809485,0.6127924308205936
0.5618659,0.512187195320117,0.7627036618809485,0.6128321451712626
0.56187296,0.5122426868905742,0.7627036618809485,0.612871864669945
0.5620133,0.5122981904865099,0.7627036618809485,0.6129115893176421
0.5620602,0.5123537061118335,0.7627036618809485,0.612951319115355
0.5621049,0.5124092337704562,0.7627036618809485,0.6129910540640855
0.5621229,0.5124647734662909,0.7627036618809485,0.6130307941648353
0.56215423,0.5125203252032521,0.7627036618809485,0.6130705394186065
0.56220615,0.5125758889852559,0.7627036618809485,0.6131102898264011
0.56242824,0.5126314648162204,0.7627036618809485,0.6131500453892222
0.5625075,0.5126870527000651,0.7627036618809485,0.6131898061080724
0.5625235,0.5127426526407114,0.7627036618809485,0.6132295719839549
0.5625496,0.5127982646420824,0.7627036618809485,0.6132693430178731
0.5625511,0.5128538887081028,0.7627036618809485,0.6133091192108306
0.56269336,0.512909524842699,0.7627036618809485,0.6133489005638312
0.56277686,0.5129651730497993,0.7627036618809485,0.6133886870778793
0.5629373,0.5129179331306991,0.7622197128569124,0.6131983648038796
0.56296897,0.51297361849962,0.7622197128569124,0.6132381570404016
0.5630278,0.5130293159609121,0.7622197128569124,0.6132779544417281
0.5631013,0.5130850255185145,0.7622197128569124,0.6133177570088649
0.5632132,0.5131407471763684,0.7622197128569124,0.6133575647428174
0.56333774,0.5131964809384164,0.7622197128569124,0.6133973776445923
0.5633627,0.513252226808603,0.7622197128569124,0.6134371957151957
0.5634773,0.5135869565217391,0.7622197128569124,0.6136762127406061
0.56362295,0.5136427872594848,0.7622197128569124,0.6137160670212101
0.56366175,0.5139221231237764,0.7622197128569124,0.6139154160977454
0.5636654,0.5139780267594909,0.7622197128569124,0.6139553014548204
0.5638195,0.5144817073170732,0.7622197128569124,0.6143145030223363
0.563895,0.5145377327670696,0.7622197128569124,0.614354440254362
0.564,0.5145937704203877,0.7622197128569124,0.6143943826794485
0.56414014,0.5146498202810151,0.7622197128569124,0.6144343302986084
0.56415385,0.5145969498910675,0.7620583965155671,0.6143442356455295
0.5641686,0.5146530123107093,0.7620583965155671,0.6143841851991546
0.5641863,0.5147090869470473,0.7620583965155671,0.6144241399487936
0.5642242,0.5151019518046015,0.7620583965155671,0.6147039687698505
0.5642877,0.5150490730643402,0.7618970801742216,0.6146138330400547
0.5642901,0.5151052459373977,0.7618970801742216,0.6146538261317414
0.5643753,0.5151614310645725,0.7618970801742216,0.6146938244284897
0.564538,0.5152176284498745,0.7618970801742216,0.614733827931316
0.564617,0.5152738380973162,0.7618970801742216,0.6147738366412367
0.5648101,0.5153300600109111,0.7618970801742216,0.6148138505592686
0.5651138,0.5153862941946749,0.7618970801742216,0.6148538696864287
0.5651554,0.5159493117762727,0.7618970801742216,0.6152543476840101
0.56516916,0.5160056811974216,0.7618970801742216,0.6152944241787786
0.5652946,0.5160620629370629,0.7618970801742216,0.6153345058948998
0.5652973,0.516009179324664,0.7617357638328762,0.6152442996737855
0.56535685,0.5160655737704918,0.7617357638328762,0.6152843833469677
0.5654639,0.5161219805443218,0.7617357638328762,0.6153244722434589
0.5654767,0.5162490425648321,0.7610904984674948,0.6152040683265492
0.5656345,0.5163055373166995,0.7610904984674948,0.6152441807389066
0.56569964,0.5162525993214403,0.7609291821261494,0.6151538862801651
0.5657254,0.5161996497373029,0.760767865784804,0.6150635800451655
0.5658497,0.516256157635468,0.760767865784804,0.6151036911433817
0.5658728,0.5162031968469455,0.7606065494434586,0.6150133698553846
0.5658761,0.5162597175079382,0.7606065494434586,0.6150534829110758
0.56595844,0.5159452054794521,0.759477335054041,0.6144609762459291
0.5659741,0.5160017536168348,0.759477335054041,0.6145010768121528
0.5660911,0.5159026102215398,0.7588320696886595,0.6142194946786328
0.56617075,0.5159591971043106,0.7588320696886595,0.6142595978057338
0.5661732,0.5160157964019306,0.7588320696886595,0.6142997061699391
0.5662266,0.5159626988480527,0.758670753347314,0.6142092203207928
0.5662765,0.5160193109501865,0.758670753347314,0.6142493306336198
0.5663128,0.5163592446201142,0.758670753347314,0.6144901025669708
0.56631565,0.5164159437795103,0.758670753347314,0.614530249574848
0.5664757,0.5164726553920492,0.758670753347314,0.6145704018289856
0.5664916,0.5165293794618342,0.758670753347314,0.6146105593304119
0.566553,0.5165861159929701,0.758670753347314,0.6146507220801557
0.5665894,0.5166428649895639,0.758670753347314,0.6146908900792462
0.5667445,0.516699626455724,0.758670753347314,0.6147310633287121
0.5669842,0.5167564003955609,0.758670753347314,0.6147712418295833
0.5670233,0.5168131868131868,0.758670753347314,0.6148114255828894
0.5670397,0.5168699857127157,0.758670753347314,0.6148516145896604
0.56730473,0.5167748322516775,0.7578641716405872,0.6145192936555022
0.56749576,0.5168316831683168,0.7578641716405872,0.6145594872125468
0.5675684,0.5168885465947849,0.7578641716405872,0.6145996860277753
0.5675966,0.5169454225352113,0.7578641716405872,0.6146398901022194
0.5676629,0.5170023109937273,0.7578641716405872,0.6146800994369114
0.56767356,0.5170592119744662,0.7578641716405872,0.614720314032884
0.567743,0.5170060539350578,0.7577028552992419,0.6146296780942574
0.5678321,0.5170629678555703,0.7577028552992419,0.6146698946537087
0.56786233,0.5171198943080481,0.7577028552992419,0.6147101164764187
0.56792396,0.5171768332966307,0.7577028552992419,0.6147503435634206
0.5680177,0.5172337848254598,0.7577028552992419,0.6147905759157483
0.568028,0.5172907488986784,0.7577028552992419,0.6148308135344349
0.56803167,0.5172375812314132,0.7575415389578964,0.6147401492337106
0.5681604,0.5172945582727473,0.7575415389578964,0.6147803888193123
0.5681708,0.5172413793103449,0.757380222616551,0.6146897093475145
0.5684102,0.5172983693256942,0.757380222616551,0.6147299508996814
0.5685421,0.5173553719008265,0.757380222616551,0.6147701977211362
0.56868756,0.5173021820586291,0.7572189062752057,0.6146794997703551
0.5687631,0.51735919761931,0.7572189062752057,0.6147197485589729
0.56894743,0.517416225749559,0.7572189062752057,0.6147600026188614
0.56907254,0.5174732664535332,0.7572189062752057,0.6148002619510566
0.5690917,0.51742006615215,0.7570575899338603,0.6147095422092236
0.5691645,0.5174771198588598,0.7570575899338603,0.614749803510128
0.56916684,0.5175341861490957,0.7570575899338603,0.6147900700853236
0.5691692,0.517774343122102,0.7565736409098242,0.6147997640422519
0.569201,0.5181175430844013,0.7565736409098242,0.61504163661351
0.5692357,0.5180229986731535,0.7557670592030973,0.6147083907362489
0.5694159,0.5180802830918942,0.7557670592030973,0.6147487206398533
0.56954014,0.5181375801813758,0.7557670592030973,0.6147890558357485
0.5695861,0.5181948899458024,0.7557670592030973,0.6148293963249766
0.56972355,0.5182522123893806,0.7557670592030973,0.6148697421085796
0.56988925,0.5183095475163182,0.7557670592030973,0.6149100931875997
0.5698986,0.5183668953308254,0.7557670592030973,0.6149504495630798
0.56991607,0.5184898139946855,0.7554444265204066,0.6149300768165352
0.5700214,0.5185472262207951,0.7554444265204066,0.6149704530527018
0.5700384,0.5186046511627908,0.7554444265204066,0.6150108345914143
0.5701256,0.518551334588548,0.7552831101790611,0.6149198844229476
0.5701461,0.5184980062029242,0.7551217938377157,0.6148289223085734
0.5702944,0.5185554447767807,0.7551217938377157,0.6148693025083836
0.57037526,0.5186128960779969,0.7551217938377157,0.6149096880126534
0.57040447,0.5186703601108034,0.7551217938377157,0.6149500788224284
0.57046777,0.5186170212765957,0.7549604774963704,0.6148590947902943
0.57052976,0.5186744985038235,0.7549604774963704,0.6148994875832775
0.57053304,0.5187319884726225,0.7549604774963704,0.6149398856837692
0.57063484,0.5189171197159659,0.7544765284723343,0.6149092821451916
0.570648,0.5189747003994674,0.7544765284723343,0.614949707448074
0.57069623,0.5189213183886361,0.7543152121309888,0.6148586456273935
0.57072264,0.5189789123196449,0.7543152121309888,0.6148990729168686
0.5707286,0.519036519036519,0.7543152121309888,0.6149395055229258
0.5710216,0.5192670738478623,0.7543152121309888,0.6151012891339553
0.5711189,0.519213682807641,0.7541538957896435,0.6150101953556966
0.57115436,0.5191602799066978,0.7539925794482981,0.6149190895929915
0.5711993,0.5192179515663186,0.7539925794482981,0.6149595421349028
0.57120544,0.5192756360404399,0.7539925794482981,0.6149999999995169
0.5713057,0.5193333333333333,0.7539925794482981,0.6150404631878846
0.5713968,0.5193910434492721,0.7539925794482981,0.6150809317010565
0.5714107,0.5194487663925317,0.7539925794482981,0.6151214055400841
0.5715456,0.5195065021673891,0.7539925794482981,0.6151618847060186
0.5716232,0.5195642507781236,0.7539925794482981,0.6152023691999118
0.5716295,0.5196220122290162,0.7539925794482981,0.6152428590228156
0.5716368,0.5196797865243495,0.7539925794482981,0.6152833541757823
0.5716549,0.5196263760702768,0.7538312631069527,0.6151922064239508
0.57166135,0.5196841637010676,0.7538312631069527,0.6152327035740018
0.57168335,0.5197419641864086,0.7538312631069527,0.615273206056133
0.57170135,0.5197997775305896,0.7538312631069527,0.6153137138713979
0.5718073,0.5199154428126391,0.7538312631069527,0.6153947455055419
0.5718074,0.5199732947590965,0.7538312631069527,0.6154352693265286
0.5718085,0.5205525231146263,0.7538312631069527,0.6158408012646722
0.5718933,0.520958751393534,0.7538312631069527,0.6161249917590261
0.57191646,0.5210168357676441,0.7538312631069527,0.6161656118138625
0.57192874,0.5210749330954505,0.7538312631069527,0.616206237225072
0.57208157,0.521133043381287,0.7538312631069527,0.6162468679937142
0.5722287,0.5211911666294892,0.7538312631069527,0.6162875041208487
0.57239664,0.5212493028443949,0.7538312631069527,0.6163281456075356
0.57244855,0.5211958946898706,0.7536699467656074,0.6162368924350505
0.5725568,0.5212540444047752,0.7536699467656074,0.6162775359446426
0.57263094,0.5212006248605222,0.753508630424262,0.6161862673961264
0.5727336,0.5212587880816874,0.753508630424262,0.6162269129282765
0.5728331,0.5212053571428571,0.7533473140829166,0.6161356289987909
0.572952,0.5212635338765487,0.7533473140829166,0.6161762765531515
0.5730066,0.5213217235990176,0.7533473140829166,0.6162169294710478
0.57302094,0.5212682817907781,0.7531859977415712,0.6161256268139794
0.57307345,0.5213264850379634,0.7531859977415712,0.6161662817547129
0.5731743,0.5212730318257957,0.7530246814002258,0.6160749637054687
0.57326585,0.5213312486039758,0.7530246814002258,0.616115620668691
0.57337403,0.5213894783871328,0.7530246814002258,0.6161562829984605
0.57340276,0.5213360142984808,0.7528633650588805,0.6160649462076875
0.57350045,0.5212825382638812,0.7527020487175351,0.6159735973592524
0.5735837,0.5212290502793296,0.7525407323761897,0.6158822364507675
0.5735935,0.5212872946697955,0.7525407323761897,0.6159228941109502
0.5736201,0.5213455520786768,0.7525407323761897,0.6159635571395442
0.5736691,0.5212920532021906,0.7523794160348444,0.6158721774721164
0.57368255,0.5213503241672256,0.7523794160348444,0.615912842521801
0.57372636,0.5214086081609838,0.7523794160348444,0.6159535129419358
0.5737725,0.5214669051878354,0.7523794160348444,0.615994188733585
0.57387316,0.5215252152521526,0.7523794160348444,0.6160348698978126
0.57392657,0.5215835383583091,0.7523794160348444,0.6160755564356831
0.57405066,0.5216418745106811,0.7523794160348444,0.6161162483482614
0.5741598,0.5215883668903804,0.752218099693499,0.6160248365144777
0.57416725,0.5216467166349703,0.752218099693499,0.6160655304526804
0.5742573,0.5217050794361154,0.752218099693499,0.6161062297676342
0.5744979,0.5217634552981985,0.752218099693499,0.6161469344604042
0.5747093,0.5218218442256043,0.752218099693499,0.6161876445320568
0.57476693,0.5217683268047006,0.7520567833521535,0.6160962072150574
0.5747711,0.5218267293485561,0.7520567833521535,0.6161369193149198
0.574782,0.5218851449680958,0.7520567833521535,0.6161776367957097
0.5750597,0.5219435736677116,0.7520567833521535,0.6162183596584945
0.5752141,0.5220020154517971,0.7520567833521535,0.6162590879043411
0.5752524,0.522060470324748,0.7520567833521535,0.616299821534317
0.57532007,0.522118938290962,0.7520567833521535,0.6163405605494897
0.5753381,0.5221774193548387,0.7520567833521535,0.6163813049509276
0.5754215,0.5222359135207797,0.7520567833521535,0.6164220547396988
0.5755023,0.522182388527896,0.7518954670108082,0.6163305785119129
0.5755851,0.5222408963585434,0.7518954670108082,0.6163713303354063
0.5757032,0.522314420273604,0.7514115179867721,0.6162598399148432
0.57572234,0.5222608500616799,0.7512502016454267,0.6161682984911805
0.57578105,0.5223194257514581,0.7512502016454267,0.6162090638433797
0.5758274,0.5223780145821649,0.7512502016454267,0.6162498345899621
0.5758484,0.522436616558223,0.7512502016454267,0.6162906107319981
0.57585883,0.522495231684057,0.7512502016454267,0.6163313922705589
0.5759571,0.5227987421383647,0.7509275689627359,0.6164338210946626
0.57611066,0.5228574637762552,0.7509275689627359,0.6164746391201622
0.5763205,0.5229161986070546,0.7509275689627359,0.6165154625516649
0.57634103,0.5229749466352095,0.7509275689627359,0.6165562913902445
0.5764218,0.5230337078651686,0.7509275689627359,0.6165971256369754
0.5764313,0.5230924823013822,0.7509275689627359,0.6166379652929324
0.57645714,0.523151269948303,0.7509275689627359,0.61667881035919
0.5765582,0.5232100708103855,0.7509275689627359,0.6167196608368238
0.57656795,0.5232688848920863,0.7509275689627359,0.6167605167269091
0.57658273,0.523327712197864,0.7509275689627359,0.6168013780305217
0.57658917,0.5232741173825051,0.7507662526213905,0.6167097329883187
0.57698506,0.5233329585066907,0.7507662526213905,0.616750596341949
0.5769916,0.5233918128654971,0.7507662526213905,0.6167914651111719
0.57701075,0.5234506804633899,0.7507662526213905,0.6168323392970638
0.57710826,0.5233970753655793,0.7506049362800452,0.6167406720122404
0.5772542,0.52345595680054,0.7506049362800452,0.616781548249781
0.5773988,0.5235148514851485,0.7506049362800452,0.616822429906058
0.57746726,0.5235737594238776,0.7506049362800452,0.6168633169821487
0.5774683,0.5235201440468152,0.7504436199386998,0.616771627443997
0.5775281,0.5235790658413055,0.7504436199386998,0.6168125165733689
0.57774717,0.5235254389914453,0.7502823035973544,0.6167208115091625
0.5777692,0.5239382674326912,0.7502823035973544,0.617007163703416
0.5780095,0.523997296079315,0.7502823035973544,0.6170480928685041
0.5780312,0.523943661971831,0.7501209872560091,0.6169563486793618
0.57824284,0.5240027045300879,0.7501209872560091,0.6169972799039807
0.5782461,0.5239490589428604,0.7499596709146636,0.6169055201693671
0.5782646,0.5240081154192967,0.7499596709146636,0.6169464534531685
0.57829124,0.5240671852102357,0.7499596709146636,0.6169873921693896
0.578304,0.5241262683201804,0.7499596709146636,0.6170283363191122
0.57837266,0.5240726124704025,0.7497983545733182,0.6169365542867468
0.57840884,0.5239760803339727,0.7491530892079368,0.616651175142259
0.57846886,0.5240352064996615,0.7491530892079368,0.6166921187167324
0.57852715,0.5240943460106083,0.7491530892079368,0.6167330677285993
0.57886493,0.5241534988713318,0.7491530892079368,0.6167740221789431
0.57912034,0.5242126650863529,0.7491530892079368,0.6168149820688474
0.5792389,0.5242345497683878,0.7485078238425552,0.6166112956805786
0.57926553,0.5242937853107345,0.7485078238425552,0.6166522692532864
0.5793364,0.5243530342411572,0.7485078238425552,0.6166932482717111
0.5793541,0.5244122965641953,0.7485078238425552,0.6167342327369383
0.5794135,0.5244715722843902,0.7485078238425552,0.6167752226500539
0.5794307,0.5245308614062854,0.7485078238425552,0.6168162180121443
0.5797469,0.5245901639344263,0.7485078238425552,0.6168572188242961
0.5797653,0.5246494798733605,0.7485078238425552,0.6168982250875963
0.57981265,0.5246179966044142,0.7477012421358283,0.6166023679654591
0.57986444,0.524677382839031,0.7477012421358283,0.6166433845534967
0.5799104,0.5246235707007811,0.747539925794483,0.6165513571043583
0.5799799,0.5245697463768116,0.7473786094531376,0.6164593174102
0.5803373,0.5246291473219341,0.7473786094531376,0.6165003326675126
0.5804718,0.5246885617214043,0.7473786094531376,0.6165413533829739
0.5806573,0.5247479895797938,0.7473786094531376,0.6165823795576734
0.5806833,0.5248074309016765,0.7473786094531376,0.6166234111927008
0.58075374,0.524866885691628,0.7473786094531376,0.6166644482891466
0.5810298,0.5249263539542262,0.7473786094531376,0.6167054908481009
0.5813327,0.524985835694051,0.7473786094531376,0.6167465388706548
0.5813833,0.5250453309156845,0.7473786094531376,0.616787592357899
0.581461,0.5251048396237108,0.7473786094531376,0.6168286513109251
0.5815711,0.5250510088415326,0.7472172931117922,0.61673656880319
0.58163726,0.5251333257687507,0.7465720277464107,0.6165734079398295
0.58165777,0.525192918747163,0.7465720277464107,0.6166144827121924
0.58166087,0.5252525252525253,0.7465720277464107,0.6166555629575431
0.5818468,0.5253121452894438,0.7465720277464107,0.6166966486769753
0.58192307,0.525161876632966,0.7457654460396839,0.6163178242896097
0.58206725,0.525471912667728,0.745442813356993,0.6164209964645319
0.58207166,0.5255316729216423,0.745442813356993,0.616462113126516
0.58236027,0.5255914467697907,0.745442813356993,0.616503235274013
0.58241016,0.5256512342168127,0.745442813356993,0.6165443629081206
0.5824217,0.5257110352673493,0.745442813356993,0.6165854960299372
0.5826589,0.525770849926044,0.745442813356993,0.6166266346405611
0.5829278,0.5258483261216124,0.7449588643329569,0.6165142513846026
0.58300036,0.5259082109099191,0.7449588643329569,0.6165554072091276
0.5830107,0.5259681093394077,0.7449588643329569,0.6165965685287891
0.58304447,0.5259141132247409,0.7447975479916116,0.6165042061685628
0.5833239,0.5258601048074732,0.7446362316502662,0.6164118314744429
0.58335847,0.5259200182294633,0.7446362316502662,0.6164529914525063
0.58349574,0.5256556442417332,0.7436683336021939,0.6159396085237981
0.58376884,0.5257155890067282,0.7436683336021939,0.6159807589519466
0.5838676,0.5257755474452555,0.7436683336021939,0.616021914878916
0.5839181,0.5258355195619938,0.7436683336021939,0.6160630763058089
0.58399993,0.5258955053616244,0.7436683336021939,0.6161042432337278
0.5842077,0.5259555048488306,0.7436683336021939,0.6161454156637756
0.5842802,0.5260155180282976,0.7436683336021939,0.6161865935970552
0.5842934,0.5259614287344516,0.7435070172608486,0.6160941050656823
0.5844025,0.5260214562885186,0.7435070172608486,0.6161352850740418
0.5847644,0.5259673553247346,0.7433457009195031,0.6160427807481778
0.5851458,0.5259132420091325,0.7431843845781577,0.6159502640545985
0.58519423,0.5259732846215321,0.7431843845781577,0.6159914427057588
0.5852334,0.5260333409454213,0.7431843845781577,0.6160326268631904
0.58527637,0.5260934109854973,0.7431843845781577,0.6160738165279981
0.5853188,0.5261534947464596,0.7431843845781577,0.6161150117012865
0.585378,0.5260029717682021,0.7423778028714308,0.6157345464271302
0.5854623,0.5259487882944673,0.7422164865300855,0.6156419348359365
0.58547866,0.5258945924316909,0.7420551701887401,0.6155493108519166
0.58551896,0.5259547221587011,0.7420551701887401,0.6155904984939942
0.58579844,0.5260148656375071,0.7420551701887401,0.6156316916483368
0.5858382,0.526075022872827,0.7420551701887401,0.6156728903160505
0.5859604,0.5261351938693812,0.7420551701887401,0.6157140944982429
0.58612174,0.526195378631892,0.7420551701887401,0.6157553041960206
0.5864968,0.5261411737787438,0.7418938538473947,0.615662650601924
0.58668727,0.5262013729977116,0.7418938538473947,0.6157038623731672
0.58672875,0.5262615859938208,0.7418938538473947,0.6157450796621198
0.5868632,0.5263218127718013,0.7418938538473947,0.6157863024698901
0.58704525,0.5263820533363854,0.7418938538473947,0.6158275307975861
0.5870736,0.5263278388278388,0.7417325375060494,0.6157348510206059
0.5871916,0.5263880938752147,0.7417325375060494,0.6157760814244507
0.58723253,0.5264483627204031,0.7417325375060494,0.6158173173503481
0.58723384,0.5265086453681438,0.7417325375060494,0.6158585587994071
0.5874906,0.5265689418231791,0.7417325375060494,0.615899805772738
0.58755124,0.5266292520902531,0.7417325375060494,0.61594105827145
0.5876743,0.5266895761741123,0.7417325375060494,0.6159823162966541
0.5876848,0.5266353534196357,0.741571221164704,0.6158896034293107
0.5876873,0.5266956920256646,0.741571221164704,0.615930863535389
0.5877566,0.5267560444597227,0.741571221164704,0.6159721291700891
0.58776873,0.5267805941048286,0.7409259557993225,0.6157661884966319
0.5878882,0.5267508610792193,0.7401193740925955,0.6154671674822427
0.5880408,0.5268113445860604,0.7401193740925955,0.6155084518374534
0.5880689,0.5268718419843822,0.7401193740925955,0.6155497417315864
0.5880783,0.5270177052195907,0.7394741087272141,0.615425924682336
0.5881132,0.5269633206852938,0.7393127923858687,0.6153329752948953
0.58813107,0.5270239190432383,0.7393127923858687,0.6153742866728943
0.58817863,0.5270845313398504,0.7393127923858687,0.6154156035982785
0.58818024,0.527048802946593,0.7386675270204872,0.6151675958885446
0.5882926,0.5271094739265569,0.7386675270204872,0.6152089211334654
0.588401,0.5271701588763528,0.7386675270204872,0.6152502519309886
0.588442,0.527230857800806,0.7386675270204872,0.6152915882822336
0.5885789,0.5272915707047443,0.7386675270204872,0.6153329301883199
0.5886576,0.5273522975929978,0.7386675270204872,0.6153742776503672
0.58866954,0.5272978576364893,0.7385062106791418,0.6152812310995743
0.58876836,0.527358599239719,0.7385062106791418,0.6153225806446752
0.5887991,0.5276625172890733,0.7385062106791418,0.6155294117642197
0.5888393,0.5277233429394813,0.7385062106791418,0.6155707946747863
0.5889458,0.5277841826147106,0.7385062106791418,0.6156121831501895
0.5891853,0.5278450363196125,0.7385062106791418,0.6156535771915524
0.58952135,0.527790590405904,0.7383448943377964,0.6155604868531214
0.58954597,0.5278514588859416,0.7383448943377964,0.6156018829853913
0.5895794,0.527912341407151,0.7383448943377964,0.6156432846857737
0.5896746,0.5276463119011889,0.7373769962897242,0.6151258242492783
0.58987653,0.5277264325323475,0.736893047265688,0.6150117805447846
0.58996105,0.5276300578034682,0.7362477819003065,0.6147215300688785
0.58998746,0.5276910625505838,0.7362477819003065,0.6147629310339963
0.5899878,0.5277520814061054,0.7362477819003065,0.6148043375761284
0.59011847,0.5278131143749277,0.7362477819003065,0.6148457496964016
0.5901358,0.5277585010409438,0.7360864655589612,0.614752441899143
0.5903559,0.5278195488721804,0.7360864655589612,0.6147938561029896
0.59051526,0.5278806108283203,0.7360864655589612,0.6148352758871374
0.5905296,0.5279416869142659,0.7360864655589612,0.6148767012527139
0.5906454,0.5280027771349225,0.7360864655589612,0.6149181322008477
0.59077024,0.5279481541488253,0.7359251492176158,0.6148247978431792
0.5909365,0.5278935185185185,0.7357638328762703,0.6147314509059089
0.5911561,0.5279546243778215,0.7357638328762703,0.6147728804416216
0.5911838,0.5280157443852743,0.7357638328762703,0.6148143155619586
0.59118485,0.5279610976033345,0.735602516534925,0.6147209490423822
0.59120625,0.5280417149478563,0.7351185675108889,0.6146065142621069
0.5915229,0.5281029087959207,0.7351185675108889,0.6146479633121651
0.5915509,0.528164116828929,0.7351185675108889,0.6146894179532465
0.591588,0.5282253390518141,0.7351185675108889,0.6147308781864822
0.59159386,0.5282865754695107,0.7351185675108889,0.6147723440130041
0.5916067,0.5282318840579711,0.7349572511695435,0.6146788990820821
0.5916561,0.5282931354359925,0.7349572511695435,0.6147203669967474
0.59166694,0.5283544010205266,0.7349572511695435,0.6147618405068673
0.5917179,0.5284156808165159,0.7349572511695435,0.6148033196135745
0.5918945,0.5284420710471326,0.734311985804162,0.6145952879222838
0.5919378,0.5285034250551492,0.734311985804162,0.6146367809879011
0.5919569,0.5285166686026251,0.7339893531214712,0.6145326850346292
0.59200954,0.5285780669144982,0.7339893531214712,0.6145741878836221
0.5921752,0.5286394794934356,0.7339893531214712,0.6146156963388351
0.59227985,0.5287009063444109,0.7339893531214712,0.6146572104014044
0.5923433,0.5287623474723998,0.7339893531214712,0.6146987300724664
0.59256494,0.5288238028823803,0.7339893531214712,0.6147402553531576
0.592703,0.5288852725793328,0.7339893531214712,0.6147817862446151
0.5928208,0.5288506281991624,0.7333440877560897,0.6145319364645351
0.5928391,0.5287958115183246,0.7331827714147443,0.6144382857910501
0.59293294,0.5288573423318594,0.7331827714147443,0.6144798215367266
0.5929826,0.5289188874665426,0.7331827714147443,0.6145213628983773
0.5930641,0.529199207366826,0.7323761897080174,0.6144268507235623
0.5931852,0.5292608999766846,0.7323761897080174,0.6144684306687963
0.59327,0.5293226069721347,0.7323761897080174,0.6145100162420685
0.59327483,0.5293843283582089,0.7323761897080174,0.6145516074445213
0.5933974,0.5294735613400257,0.7317309243426359,0.6143843965862662
0.59345204,0.5295353724025216,0.7317309243426359,0.6144260074495637
0.59351045,0.5295768061725509,0.7307630262945637,0.614112383921427
0.59352016,0.5296387232549983,0.7307630262945637,0.6141540130146972
0.59361535,0.5297006548175865,0.7307630262945637,0.6141956477522074
0.59364265,0.5297626008653958,0.7307630262945637,0.6142372881351059
0.5937634,0.5298245614035088,0.7307630262945637,0.6142789341645407
0.5939417,0.5297695636916598,0.7306017099532183,0.6141849742333071
0.5940765,0.5298315395414132,0.7306017099532183,0.6142266223633832
0.59426904,0.5297765297765298,0.7304403936118729,0.6141326461408391
0.5944083,0.5298385209454716,0.7304403936118729,0.6141742963711639
0.59442925,0.5297834991222937,0.7302790772705275,0.6140803038519271
0.5945493,0.5298455056179775,0.7302790772705275,0.6141219561821077
0.5945501,0.5299075266299894,0.7302790772705275,0.6141636141631268
0.59460497,0.5298524935612269,0.7301177609291821,0.6140696017904358
0.59474206,0.5297974476056668,0.7299564445878367,0.6139755766616565
0.5947619,0.5298594847775175,0.7299564445878367,0.6140172331903668
0.59483516,0.5299215364796814,0.7299564445878367,0.6140588953720189
0.5948716,0.5298664792691496,0.7297951282464914,0.6139648503761156
0.5948998,0.5299285463277498,0.7297951282464914,0.6140065146574931
0.5951652,0.5299906279287723,0.7297951282464914,0.6140481845940154
0.5952128,0.5299015009380863,0.7289885465397645,0.6137027228894425
0.5952219,0.5299636448926938,0.7289885465397645,0.6137443976635082
0.59552956,0.52990851513019,0.7288272301984191,0.6136502546684427
0.5955676,0.5299706744868036,0.7288272301984191,0.6136919315398548
0.5956698,0.530032848427968,0.7288272301984191,0.6137336140727312
0.595712,0.5299777073800305,0.7286659138570737,0.6136394511610394
0.5958098,0.5299225533912227,0.7285045975157284,0.6135452754563427
0.5959941,0.5299847435746978,0.7285045975157284,0.6135869565212516
0.5960482,0.5301303888171033,0.7280206484916922,0.6135127786835799
0.59627813,0.5301926691729323,0.7280206484916922,0.6135544830394145
0.59631705,0.5302549641640231,0.7280206484916922,0.6135961930654539
0.5964698,0.5303172737955346,0.7280206484916922,0.6136379087628544
0.59660935,0.5302620754495241,0.7278593321503468,0.6135436497139535
0.5967849,0.5303244005641748,0.7278593321503468,0.6135853675115813
0.5968648,0.5303867403314917,0.7278593321503468,0.6136270909827843
0.59703124,0.5304490947566424,0.7278593321503468,0.6136688201287199
0.5970318,0.5305114638447972,0.7278593321503468,0.6137105549505459
0.59719986,0.5305738476011289,0.7278593321503468,0.6137522954494204
0.5973087,0.5306362460308126,0.7278593321503468,0.6137940416265018
0.5973326,0.5306986591390261,0.7278593321503468,0.6138357934829487
0.5973392,0.530643453711328,0.7276980158090014,0.6137414965981516
0.5974467,0.5307058823529411,0.7276980158090014,0.6137832505607748
0.5975251,0.5306506647840923,0.7275366994676561,0.6136889372698892
0.5975433,0.5307131089668157,0.7275366994676561,0.6137306933382888
0.5976822,0.5307755678474756,0.7275366994676561,0.6137724550893325
0.5978675,0.5308598351001178,0.7270527504436199,0.6136564776358387
0.5981325,0.5309223701260455,0.7270527504436199,0.6136982570801222
0.59828734,0.5310214673271998,0.7262461687368931,0.6134768685693832
0.5983269,0.5310841099445559,0.7262461687368931,0.6135186699368246
0.5984573,0.5311467673430864,0.7262461687368931,0.6135604770012156
0.5985087,0.5312094395280236,0.7262461687368931,0.6136022897637208
0.5985098,0.5313570331876698,0.7257622197128569,0.6135278876307679
0.59889734,0.5314197968343964,0.7257622197128569,0.6135697238317656
0.5989786,0.5311502541671592,0.7247943216647846,0.6130440714963054
0.5991312,0.5310948214707969,0.7246330053234392,0.6129494439512073
0.5994299,0.5311576209057586,0.7246330053234392,0.6129912663750576
0.5994871,0.5311021759697256,0.7244716889820939,0.6128966223127156
0.59951067,0.5311649911295092,0.7244716889820939,0.612938446839965
0.5995627,0.5312278211497516,0.7244716889820939,0.6129802770758784
0.59996426,0.5311723648408849,0.7243103726407485,0.6128856128851247
0.6000776,0.5312352106010412,0.7243103726407485,0.6129274452250937
0.6000877,0.5312980712341735,0.7243103726407485,0.6129692832759623
0.60010934,0.5313609467455621,0.7243103726407485,0.6130111270389
0.60016805,0.5313054799384542,0.7241490562994032,0.6129164391038263
0.6002354,0.5313683712121212,0.7241490562994032,0.6129582849725438
0.6003765,0.5314312773765834,0.7241490562994032,0.613000136555568
0.6003991,0.53149419843713,0.7241490562994032,0.6130419938540695
0.60042256,0.5315571343990527,0.7241490562994032,0.6130838568692195
0.600461,0.5316200852676457,0.7241490562994032,0.6131257256021888
0.600559,0.5316830510482056,0.7241490562994032,0.6131676000541489
0.6005797,0.5316275764036958,0.7239877399580578,0.6130728775351991
0.60069937,0.5318694362017804,0.72285852556864,0.6128282275706274
0.6007242,0.5318138651471985,0.7226972092272947,0.612733365246041
0.60077447,0.5318770034429539,0.7226972092272947,0.6127752701403952
0.6008048,0.5319401567323676,0.7226972092272947,0.6128171807669008
0.60100013,0.5320033250207814,0.7226972092272947,0.6128590971267345
0.6010119,0.5320665083135392,0.7226972092272947,0.6129010192210724
0.6010822,0.5321297066159877,0.7226972092272947,0.6129429470510916
0.6012535,0.5320741268709908,0.7225358928859493,0.6128480536356886
0.60138744,0.5322945164743667,0.7218906275205679,0.6127618786795059
0.60141075,0.5323578396383536,0.7218906275205679,0.6128038343028323
0.60145134,0.5324211778703153,0.7218906275205679,0.6128457956719299
0.6015774,0.5323963792282039,0.7210840458138409,0.6125385405956059
0.60158163,0.532459797498511,0.7210840458138409,0.612580512538911
0.6017058,0.5325232308791994,0.7210840458138409,0.6126224902345555
0.6019272,0.5325866793756702,0.7210840458138409,0.6126644736837217
0.6019552,0.532650142993327,0.7210840458138409,0.612706462887593
0.6020645,0.532713621737576,0.7210840458138409,0.6127484578473522
0.60208225,0.532777115613826,0.7210840458138409,0.6127904585641832
0.6021951,0.5328406246274884,0.7210840458138409,0.6128324650392699
0.6023718,0.5329041487839771,0.7210840458138409,0.6128744772737965
0.60252297,0.5329676880887088,0.7210840458138409,0.6129164952689476
0.60258436,0.5330312425471023,0.7210840458138409,0.6129585190259081
0.6026544,0.533134328358209,0.720277464107114,0.6127350075471988
0.60271657,0.5331979937903033,0.720277464107114,0.6127770534545307
0.6028336,0.5332616744297145,0.720277464107114,0.612819105132643
0.602869,0.533325370281892,0.720277464107114,0.6128611625827243
0.60297376,0.5333890813522877,0.720277464107114,0.6129032258059627
0.60306656,0.533452807646356,0.720277464107114,0.6129452948035471
0.6030958,0.5333970605807146,0.7201161477657687,0.612850082371834
0.60311455,0.5334608030592735,0.7201161477657687,0.6128921534971428
0.6031167,0.53340504362376,0.7199548314244233,0.6127969243438744
0.6031647,0.5334290156679823,0.7194708824003871,0.6126373626368736
0.6033238,0.5334928229665071,0.7194708824003871,0.6126794422688976
0.6035855,0.5335566455317622,0.7194708824003871,0.6127215276818848
0.6037029,0.5336204833692271,0.7194708824003871,0.6127636188770269
0.6040177,0.5336843364843844,0.7194708824003871,0.6128057158555154
0.6040862,0.533748204882719,0.7194708824003871,0.6128478186185422
0.60414964,0.5338120885697187,0.7194708824003871,0.6128899271672998
0.60440004,0.5338759875508738,0.7194708824003871,0.6129320415029811
0.60448325,0.5339399018316773,0.7194708824003871,0.6129741616267788
0.6046239,0.5339247182929753,0.7185029843523149,0.6126126126121234
0.6047805,0.5340772738180946,0.7180190353282787,0.6125369847927399
0.60479736,0.534221902017291,0.717696402645588,0.6125146279337021
0.6048378,0.5349284597811711,0.717696402645588,0.6129787820331287
0.6048858,0.534992784992785,0.717696402645588,0.6130210127449464
0.6048925,0.5350571256764882,0.717696402645588,0.6130632492760711
0.6050263,0.5351214818378639,0.717696402645588,0.613105491627706
0.6052052,0.5352112676056338,0.7172124536215518,0.6129877292150075
0.6052891,0.5351553094148808,0.7170511372802065,0.6128921061697966
0.6054412,0.535219747140277,0.7170511372802065,0.6129343629338735
0.6054848,0.5352842003853564,0.7170511372802065,0.6129766255252637
0.6055281,0.5353486691557269,0.7170511372802065,0.6130188939451732
0.6056123,0.534965034965035,0.7157606065494435,0.6122955909744638
0.60566056,0.5349089593633185,0.7155992902080981,0.6121998343908988
0.60568047,0.5349734684032803,0.7155992902080981,0.6122420812913467
0.6057855,0.5349342343429467,0.715115341184062,0.612039210271497
0.60586274,0.5349987931450639,0.715115341184062,0.6120814635825271
0.6060367,0.5350633675316838,0.715115341184062,0.6121237227280385
0.60604936,0.5348949529099252,0.7146313921600258,0.611836199157027
0.60608214,0.5350410826486225,0.7143087594773351,0.611813471502101
0.60613424,0.5349848942598188,0.7141474431359897,0.6117175625254188
0.6062256,0.5349286922890983,0.7139861267946443,0.6116216402952332
0.60637486,0.5349933518675208,0.7139861267946443,0.6116639027081889
0.6064853,0.5349371373307543,0.7138248104532989,0.6115679635127436
0.606565,0.5352777441607165,0.7135021777706082,0.6116719679154278
0.6066426,0.5353425320745582,0.7135021777706082,0.6117142659562212
0.6068155,0.5354073356736473,0.7135021777706082,0.6117565698473664
0.60703236,0.5354721549636804,0.7135021777706082,0.6117988795900765
0.60709256,0.5355369899503571,0.7135021777706082,0.6118411951855662
0.60741705,0.53560184063938,0.7135021777706082,0.61188351663505
0.6075473,0.5356667070364539,0.7135021777706082,0.6119258439397426
0.60761607,0.5358051617593602,0.7133408614292628,0.6119568225846193
0.607707,0.5358700920988851,0.7133408614292628,0.6119991696071497
0.6077127,0.5359049005337215,0.7126955960638812,0.6117842553481218
0.6077419,0.5359699138663108,0.7126955960638812,0.6118266168115858
0.6078317,0.5360048573163327,0.7120503306984998,0.6116114729106918
0.60805964,0.5360699538498906,0.7120503306984998,0.6116538488181894
0.6082903,0.536135066197012,0.7120503306984998,0.6116962305981795
0.6084185,0.5360311094908251,0.7115663816744636,0.6114499584137045
0.6085609,0.536096256684492,0.7115663816744636,0.6114923407494925
0.60863113,0.5361790100936398,0.7112437489917729,0.6114269865478388
0.6086966,0.5362442228168329,0.7112437489917729,0.6114693849242724
0.6087379,0.5363094514049386,0.7112437489917729,0.6115117891812019
0.60874134,0.5362530413625304,0.7110824326504275,0.6114154934456573
0.6090122,0.5363182868962161,0.7110824326504275,0.6114578998469228
0.60904795,0.5363448191890905,0.7105984836263913,0.6112961421033121
0.60912997,0.5364101315148563,0.7105984836263913,0.6113385608211043
0.6093536,0.5362018527547537,0.709630585578319,0.6108449628544703
0.60942155,0.535993167398731,0.7086626875302469,0.6103508162551539
0.60944563,0.5360585723001831,0.7086626875302469,0.6103932193964806
0.60944986,0.5356793743890518,0.7072108404581384,0.6096085656673117
0.60958177,0.5357448368568984,0.7072108404581384,0.6096509525791229
0.60985965,0.5358103153263261,0.7072108404581384,0.6096933453857829
0.6099369,0.5358758098032026,0.7072108404581384,0.6097357440885219
0.6099436,0.5359413202933986,0.7072108404581384,0.6097781486885699
0.6100254,0.5360068468027877,0.7072108404581384,0.6098205591871574
0.6100726,0.5359677024712503,0.7067268914341023,0.6096152508170144
0.6101424,0.5360332803132265,0.7067268914341023,0.6096576676866788
0.6101801,0.5360988742046011,0.7067268914341023,0.6097000904594635
0.61021906,0.5361644841512667,0.7067268914341023,0.6097425191366005
0.6102329,0.5362301101591187,0.7067268914341023,0.6097849537193228
0.6103502,0.5361733382298935,0.7065655750927569,0.6096881959906006
0.6105044,0.5362389813907933,0.7065655750927569,0.6097306326994467
0.61054647,0.5363046406269132,0.7065655750927569,0.6097730753162294
0.61055017,0.5363703159441587,0.7065655750927569,0.6098155238421825
0.6106686,0.5364360073484384,0.7065655750927569,0.6098579782785402
0.6107028,0.5365017148456639,0.7065655750927569,0.6099004386265371
0.61071193,0.53644493446037,0.7064042587514116,0.609803648516429
0.61087334,0.5365106591521686,0.7064042587514116,0.6098461109945653
0.6110335,0.5365763999509864,0.7064042587514116,0.6098885793866959
0.6114859,0.5365196078431372,0.7062429424100661,0.6097917682284946
0.61165035,0.5365644171779141,0.7054363607033393,0.6095198271651654
0.6119641,0.5366302613817646,0.7054363607033393,0.6095623083351658
0.6120263,0.5366961217476681,0.7054363607033393,0.6096047954271248
0.61209977,0.536761998281576,0.7054363607033393,0.6096472884422807
0.61223507,0.5368278909894427,0.7054363607033393,0.6096897873818724
0.6126063,0.5368937998772253,0.7054363607033393,0.6097322922471388
0.61279005,0.5369597249508841,0.7054363607033393,0.6097748030393195
0.61292624,0.5370256662163821,0.7054363607033393,0.6098173197596543
0.6131573,0.5370916236796855,0.7054363607033393,0.609859842409383
0.6133043,0.5369482355834255,0.704468462655267,0.6094055260949598
0.6133111,0.5370142646335465,0.704468462655267,0.6094480496820155
0.6134535,0.5370415948806301,0.7039845136312308,0.609284467713296
0.6134716,0.5371076923076923,0.7039845136312308,0.6093270036297799
0.6135512,0.5370507139340226,0.7038231972898855,0.6092299099345785
0.61357564,0.5372012811037201,0.7035005646071947,0.6092058392116344
0.6135827,0.5371442651225823,0.7033392482658494,0.6091086895776034
0.6135965,0.5372104484967964,0.7033392482658494,0.6091512399575948
0.61363286,0.5372766481823783,0.7033392482658494,0.6091937962828678
0.6137017,0.5372379778051788,0.7028552992418132,0.6089873506180008
0.61375386,0.5373042298680478,0.7028552992418132,0.6090299133347059
0.6137607,0.5372471632955106,0.7026939829004678,0.6089326902909745
0.6138134,0.5373134328358209,0.7026939829004678,0.6089752551372133
0.61381936,0.537379718726869,0.7026939829004678,0.6090178259344965
0.61390024,0.537446020974707,0.7026939829004678,0.6090604026840727
0.6139653,0.5373889437314906,0.7025326665591224,0.6089631545824634
0.614211,0.5374552634826607,0.7025326665591224,0.6090057334633601
0.6144723,0.5375215996050358,0.7025326665591224,0.6090483182989285
0.614516,0.5374443895205141,0.7015647685110502,0.6086348051216135
0.61458486,0.5375108144852305,0.7015647685110502,0.6086773967804745
0.6146101,0.5375772558714462,0.7015647685110502,0.6087199944007964
0.6149255,0.5376809800767232,0.7009195031456686,0.6085434173664555
0.61497897,0.5377475247524752,0.7009195031456686,0.6085860354361639
0.615111,0.5376903082064612,0.7007581868043232,0.6084885838347798
0.615133,0.5377568705125031,0.7007581868043232,0.6085312040339695
0.61519444,0.53797546772395,0.7004355541216325,0.6085494043442878
0.61582714,0.5381182595760505,0.7002742377802872,0.6085798401789562
0.6158736,0.53853791733896,0.6999516050975964,0.6087261503923256
0.61591274,0.538480635551142,0.699790288756251,0.6086285513849872
0.6159242,0.5386239443616493,0.6996289724149056,0.6086590414702824
0.61598915,0.5386908458576575,0.6996289724149056,0.6087017543854734
0.6160906,0.5389876880984952,0.6991450233908695,0.6087078651680476
0.61613965,0.5390547263681592,0.6991450233908695,0.6087506145089542
0.6161587,0.5391217813160841,0.6991450233908695,0.608793369854825
0.61626077,0.5391888529484946,0.6991450233908695,0.6088361312069256
0.6163661,0.539285269580376,0.6986610743668333,0.6087139845392131
0.6164165,0.5393524283935243,0.6986610743668333,0.6087567643539955
0.6164592,0.539419603935733,0.6986610743668333,0.6087995501822465
0.6165053,0.5394867962132536,0.6986610743668333,0.6088423420252339
0.6165198,0.5394786079580891,0.697693176318761,0.6084693303315284
0.61655605,0.5395459081836327,0.697693176318761,0.6085121350680975
0.61655825,0.5394884591391141,0.6975318599774157,0.6084142394817088
0.61661273,0.5395557773895683,0.6975318599774157,0.6084570463655111
0.6166474,0.5396231124422813,0.6975318599774157,0.6084998592733611
0.6166754,0.5402973884793203,0.6975318599774157,0.608928319954444
0.6166884,0.5403649087728069,0.6975318599774157,0.6089711992108311
0.6168479,0.5406656656656657,0.6970479109533796,0.6089775209634992
0.6168546,0.5407333249906144,0.6970479109533796,0.6090204369269215
0.6172049,0.5405913304936106,0.6960800129053073,0.6085607502992046
0.617244,0.5407472417251755,0.6957573802226166,0.6085361552023297
0.6173557,0.5408150470219436,0.6957573802226166,0.6085790884713577
0.6176138,0.5407574617506897,0.6955960638812712,0.60848091441424
0.6176617,0.5407407407407407,0.6947894821745443,0.6081615362886915
0.617796,0.5408970976253298,0.6944668494918536,0.6081367424772588
0.61789834,0.5409650665996482,0.6944668494918536,0.6081796990882977
0.6179396,0.5409073771521931,0.6943055331505081,0.6080813789201067
0.6179486,0.5409753645047762,0.6943055331505081,0.60812433768937
0.61797446,0.5410433689503457,0.6943055331505081,0.608167302528828
0.6182188,0.5411113904953483,0.6943055331505081,0.6082102734397676
0.61826617,0.5411794291462341,0.6943055331505081,0.6082532504234759
0.6185653,0.5413363533408834,0.6939829004678174,0.6082284744799261
0.6186153,0.5412786307576138,0.693821584126472,0.6081300813003205
0.61870545,0.5412046370967742,0.6928536860783997,0.6077113547925744
0.61903805,0.5412358133669609,0.6923697370543636,0.6075447660834483
0.61908185,0.5411779543448102,0.6922084207130182,0.6074462061150228
0.61931264,0.5412462159434914,0.6922084207130182,0.6074892050678163
0.619862,0.5413144947647281,0.6922084207130182,0.6075322101085263
0.6198662,0.5413827908150391,0.6922084207130182,0.6075752212384455
0.6198816,0.5414511041009463,0.6922084207130182,0.6076182384588673
0.61990064,0.5415194346289752,0.6922084207130182,0.6076612617710857
0.6201407,0.5414720363590456,0.6918857880303275,0.607507082152482
0.6201415,0.541540404040404,0.6918857880303275,0.6075501097806535
0.6202696,0.5416087889885086,0.6918857880303275,0.6075931435042531
0.62040156,0.5416771912099015,0.6918857880303275,0.6076361833245766
0.62040854,0.5417456107111279,0.6918857880303275,0.6076792292429192
0.6204883,0.5418140474987367,0.6918857880303275,0.6077222812605771
0.620551,0.5418457648546144,0.6914018390062914,0.6075554610527358
0.6205786,0.5419142748767227,0.6914018390062914,0.6075985256587079
0.6206088,0.5419828022255944,0.6914018390062914,0.6076415963701034
0.62070334,0.5419248766915391,0.691240522664946,0.6075428895500531
0.620832,0.5422677803087825,0.691240522664946,0.6077583150126269
0.6208831,0.5423364131122642,0.691240522664946,0.6078014184392235
0.62118703,0.5422784810126582,0.6910792063236005,0.6077026739480141
0.6213032,0.5422633379799772,0.6902726246168737,0.6073811213621757
0.62137324,0.5422053231939163,0.6901113082755284,0.607282276953159
0.62139934,0.5422740524781341,0.6901113082755284,0.6073253833044475
0.6214116,0.5423427991886409,0.6901113082755284,0.6073684957757547
0.6214157,0.5424115633320654,0.6901113082755284,0.6074116143683841
0.6214793,0.542353537915293,0.6899499919341829,0.6073127440534654
0.6216449,0.542295497780596,0.6897886755928375,0.6072138596984563
0.62167984,0.5422803453529711,0.6889820938861106,0.606891651864516
0.6217081,0.5423707279888197,0.6886594612034199,0.6068230277180571
0.6220667,0.5427372169931315,0.6883368285207292,0.6069269610975797
0.6221094,0.5428062587457066,0.6883368285207292,0.6069701280222667
0.6221328,0.5428753180661577,0.6883368285207292,0.6070133010877778
0.6223763,0.5431847133757962,0.687852879496693,0.6070182931164547
0.62260485,0.5432539176965219,0.687852879496693,0.6070615034163633
0.62273663,0.5433231396534148,0.687852879496693,0.6071047198685181
0.6228404,0.5433923792532178,0.687852879496693,0.6071479424742328
0.62304085,0.5434616365026765,0.687852879496693,0.6071911712348218
0.623112,0.5435309114085405,0.687852879496693,0.6072344061516003
0.6231595,0.5436002039775625,0.687852879496693,0.607277647225883
0.6237448,0.5435420119852098,0.6876915631553476,0.6071784646056883
0.62385786,0.5436113236419281,0.6876915631553476,0.6072217078550727
0.6239137,0.5436806529779364,0.6876915631553476,0.6072649572644641
0.62397754,0.5441195249648831,0.6873689304726569,0.6074126870985801
0.62413436,0.5438977635782748,0.68656234876593,0.6069594980029294
0.62415886,0.5439651862280814,0.6855944507178577,0.6066228946612251
0.6241865,0.5436955407483341,0.68446523632844,0.606012997214389
0.62440217,0.5437652185057029,0.68446523632844,0.6060562776741244
0.6244935,0.5437067418610613,0.6843039199870947,0.6059567173768367
0.62457657,0.5438213781598871,0.6836586546217132,0.6057747284157443
0.62468684,0.5438911704312115,0.6836586546217132,0.6058180258732824
0.624687,0.5439609806186626,0.6836586546217132,0.605861329520593
0.62475705,0.5440308087291399,0.6836586546217132,0.6059046393590032
0.62486565,0.5441346524476423,0.683174705597677,0.6057788585319052
0.6252245,0.5442045746594706,0.683174705597677,0.6058221872536369
0.62540305,0.5442386831275721,0.6826907565736409,0.6056529516989697
0.6254278,0.5443086816720257,0.6826907565736409,0.6056962931152928
0.6254426,0.5443786982248521,0.6826907565736409,0.6057396407352109
0.6255898,0.5444487327930014,0.6826907565736409,0.605782994560056
0.62575746,0.5445187853834277,0.6826907565736409,0.6058263545911604
0.62578326,0.5445888560030884,0.6826907565736409,0.605869720829857
0.62585497,0.5448924384902744,0.6823681238909501,0.6059303824662015
0.6258822,0.5449626384952332,0.6823681238909501,0.6059737841123921
0.625992,0.5445633948149103,0.6810775931601871,0.6052178899077629
0.6260316,0.5451492055290014,0.6807549604774964,0.605451936871816
0.6264202,0.545054945054945,0.6801096951121148,0.6051385101186391
0.6265375,0.5452898550724637,0.6797870624294241,0.6051554534352782
0.62665707,0.5453604244855701,0.6797870624294241,0.60519890851595
0.62687206,0.5454074361963985,0.6791417970640425,0.6049719787320824
0.6268918,0.5454781031355274,0.6791417970640425,0.6050154487312728
0.6268922,0.5454663380464392,0.6783352153573157,0.6046879493811567
0.62700415,0.5454073689673067,0.6781738990159704,0.6045876177459644
0.6270274,0.5455962587685113,0.6775286336505888,0.6044470029497828
0.6270873,0.5457027694708101,0.6770446846265527,0.6043196544271514
0.6272958,0.5456436931079324,0.6768833682852073,0.6042191662461757
0.6274786,0.5457146573026401,0.6768833682852073,0.6042626728105657
0.627934,0.5457856399583767,0.6768833682852073,0.604306185640753
0.62793654,0.54564396405782,0.675915470237135,0.6038334053893312
0.6280488,0.5457150299557176,0.675915470237135,0.6038769186418635
0.6281958,0.5457861143675915,0.675915470237135,0.6039204381661243
0.6283901,0.545881126173097,0.6755928375544442,0.6038497584884392
0.62849015,0.5459522878373093,0.6755928375544442,0.6038932948805438
0.6286214,0.5460234680573663,0.6755928375544442,0.6039368375508791
0.6287392,0.5460946668405268,0.6755928375544442,0.6039803865008035
0.6290556,0.5461658841940532,0.6755928375544442,0.6040239417316755
0.6291258,0.546237120125212,0.6755928375544442,0.6040675032448539
0.6292425,0.5463083746412731,0.6755928375544442,0.6041110710416981
0.6292813,0.5463796477495108,0.6755928375544442,0.6041546451235679
0.6296435,0.5467137070429897,0.6749475721890628,0.604100490903346
0.6296526,0.5467625899280576,0.6743023068236812,0.603871713377142
0.6296934,0.5468341182626897,0.6743023068236812,0.6039153362705448
0.62992215,0.5465375049090195,0.6734957251169543,0.60341089752805
0.62997496,0.5464781356376015,0.673334408775609,0.603309966032605
0.63029134,0.5465496922875475,0.673334408775609,0.6033535703955736
0.6307388,0.5464552483291836,0.6726891434102275,0.6030368763552537
0.6307754,0.5466229508196722,0.6723665107275367,0.6030092592587645
0.630912,0.5465634837355718,0.6722051943861913,0.602908196483626
0.6309225,0.5466351829988194,0.6722051943861913,0.6029518159450993
0.6309811,0.5464810924369747,0.6713986126794644,0.6025334781030159
0.63106126,0.546589564988829,0.6709146636554283,0.6024044032440011
0.6311462,0.5466614090431126,0.6709146636554283,0.602448033605647
0.63115925,0.5466034755134281,0.6697854492660107,0.601957230880259
0.6314079,0.5466754443712969,0.6697854492660107,0.6020008699429588
0.6314622,0.5467474321833026,0.6697854492660107,0.60204451533337
0.6317132,0.5471324983520105,0.6694628165833199,0.6021474172949199
0.63175285,0.5471822621090141,0.6688175512179384,0.6019163763061252
0.6317702,0.5472544878563886,0.6688175512179384,0.6019600725947863
0.6319726,0.5471947194719472,0.668656234876593,0.6018585741246683
0.6322837,0.5471349353049908,0.6684949185352477,0.6017570609157905
0.63235474,0.5469803092374785,0.6676883368285207,0.6013366264705204
0.6324167,0.5470526037536347,0.6676883368285207,0.6013803123859923
0.6324171,0.5471249173826834,0.6676883368285207,0.601424004649316
0.63244635,0.547065044949762,0.6675270204871754,0.6013223861071849
0.63276076,0.54713737934682,0.6675270204871754,0.6013660805110584
0.6328777,0.5472097328749008,0.6675270204871754,0.6014097812654013
0.63334024,0.5471498479037165,0.66736570414583,0.6013081395343886
0.63338846,0.5472222222222223,0.66736570414583,0.601351842429914
0.63339543,0.5475119110640551,0.66736570414583,0.6015267175567567
0.633431,0.5475843812045004,0.66736570414583,0.6015704522315828
0.6334532,0.5476568705321684,0.66736570414583,0.6016141932664284
0.6334611,0.5477293790546802,0.66736570414583,0.6016579406626811
0.6334665,0.5474675152479448,0.666075173415067,0.6009751837561453
0.6335072,0.5471798274717983,0.6651072753669947,0.6004077471962428
0.63358355,0.5473502457165627,0.6647846426843039,0.6003787878782926
0.63365114,0.547422954303932,0.6647846426843039,0.6004225249503314
0.6339012,0.5474481658692185,0.6644620100016132,0.6003060555267217
0.633968,0.5474258347745111,0.6638167446362316,0.6000291630207935
0.6339802,0.5474986695050559,0.6638167446362316,0.600072912868626
0.6340101,0.547729996005858,0.6636554282948862,0.6001458789200005
0.634142,0.5473936808425544,0.6623648975641232,0.5994160583936651
0.6343028,0.5473712303175874,0.6617196321987417,0.5991382458185359
0.6343461,0.5474442813292406,0.6617196321987417,0.599182004089484
0.6345271,0.5475173518419648,0.6617196321987417,0.5992257687527001
0.6345927,0.5475904418635696,0.6617196321987417,0.5992695398095849
0.63466585,0.5476635514018692,0.6617196321987417,0.5993133172615396
0.63484865,0.5476031512885565,0.6615583158573963,0.59921098772598
0.63485044,0.5475427350427351,0.661396999516051,0.5991086432376136
0.63488764,0.5473613894455578,0.6609130504920149,0.5988015200228893
0.63517725,0.547300908605024,0.6607517341506695,0.5986991156905078
0.63524306,0.5472404115996258,0.660590417809324,0.598596696388921
0.6352583,0.5472051350628511,0.660106468785288,0.5983768370251679
0.6355097,0.5472783201818912,0.660106468785288,0.5984205908155324
0.635773,0.5473515248796148,0.660106468785288,0.5984643510049888
0.63579625,0.5472909698996655,0.6599451524439426,0.5983618546141013
0.6358316,0.5473641958790474,0.6599451524439426,0.5984056169087415
0.63593197,0.547427652733119,0.6591385707372157,0.5981116885012975
0.63594806,0.5475010049577917,0.6591385707372157,0.5981554677201893
0.6359969,0.5475743768426695,0.6591385707372157,0.5981992533484538
0.63637686,0.5476477683956574,0.6591385707372157,0.5982430453874985
0.636458,0.5477211796246649,0.6591385707372157,0.5982868438387311
0.63646734,0.5477946105376056,0.6591385707372157,0.5983306487035606
0.63654804,0.5478680611423974,0.6591385707372157,0.5983744599833952
0.6366769,0.5479415314469626,0.6591385707372157,0.5984182776796447
0.6367097,0.5481879194630872,0.6588159380545249,0.5984321195687033
0.6367344,0.548261511612297,0.6588159380545249,0.5984759671741817
0.6367672,0.5482008592910849,0.6586546217131796,0.598373268849801
0.6367703,0.548434770925702,0.6584933053718341,0.5984459756628966
0.63687414,0.5485084654662725,0.6584933053718341,0.5984898467849303
0.6370628,0.548582179814541,0.6584933053718341,0.5985337243396801
0.63717055,0.5485737351991389,0.6576867236651073,0.5981952901469622
0.6372084,0.5485521885521886,0.6570414582997257,0.5979154433347946
0.63729495,0.5486260775862069,0.6570414582997257,0.5979593334796478
0.63745415,0.5486999865283578,0.6570414582997257,0.5980032300685101
0.63747764,0.5490090333018741,0.6568801419583804,0.5981198589889282
0.6375882,0.5490010799136069,0.6560735602516535,0.5977805541260565
0.6377369,0.5490751991359525,0.6560735602516535,0.5978244891954468
0.6378521,0.5491493383742911,0.6560735602516535,0.5978684307235024
0.6379241,0.5490063539272678,0.6551056622035812,0.5973815828179799
0.63804364,0.5490805840995132,0.6551056622035812,0.5974255240892428
0.6381567,0.5491548343475321,0.6551056622035812,0.5974694718253094
0.6382972,0.5492291046794698,0.6551056622035812,0.5975134260276065
0.6383357,0.5494044396318354,0.6547830295208905,0.597482888054262
0.6384724,0.5494788141329362,0.6547830295208905,0.5975268658908626
0.63865286,0.549553208773355,0.6547830295208905,0.597570850201933
0.6389938,0.5496203904555315,0.6539764478141635,0.5972744014728001
0.6397673,0.5495593220338983,0.6538151314728182,0.5971710623245369
0.6401336,0.5497759065598261,0.6530085497660914,0.5969620999847566
0.6403008,0.549850584080413,0.6530085497660914,0.5970061204920928
0.6403254,0.5499660095173351,0.6525246007420552,0.5968717721700806
0.64046764,0.5499455634186173,0.6518793353766736,0.5965896508447092
0.6404872,0.5500204164965292,0.6518793353766736,0.596633692602486
0.6405238,0.5499591614484073,0.6517180190353283,0.5965300849016815
0.6407503,0.5500340367597005,0.6517180190353283,0.5965741287650086
0.6407759,0.5501089324618736,0.6517180190353283,0.5966181791326352
0.640808,0.550129586686673,0.6505888046459106,0.5961566888391191
0.6408521,0.5500682128240109,0.6504274883045652,0.5960529233493445
0.6408967,0.5501706484641639,0.6501048556218745,0.5959775214428634
0.6413195,0.5503346537358285,0.6499435392805292,0.5960059171592669
0.6416667,0.5504511894995898,0.649459590256493,0.5958706430839406
0.64186865,0.5505264597292493,0.649459590256493,0.595914742450658
0.6419372,0.550601750547046,0.649459590256493,0.5959588483452957
0.6420733,0.550677061961428,0.649459590256493,0.5960029607693034
0.6421197,0.5507523939808482,0.649459590256493,0.5960470797241313
0.6423157,0.5508277466137639,0.649459590256493,0.5960912052112297
0.6423574,0.5508079978088195,0.6488143248911115,0.595807717946322
0.6426191,0.5507464730858787,0.648653008549766,0.5957037037032069
0.64284724,0.5508219178082192,0.648653008549766,0.5957478331723308
0.64316106,0.5508973832031785,0.648653008549766,0.5957919691801226
0.6431672,0.5509728692792546,0.648653008549766,0.5958361117280354
0.6433803,0.5510483760449499,0.648653008549766,0.5958802608175234
0.6434836,0.5509868421052632,0.6484916922084207,0.5957762134118781
0.6435897,0.5508776741634668,0.6480077431843846,0.595508116521629
0.64362484,0.5510848667948366,0.647362477819003,0.595356427564224
0.64364874,0.5511605548688367,0.647362477819003,0.5954005934713132
0.64368653,0.5510989010989011,0.6472011614776577,0.5952963869718306
0.64401406,0.5510372303887897,0.6470398451363123,0.5951921650091485
0.6440762,0.550941839681012,0.6463945797709308,0.5948634204270565
0.64427274,0.5508124483613329,0.6452653653815131,0.594309486664684
0.6443083,0.5508883073956755,0.6452653653815131,0.5943536404155506
0.6443261,0.5507166482910695,0.6446201000161317,0.593979933109871
0.6444284,0.5507925568573397,0.6446201000161317,0.5940240820568838
0.6445242,0.550786640905327,0.6438135183094047,0.5936779471917677
0.6445796,0.5508626639061421,0.6438135183094047,0.5937221065154208
0.64460874,0.551014772884164,0.6438135183094047,0.5938104448737777
0.64461637,0.5510908588787627,0.6438135183094047,0.5938546239114142
0.6446656,0.5512855957976224,0.6433295692853687,0.593761631801781
0.6447517,0.5512660855126609,0.6426843039199871,0.5934753463424196
0.6448639,0.551342374757819,0.6426843039199871,0.5935195530721287
0.6449045,0.551280276816609,0.6425229875786417,0.5934147794989069
0.6449496,0.5513992795788307,0.6420390385546055,0.5932771856594864
0.64495087,0.5513176144244105,0.6412324568478787,0.5928853754935739
0.6449883,0.5513940907199334,0.6412324568478787,0.5929295942715791
0.6450173,0.5513318534961155,0.6410711405065334,0.5928246438422715
0.64506435,0.5513123177336481,0.6404258751411518,0.5925373134323385
0.64516884,0.5512927439532944,0.6397806097757703,0.5922496826695542
0.64518136,0.5516138007790763,0.6396192934344249,0.592365727944524
0.6455105,0.551690552386253,0.6396192934344249,0.5924099805762246
0.64555043,0.551483906924899,0.6384900790450072,0.5918062200951963
0.6456533,0.5516808480959687,0.6380061300209712,0.5917115499695804
0.6457208,0.551926298157454,0.6378448136796258,0.591783282196614
0.6457237,0.5520033505514449,0.6378448136796258,0.5918275707224482
0.6457414,0.552013422818792,0.6368769156315535,0.591416373304873
0.6458473,0.5519507761152287,0.636715599290208,0.5913108614227235
0.64602333,0.5518881118881119,0.6365542829488627,0.5912053337323664
0.6466205,0.5519653098335432,0.6365542829488627,0.5912496254115494
0.64686036,0.5520425293788472,0.6365542829488627,0.5912939237276811
0.6469268,0.552086250350042,0.6360703339248266,0.591110111685283
0.64695626,0.5522074281709881,0.6355863849007904,0.5909704514769286
0.6472857,0.5525909282404157,0.6347798031940636,0.5908408408403433
0.647477,0.5526685393258427,0.6347798031940636,0.5908852015912135
0.64762616,0.5528832630098452,0.634134537828682,0.5907280787432095
0.647846,0.5529610353073569,0.634134537828682,0.5907724676881106
0.64799714,0.553038829487901,0.634134537828682,0.5908168633045296
0.6480305,0.553083638411715,0.6336505888046459,0.5906322832864732
0.6480411,0.5532214859720852,0.6330053234392644,0.5904303340350124
0.6481222,0.5532994923857868,0.6330053234392644,0.590474757354103
0.6482894,0.5534227240649259,0.6325213744152283,0.5903342366752022
0.6484235,0.5534049166431195,0.6318761090498467,0.5900429313846042
0.64855087,0.5534831143139749,0.6318761090498467,0.5900873757150791
0.648793,0.5532937517670342,0.6313921600258107,0.5897687033823094
0.6488675,0.5534021785259584,0.6310695273431198,0.5896894784438796
0.6488912,0.5533843103936562,0.6304242619777384,0.5893974813357512
0.6490512,0.5534626823396119,0.6304242619777384,0.5894419306179033
0.64931566,0.5535410764872521,0.6304242619777384,0.5894863866048269
0.6494142,0.5536651070466468,0.6299403129537022,0.5893450045271205
0.64958435,0.5537436188315371,0.6299403129537022,0.5893894800387443
0.6497035,0.5537741203178207,0.6296176802710115,0.589265494073632
0.64975494,0.5538527032779906,0.6296176802710115,0.589309980370935
0.64986247,0.554040619230223,0.6292950475883207,0.5892749244708011
0.6498662,0.5539772727272727,0.6291337312469754,0.5891683661903019
0.6499019,0.5540559738599233,0.6291337312469754,0.5892128720345526
0.6499114,0.5539445628997868,0.6286497822229392,0.5889375850078139
0.6500645,0.5540233153255616,0.6286497822229392,0.588982090228475
0.6501789,0.5541020901464524,0.6286497822229392,0.5890266021760436
0.6504737,0.5540386803185438,0.6284884658815938,0.5889199606978618
0.6505197,0.553800170794193,0.6276818841748669,0.5884310018898611
0.6506177,0.5538790035587189,0.6276818841748669,0.5884754990920609
0.6507106,0.5538154897494305,0.6275205678335215,0.5883687514174857
0.6507668,0.5538286040211037,0.6265526697854492,0.5879503481678336
0.6510879,0.5543974871501999,0.6263913534441039,0.5881996515938366
0.65113866,0.5548885077186964,0.6262300371027585,0.5884046987490281
0.6511505,0.5549678341672624,0.6262300371027585,0.5884492951336537
0.6511709,0.5550471832999714,0.6262300371027585,0.5884938982788923
0.65151745,0.5551265551265552,0.6262300371027585,0.5885385081862816
0.65181845,0.5550629290617849,0.6260687207614132,0.5884315063295753
0.651849,0.5552529740576179,0.6249395063719955,0.5880388585301635
0.6518892,0.5551892201834863,0.6247781900306502,0.5879316888040559
0.65197515,0.5552688172043011,0.6247781900306502,0.5879763169875083
0.65211123,0.5553484370519071,0.6247781900306502,0.5880209519466664
0.6523331,0.5554280797361251,0.6247781900306502,0.5880655936830729
0.6523568,0.5552363166211751,0.623487659299887,0.5873860182365838
0.6523792,0.555379746835443,0.6228423939345056,0.58717968215295
0.6524251,0.5552036850439038,0.622197128569124,0.5867944621933248
0.652453,0.5551714203399597,0.6217131795450879,0.5865611445090518
0.6524803,0.5553792904528411,0.6212292305210518,0.586461585318926
0.65255916,0.5554593970863984,0.6212292305210518,0.5865062442882618
0.65276724,0.5555395268320831,0.6212292305210518,0.5865509100596645
0.65280384,0.555619679699899,0.6212292305210518,0.5865955826346883
0.6529882,0.5556998556998557,0.6212292305210518,0.5866402620148872
0.65303785,0.5557800548419686,0.6212292305210518,0.5866849482018173
0.6531623,0.5559572006940428,0.6202613324729795,0.5863515059087657
0.65342027,0.5560375994215474,0.6202613324729795,0.586396217782024
0.6534873,0.5561180214058432,0.6202613324729795,0.586440936474755
0.6537955,0.556296188958122,0.6192934344249073,0.5861068702285092
0.65382063,0.5563768115942029,0.6192934344249073,0.5861516146265722
0.65387875,0.5559425337396604,0.6180029036941442,0.5853323147435808
0.65404576,0.555878084179971,0.6178415873527988,0.585224234089195
0.65408343,0.55625,0.6173576383287627,0.5852129367683674
0.65408415,0.5563308620439017,0.6173576383287627,0.5852576846607644
0.6541015,0.5564117476010468,0.6173576383287627,0.5853024393969166
0.6544759,0.5564926566816926,0.6173576383287627,0.5853472009783939
0.654486,0.5565735892961023,0.6173576383287627,0.585391969406767
0.65454,0.5566545454545454,0.6173576383287627,0.5854367446836071
0.6547955,0.5567355251672971,0.6173576383287627,0.5854815268104857
0.65493125,0.5568165284446385,0.6173576383287627,0.585526315788975
0.6549419,0.5570762958648806,0.6171963219874174,0.58559730619067
0.6550744,0.5571574195427407,0.6171963219874174,0.585642124597695
0.6552631,0.5571907329156346,0.6168736893047265,0.5855152350324211
0.655343,0.5574679113185531,0.6165510566220358,0.5855227882032547
0.6554652,0.5575492341356674,0.6165510566220358,0.5855676421015389
0.65548974,0.5576305806828129,0.6165510566220358,0.5856125028724039
0.65571314,0.5575828346226828,0.6162284239393451,0.585440613026321
0.6557259,0.5578439964943033,0.6160671075979997,0.5855116903022992
0.6557919,0.5579254930606282,0.6160671075979997,0.5855565777363917
0.6560022,0.5582041532611874,0.6157444749153089,0.5855641635340566
0.65634507,0.5578330893118595,0.6146152605258913,0.584849182592179
0.6564376,0.5579147752233123,0.6146152605258913,0.5848940743010056
0.6564408,0.5578500292911541,0.6144539441845459,0.5847854456124589
0.6565125,0.557931741614179,0.6144539441845459,0.5848303393208585
0.6566426,0.558013477878699,0.6144539441845459,0.5848752399227256
0.65675396,0.5579487179487179,0.6142926278432005,0.5847665847660859
0.65677166,0.5580304806565064,0.6142926278432005,0.5848114873680029
0.6568894,0.558112267331086,0.6142926278432005,0.5848563968663418
0.6569869,0.5582146527675819,0.6133247297951282,0.5844734819364726
0.65700674,0.5582966226138032,0.6133247297951282,0.5845184103308101
0.65758497,0.5581190301249082,0.6126794644297467,0.5841279606270002
0.6578803,0.558286723579629,0.6118728827230199,0.5838528438384912
0.6582074,0.5582080754494547,0.611066301016293,0.5834424335767054
0.6582206,0.5582903463522476,0.611066301016293,0.5834873690691251
0.6584011,0.5580640401357533,0.6100984029682207,0.5829223181252715
0.658647,0.5577718676122931,0.608969188578803,0.5822472430009661
0.6588611,0.5577065169203488,0.6088078722374577,0.5821378991202784
0.6589083,0.5576268678798639,0.6080012905307307,0.5817255749339042
0.65915096,0.5577093814738088,0.6080012905307307,0.5817704715592755
0.6592237,0.5577919194908983,0.6080012905307307,0.5818153751152774
0.6592932,0.5578744819419775,0.6080012905307307,0.5818602856035148
0.6593959,0.5580085938657579,0.6075173415066947,0.5817114612290344
0.6596072,0.5582740213523132,0.6073560251653493,0.5817816580385954
0.6596572,0.5586575586575586,0.6068720761413131,0.5817675713286588
0.6599079,0.5587405317094906,0.6068720761413131,0.5818125579951704
0.65993804,0.5588235294117647,0.6068720761413131,0.5818575516196385
0.6600171,0.5589065517753677,0.6068720761413131,0.5819025522036771
0.6602456,0.558775449546738,0.6065494434586224,0.5816831683163325
0.66030246,0.558858501783591,0.6065494434586224,0.581728165853914
0.66041434,0.5589415787126505,0.6065494434586224,0.5817731703538254
0.66125125,0.5591429846748995,0.6062268107759317,0.5817337461295318
0.66128427,0.5592261904761905,0.6062268107759317,0.5817787754465168
0.66128784,0.5591654247391953,0.6052589127278594,0.5812998683084325
0.66147184,0.5597850425436632,0.6049362800451685,0.5814855016276601
0.66151726,0.5598686174977605,0.6049362800451685,0.5815305885084563
0.66162974,0.5598028968194714,0.6047749637038232,0.5814205955329994
0.66181713,0.5598744206906862,0.6041296983384417,0.5811607697077564
0.6624297,0.5599581339712919,0.6041296983384417,0.5812058663764698
0.6625046,0.560041872289517,0.6041296983384417,0.5812509700445107
0.6627483,0.5601256356565959,0.6041296983384417,0.5812960807135091
0.66275007,0.5602094240837696,0.6041296983384417,0.5813411983850951
0.66276526,0.5602932375822861,0.6041296983384417,0.5813863230608995
0.66286117,0.5601317957166392,0.6033231166317148,0.5809257533390471
0.662877,0.5602698650674662,0.6028391676076786,0.5807755070319041
0.6631134,0.5603422395676974,0.6021939022422972,0.5805147344680489
0.66330504,0.5607813673929376,0.6020325859009518,0.580675276178122
0.6633096,0.5608656447249775,0.6020325859009518,0.5807204543681305
0.663417,0.5609499473921539,0.6020325859009518,0.5807656395886696
0.66348845,0.5609866145285005,0.601709953218261,0.5806351183058518
0.6635529,0.5610709987966306,0.601709953218261,0.580680314469805
0.6635865,0.561155408454942,0.601709953218261,0.580725517670371
0.6636712,0.5610893770689136,0.6015486368769156,0.5806150253011744
0.66410065,0.5610233258088788,0.6013873205355702,0.5805045157266883
0.6642611,0.5611077664057796,0.6013873205355702,0.58054971579799
0.6644214,0.561332127787824,0.6009033715115342,0.5804440981685696
0.6644503,0.5613691194209891,0.6005807388288433,0.5803133037170596
0.6644577,0.5616603773584906,0.6002581061461526,0.5803181534617587
0.66480404,0.5617451690821256,0.6002581061461526,0.5803634094980576
0.6648232,0.561829986410992,0.6002581061461526,0.5804086725934796
0.6648912,0.5619148293566898,0.6002581061461526,0.580453942749676
0.6649496,0.5622071050642479,0.5999354734634619,0.5804588731070391
0.6649626,0.5622921076504385,0.5999354734634619,0.5805041754463124
0.66513175,0.5623298033282905,0.599612840780771,0.5803731751107505
0.6652329,0.5624148887880164,0.599612840780771,0.5804184884442226
0.6653537,0.5623864324651726,0.599128891756735,0.5801765211273611
0.6655902,0.5624716038164471,0.599128891756735,0.5802218403369478
0.66565496,0.5624620982413584,0.5984836263913534,0.5799140289170464
0.6658479,0.5624336216052193,0.5979996773673173,0.579671618451416
0.6662491,0.5625189681335356,0.5979996773673173,0.5797169442484644
0.66636425,0.5626043405676127,0.5979996773673173,0.5797622771343143
0.6665213,0.5625379477838495,0.5978383610259719,0.5796512082578879
0.66652447,0.5625284911107734,0.5971930956605904,0.5793427230041953
0.6666461,0.5626139817629179,0.5971930956605904,0.5793880585330319
0.6666684,0.5626994984040128,0.5971930956605904,0.5794334011577411
0.66668916,0.5627376425855514,0.5968704629778997,0.5793017065910144
0.6667452,0.5628232430787953,0.5968704629778997,0.5793470602046206
0.6667788,0.5629088696181348,0.5968704629778997,0.5793924209202646
0.66710496,0.5628423615337796,0.5967091466365543,0.5792811839318471
0.6672374,0.5627283800243605,0.5962251976125181,0.5789927155943935
0.66751444,0.5628140703517588,0.5962251976125181,0.5790380698726009
0.66762716,0.5628997867803838,0.5962251976125181,0.5790834312568447
0.66765404,0.562985529322163,0.5962251976125181,0.5791287997487952
0.66776997,0.5628715134887975,0.595741248588482,0.5788401253913499
0.6682537,0.5629573170731708,0.595741248588482,0.5788854925929637
0.6682931,0.562843197071385,0.5952572995644458,0.5785966287725305
0.6683828,0.562929061784897,0.5952572995644458,0.5786419946678396
0.6685641,0.5630149527006408,0.5952572995644458,0.5786873676776936
0.6685829,0.5627196333078686,0.5941280851750282,0.5779974890139385
0.6686028,0.5628056234718827,0.5941280851750282,0.5780428470527845
0.6687771,0.5628916399205257,0.5941280851750282,0.5780882122110841
0.66889924,0.5629776826658515,0.5941280851750282,0.5781335844905136
0.6690785,0.5629017447199265,0.5933215034683014,0.577711458414642
0.66912514,0.5627201715423495,0.5926762381029198,0.5773098680070428
0.669195,0.5628063725490197,0.5926762381029198,0.5773552290401226
0.6692012,0.562892599969358,0.5926762381029198,0.5774005972020776
0.6692667,0.5632095734888003,0.5921922890788837,0.5773374223475384
0.6695928,0.5631336405529954,0.5913857073721568,0.5769139979537058
0.66972136,0.5630381303813038,0.5907404420067753,0.5765567188848029
0.66972893,0.5629709364908504,0.5905791256654299,0.5764446543846364
0.6698702,0.5630575207628422,0.5905791256654299,0.5764900401538188
0.6699866,0.5632697044334976,0.5902564929827392,0.5764474202436909
0.6701158,0.5633564280215551,0.5902564929827392,0.5764928312583627
0.6703976,0.5634431783184478,0.5902564929827392,0.5765382494283192
0.67041266,0.5635299553365163,0.5902564929827392,0.576583674755252
0.6704978,0.5636167590881085,0.5902564929827392,0.5766291072408524
0.67086536,0.564070932922128,0.5900951766413938,0.5767896562593551
0.6710161,0.5640037014188772,0.5899338603000484,0.5766774422450257
0.6710184,0.5640906987505785,0.5899338603000484,0.5767229143663193
0.6712078,0.56408276714021,0.5892885949346669,0.5764102564097566
0.67124254,0.5641698841698841,0.5892885949346669,0.5764557361522539
0.6713076,0.5642570281124498,0.5892885949346669,0.5765012230721743
0.67135227,0.5641421947449768,0.5888046459106308,0.5762096455911018
0.67174,0.5642294017622508,0.5888046459106308,0.5762551310383383
0.6717889,0.5643166357452072,0.5888046459106308,0.5763006236672985
0.6719072,0.5644038967063554,0.5888046459106308,0.5763461234796833
0.67203724,0.5644911846582122,0.5888046459106308,0.5763916304771947
0.67222846,0.564638488930175,0.5883206968865946,0.5762363722542008
0.6723541,0.5645710746361102,0.5881593805452492,0.5761238840162498
0.672384,0.5646585101440298,0.5881593805452492,0.5761694058149237
0.67245907,0.5648062015503876,0.5876754315212132,0.5760139141429107
0.67276245,0.5648937819817026,0.5876754315212132,0.5760594560399809
0.672992,0.5646237393328162,0.5870301661558316,0.5756089844980766
0.6731182,0.5646839571362012,0.5865462171317954,0.5754075011863968
0.6732268,0.5647716682199441,0.5865462171317954,0.5754530347387579
0.6732427,0.5647241647241648,0.5862235844491047,0.5752730726605735
0.67329335,0.5648119365868822,0.5862235844491047,0.5753186099892096
0.6733966,0.564649136455578,0.5854170027423778,0.5748455567870813
0.67341423,0.5647370059134765,0.5854170027423778,0.574891089108411
0.6734651,0.5646692607003891,0.5852556864010324,0.5747782002529854
0.6739165,0.5645463049579046,0.5841264720116148,0.5741695076503366
0.67413414,0.5644708086169217,0.5833198903048878,0.573740579134764
0.67439306,0.5645589383294302,0.5833198903048878,0.5737860996504045
0.67441225,0.564347146207975,0.5821906759154702,0.5731300619337545
0.674491,0.5648090169067,0.5820293595741248,0.5732899022796303
0.67459947,0.5649381168729437,0.5817067268914341,0.5731998092508115
0.6747749,0.5648902821316615,0.5813840942087434,0.5730185229345506
0.6749726,0.5649788368082772,0.5813840942087434,0.5730640801394269
0.67505705,0.5651695979899497,0.5805775125020165,0.5727699530511432
0.67518705,0.5651013035966703,0.5804161961606711,0.5726563743429666
0.6752389,0.5650943396226416,0.5797709307952895,0.5723385619869195
0.6756083,0.565176322418136,0.5791256654299081,0.572065970838477
0.6756733,0.5650528307837881,0.5779964510404904,0.5714513556613819
0.67574364,0.5649289099526066,0.5768672366510728,0.5708356612653632
0.6757736,0.564880670143828,0.576544603968382,0.5706530416728195
0.67578936,0.5649699652228897,0.576544603968382,0.5706986027939112
0.6758983,0.5648939537828427,0.5757380222616552,0.570264440360609
0.6759082,0.5649833781858478,0.5757380222616552,0.5703100031954094
0.6759613,0.5650451592457614,0.575254073237619,0.5701039168660069
0.676238,0.5649762282091918,0.5750927568962736,0.5699896074821125
0.6762502,0.5649896841771147,0.5742861751895467,0.5695999999995
0.676286,0.5650793650793651,0.5742861751895467,0.5696455716452317
0.67661023,0.5651690744562629,0.5742861751895467,0.5696911505835934
0.6766973,0.5651621106166561,0.5736409098241652,0.5693699463608802
0.6767606,0.565065224307986,0.5729956444587837,0.5690028033635368
0.6767744,0.5651551312649165,0.5729956444587837,0.5690483819283689
0.6768625,0.56524506683641,0.5729956444587837,0.569093967795703
0.67693704,0.5653350310361293,0.5729956444587837,0.5691395609672937
0.6769705,0.565425023877746,0.5729956444587837,0.5691851614448971
0.67713505,0.5656678355116354,0.5725116954347476,0.5690691894487103
0.6771456,0.566001596169194,0.5720277464107114,0.5689987163024526
0.6772473,0.5664056256992169,0.5717051137280207,0.5690430314702772
0.67788666,0.5663363171355499,0.5715437973866753,0.5689281413082115
0.67792493,0.5664268585131894,0.5715437973866753,0.5689738236706096
0.6783136,0.5665174288455389,0.5715437973866753,0.5690195133697721
0.6783364,0.5665119257243477,0.5708985320212937,0.5686967700461013
0.6784036,0.5666026256804355,0.5708985320212937,0.5687424668536581
0.6786468,0.5668269230769231,0.570575899338603,0.5686952327352504
0.6786831,0.5669177752845007,0.570575899338603,0.5687409551369819
0.678921,0.5670086566207118,0.570575899338603,0.5687866848913549
0.67908835,0.5674157303370787,0.5702532666559122,0.568830959851459
0.6796091,0.5674807197943444,0.5697693176318761,0.5686227159296294
0.6796634,0.5675675675675675,0.5691240522664947,0.5683447442604747
0.679926,0.5674979887369268,0.5689627359251492,0.5682294183980822
0.6801708,0.5675153077666774,0.5681561542184224,0.5678355501808784
0.6802564,0.5674456083803384,0.5679948378770769,0.5677200902929537
0.68030494,0.5673014848289218,0.5670269398290047,0.5671641791039774
0.6803572,0.5673930589184827,0.5670269398290047,0.5672099402931905
0.68106616,0.5671569419751091,0.5660590417809324,0.5666074600350239
0.6811469,0.5672486259295183,0.5660590417809324,0.5666532095271544
0.6812145,0.5673403395311237,0.5660590417809324,0.5666989664077687
0.68127286,0.5671955958549223,0.5650911437328602,0.5661414141409141
0.6812933,0.5672874493927126,0.5650911437328602,0.5661871666392284
0.68157744,0.5673793326854552,0.5650911437328602,0.5662329265330812
0.681679,0.5675850891410049,0.5649298273915148,0.5662543455407725
0.6816903,0.5675544007794738,0.5638006130020972,0.5656712794362565
0.68184525,0.5676465811271724,0.5638006130020972,0.5657170605368907
0.6819168,0.567738791423002,0.5638006130020972,0.5657628490484681
0.6820174,0.5673874166802146,0.5629940312953702,0.5651821862343177
0.68218833,0.5676599902296043,0.5623487659299887,0.5649918962717853
0.6825546,0.5677745193874226,0.5621874495886433,0.564967171921361
0.6826082,0.5678408349641226,0.5617035005646072,0.5647554942822021
0.6826204,0.5679072804440092,0.561219551540571,0.5645436105471673
0.68291265,0.5678326250408631,0.5604129698338441,0.5640984005840579
0.68311834,0.5677619748242603,0.5602516534924988,0.5639818122762131
0.6831511,0.5675233262399738,0.5592837554444265,0.5633734156641084
0.68326813,0.5676162409954159,0.5592837554444265,0.5634191923290685
0.68332833,0.5678424938474159,0.5583158573963543,0.5630388807543397
0.6835717,0.5679356744338694,0.5583158573963543,0.5630846823390427
0.68402517,0.5682826622843057,0.5578319083723181,0.5630087919239546
0.68405414,0.5683760683760684,0.5578319083723181,0.5630546283476234
0.68409824,0.5684695051783659,0.5578319083723181,0.5631004722352921
0.6842631,0.5684920243381023,0.5576705920309727,0.5630293159604121
0.68432844,0.5688888888888889,0.5575092756896274,0.5631416001298569
0.6843846,0.5689825485676655,0.5575092756896274,0.5631874847220618
0.68446285,0.5690280065897858,0.5571866430069367,0.5630450729475805
0.68491125,0.5691217663536002,0.5571866430069367,0.5630909683725029
0.6850398,0.569215557020435,0.5571866430069367,0.5631368712801716
0.68506306,0.5691445524971156,0.5570253266655912,0.5630197293326159
0.68508476,0.5693551047336303,0.5568640103242458,0.5630402870652317
0.68517286,0.5695889053987122,0.5565413776415551,0.5629895561352702
0.68534684,0.5697290152015863,0.5562187449588644,0.5628928250750042
0.6853701,0.5696789142667991,0.5552508469107921,0.5623723551992387
0.68547034,0.5697732163549081,0.5552508469107921,0.5624183006530948
0.6857246,0.5698675496688742,0.5552508469107921,0.5624642536149915
0.6857521,0.5701027510772291,0.5549282142281013,0.5624131447718371
0.6859737,0.5701972484667661,0.5549282142281013,0.5624591236097028
0.68621117,0.5702917771883289,0.5549282142281013,0.5625051099659787
0.6863487,0.5703863372575029,0.5549282142281013,0.5625511038425091
0.68641216,0.5701477668935746,0.553960316180029,0.5619374897720414
0.68690795,0.5706449468085106,0.5537989998386836,0.5620957838717882
0.68739265,0.5709054593874834,0.5533150508146475,0.561972638649455
0.6875151,0.5708340269685367,0.5531537344733022,0.561854825495158
0.6877984,0.5707382102982836,0.5525084691079206,0.5614754098355658
0.68780136,0.5704989154013015,0.5515405710598483,0.5608595800519935
0.6879116,0.5705941255006676,0.5515405710598483,0.5609055860875979
0.6880525,0.5707602339181287,0.5510566220358122,0.5607353906757968
0.6881391,0.570615796519411,0.55008872398774,0.5601642710467281
0.6882179,0.5707112970711297,0.55008872398774,0.5602102842117557
0.68863225,0.5707823756073044,0.5496047749637039,0.5599934253775409
0.68912315,0.5707578806170356,0.5491208259396677,0.5597303296878995
0.6892494,0.5710685483870968,0.5483142442329408,0.5594601267380402
0.6892997,0.5706594885598923,0.5471850298435231,0.558675780284438
0.6894324,0.5705872454989063,0.5470237135021778,0.5585570746165319
0.689713,0.5706576728499156,0.5458944991127601,0.5580014840460004
0.68977886,0.5708974142301843,0.5449266010646878,0.5576097722015472
0.69005775,0.5709939148073022,0.5449266010646878,0.557655798596281
0.69007695,0.5711867276113086,0.5442813356993064,0.5574095489834752
0.6903931,0.5715980342314861,0.544120019357961,0.557520661156525
0.69040805,0.5717192268565615,0.5439587030166155,0.5574935934524224
0.6904901,0.5721561969439728,0.5436360703339248,0.5575316403336884
0.69051784,0.5722533537103074,0.5436360703339248,0.5575777630703143
0.69054574,0.5722297756628144,0.5431521213098887,0.5573119258457305
0.6905905,0.5723270440251572,0.5431521213098887,0.5573580533019337
0.6910705,0.5728386657590198,0.5429908049685434,0.5575155279498109
0.69115126,0.5727659574468085,0.5428294886271979,0.5573960576440257
0.69139796,0.5728403475890271,0.5423455396031618,0.5571760026511411
0.69143677,0.5725985326736052,0.5413776415550895,0.5565505804306777
0.6914385,0.5726962457337884,0.5413776415550895,0.5565967327302409
0.69144195,0.5730394669400307,0.5410550088723988,0.5565881181541634
0.69150794,0.5728205128205128,0.5405710598483626,0.5562287326744111
0.6918937,0.5727474782014019,0.5404097435070173,0.5561088977418642
0.6919287,0.5728454172366622,0.5404097435070173,0.5561550593503762
0.6919912,0.5727723618949889,0.5402484271656719,0.5560351984056102
0.69200367,0.572945205479452,0.5397644781416358,0.5558601212720312
0.6922836,0.5730433293372152,0.5397644781416358,0.5559062967265314
0.69232327,0.5729470255443169,0.5391192127762542,0.555518617020777
0.6929209,0.573045267489712,0.5391192127762542,0.5555647909561956
0.6929606,0.5731435431315384,0.5391192127762542,0.555610972568079
0.6930868,0.5731937532177793,0.5387965800935635,0.5554631631460163
0.6931448,0.5732921386886372,0.5387965800935635,0.5555093555088559
0.693196,0.5733905579399141,0.5387965800935635,0.555555555555056
0.69348407,0.5735647988999656,0.5383126310695273,0.5553798785049511
0.69380605,0.5731014293094541,0.536860783997419,0.5543894719302019
0.6939154,0.5727100224253925,0.5355702532666559,0.5535178392792603
0.6939323,0.5727618389215348,0.5346023552185837,0.5530246141004601
0.6940507,0.5726879861711323,0.5344410388772383,0.552903871828606
0.6941052,0.5733079453003289,0.5342797225358928,0.5531062124243502
0.694187,0.5733841621902617,0.5337957735118567,0.552882205513285
0.69418985,0.5736851241103975,0.5331505081464752,0.5526755852837816
0.69438696,0.5738359972202919,0.5328278754637845,0.5525721455452974
0.69466674,0.5739357080799304,0.5328278754637845,0.5526183704194437
0.69483256,0.57453470168725,0.5328278754637845,0.55289588215551
0.69486445,0.5745384883315918,0.532182610098403,0.5525500376847867
0.69489497,0.5746385647099809,0.532182610098403,0.5525963149073734
0.6951104,0.574716652136007,0.5316986610743668,0.5523713759002884
0.69548696,0.5745460893854749,0.5308920793676399,0.5518571308790178
0.6955088,0.5746464117338921,0.5308920793676399,0.5519034043261819
0.69562936,0.5745721271393643,0.5307307630262945,0.5517819706493958
0.6956741,0.5750262329485835,0.5304081303436038,0.5518167323985945
0.69571054,0.574951897848522,0.5302468140022585,0.5516951997309544
0.69585973,0.5750043759845965,0.5299241813195676,0.5515446608457062
0.69586766,0.5751050420168067,0.5299241813195676,0.551590966333142
0.6959173,0.5752057433023989,0.5299241813195676,0.5516372795964781
0.69625604,0.5750832311196776,0.5294402322955315,0.5513186628585635
0.69642407,0.5751840168243953,0.5294402322955315,0.5513649727000468
0.6964377,0.575284837861525,0.5294402322955315,0.5514112903220815
0.69645894,0.5753856942496494,0.5294402322955315,0.5514576157266283
0.69663787,0.5753112396984044,0.5292789159541862,0.5513359099306049
0.6971739,0.5754121360925991,0.5292789159541862,0.5513822367863255
0.69717664,0.575219683655536,0.5279883852234232,0.5505929851117896
0.69724375,0.575480007045975,0.5270204871753509,0.5501852475576013
0.6977102,0.5759661196400212,0.5265365381513147,0.5501432664751457
0.69775957,0.5763250883392226,0.526213905468624,0.5501307024196038
0.6978868,0.5764269305531012,0.526213905468624,0.5501770956311421
0.6978954,0.5768890461865157,0.5258912727859332,0.550210970463636
0.6979385,0.5769911504424778,0.5258912727859332,0.5502574056877447
0.6984372,0.5772501771793055,0.5255686401032424,0.5501984294514981
0.6985227,0.5773524720893142,0.5255686401032424,0.5502448910651994
0.6988715,0.5771073646850045,0.5246007420551702,0.5496028392761616
0.6992148,0.5778251599147122,0.5246007420551702,0.5499281305482455
0.6992481,0.5778528261642375,0.5244394257138248,0.5498520084561608
0.6995963,0.5774572649572649,0.5231488949830618,0.5489631823947614
0.69975287,0.5773820124666073,0.5229875786417164,0.5488403588957259
0.6998705,0.5774848592803705,0.5229875786417164,0.5488868196050206
0.6998917,0.5772386728505173,0.5220196805936441,0.5482422702239824
0.6999354,0.5773416592328279,0.5220196805936441,0.5482887156890981
0.69995755,0.5774522065392175,0.5213744152282627,0.5479823669035366
0.70025015,0.5775553967119371,0.5213744152282627,0.5480288257731342
0.7002657,0.5775353246288678,0.5208904662042265,0.5477523324846582
0.70027786,0.5773361976369495,0.520245200838845,0.5473058973266121
0.70032513,0.5774673114812825,0.5200838844974996,0.5472755050071401
0.7005678,0.577626389386877,0.5197612518148088,0.547168209220865
0.7005706,0.5782764811490125,0.5195999354734635,0.5473702098728978
0.70066947,0.5784366576819407,0.5192773027907727,0.5472628357696475
0.70078266,0.5787578757875788,0.5186320374253912,0.5470478135097959
0.70085216,0.5787195671776375,0.5176641393773189,0.5464918256125805
0.70091486,0.5790424570912376,0.5170188740119374,0.5462757797847411
0.700915,0.5792043399638336,0.5166962413292466,0.5461676187223253
0.7009192,0.5789283128167995,0.5158896596225198,0.5455941311945882
0.7010258,0.5789951024850354,0.5149217615744475,0.5450819672126165
0.7010481,0.5789760348583878,0.5144378125504113,0.5448022550605762
0.7011609,0.5790143662484089,0.5136312308436844,0.5443665583855507
0.7014335,0.579119679883594,0.5136312308436844,0.5444130973748971
0.70176274,0.5790431144260506,0.5134699145023391,0.5442886456903362
0.7018821,0.5792827234662298,0.5133085981609937,0.5443037974678562
0.70189923,0.5791104629967189,0.5125020164542669,0.5437740693191425
0.7022851,0.5792160437556974,0.5125020164542669,0.543820609379851
0.70258,0.5792838874680307,0.5115341184061946,0.5433050629653204
0.7025835,0.5793999268203439,0.510888853040813,0.5429918559789275
0.7025921,0.5795059469350412,0.510888853040813,0.5430384087786514
0.7028988,0.5797765158453929,0.5105662203581223,0.5429747812655853
0.70293874,0.5798642948835503,0.5100822713340861,0.5427394438717986
0.703126,0.5803784677567518,0.50959832231005,0.5426902594051025
0.70354754,0.5804851157662624,0.50959832231005,0.5427368782745643
0.703619,0.5805918029773939,0.50959832231005,0.5427835051541412
0.7037958,0.5806985294117647,0.50959832231005,0.5428301400458977
0.70397216,0.5810189442707375,0.50959832231005,0.5429700928149025
0.7040068,0.5822271386430679,0.5094370059687047,0.5434053170432948
0.7041184,0.5823345011985985,0.5094370059687047,0.5434520736529181
0.70413744,0.582257469568425,0.5092756896273593,0.5433267360807345
0.70452577,0.5822246858832225,0.508307791579287,0.542761174747586
0.7050127,0.5821474773609314,0.5081464752379417,0.5426356589142309
0.7051844,0.5822550831792976,0.5081464752379417,0.5426824015844796
0.70520633,0.5823627287853578,0.5081464752379417,0.5427291523082549
0.7052348,0.5830709390627894,0.5078238425552508,0.5428522158987954
0.7053556,0.583178955168581,0.5078238425552508,0.5428990256095738
0.70535773,0.5836424332344213,0.5076625262139055,0.5430075058229862
0.70543224,0.5835652012613616,0.5075012098725601,0.5428817946500633
0.7055994,0.5836734693877551,0.5075012098725601,0.5429286392263555
0.7056144,0.5837817776953053,0.5075012098725601,0.5429754918876626
0.7056726,0.583906337112061,0.5068559445071785,0.542659758203302
0.70567536,0.5840148698884758,0.5068559445071785,0.5427066240603022
0.7057067,0.5841234430191485,0.5068559445071785,0.5427534980129763
0.7062522,0.5839225902493487,0.5062106791417971,0.5422967251355951
0.7062883,0.5839851024208567,0.5058880464591063,0.542138473506288
0.70630026,0.5837061894108874,0.5050814647523794,0.5415549597850254
0.7063672,0.5838150289017341,0.5050814647523794,0.541601798996216
0.70639694,0.5838161091384788,0.5039522503629618,0.5409523809518836
0.70646906,0.5838788105479709,0.503629617680271,0.5407933483452502
0.70651287,0.5839880284324729,0.503629617680271,0.5408401905581861
0.7069024,0.5841602696124322,0.5033069849975803,0.5407279029457767
0.7070932,0.5840674789128397,0.5026617196321987,0.5403155886937979
0.70718396,0.5843034171986481,0.5020164542668172,0.5400433839474421
0.70771277,0.5840541556976306,0.501048556218745,0.5393765737600308
0.707761,0.5842273668360625,0.5007259235360542,0.5392633773448817
0.707999,0.5841490963855421,0.5005646071947089,0.5391364781508364
0.70808417,0.5842590849180945,0.5005646071947089,0.5391833188526741
0.7081649,0.5840557859027516,0.4999193418293273,0.538722294654001
0.70825106,0.5843396226415094,0.49959670914663656,0.5386555352634391
0.708448,0.5845775845775846,0.49895144378125506,0.5383812010438895
0.70845145,0.5846736045411542,0.4984674947572189,0.5381400208981447
0.7086891,0.5848806366047745,0.49798354573318276,0.5379454561291538
0.70876783,0.5849450132726584,0.49766091305049204,0.5377843632872221
0.70879626,0.5850559453821355,0.49766091305049204,0.5378312412826274
0.708825,0.5850740600075959,0.49701564768511053,0.5374618403832799
0.70884085,0.5854261796042618,0.49637038231972896,0.5372326494975391
0.70887667,0.5855375832540438,0.49637038231972896,0.5372795529940905
0.70898205,0.5860163840731568,0.4962090659783836,0.5373864430463238
0.70917326,0.5861280487804879,0.4962090659783836,0.5374333886602879
0.709373,0.5860687022900763,0.49540248427165673,0.536935046769326
0.709522,0.5858837031369548,0.4941119535408937,0.5360987135726198
0.70970833,0.5862068965517241,0.49362800451685757,0.5359488571673817
0.70971155,0.5863192182410424,0.49362800451685757,0.5359957961109068
0.71020496,0.587060856210405,0.4933053718341668,0.5361150070121264
0.7102078,0.5870359684554722,0.49233747378609455,0.5355325495696037
0.71031827,0.5868309587986138,0.49169220842071304,0.5350653910290835
0.7103994,0.5868182694160725,0.4912082593966769,0.5347734457318537
0.71063536,0.5864066422089207,0.4899177286659139,0.5338372297411107
0.7106651,0.5865198918501352,0.4899177286659139,0.5338841522364733
0.71100175,0.5866331852424184,0.4899177286659139,0.5339310829812199
0.7112752,0.5864603481624758,0.48911114695918695,0.5333802445240885
0.71148604,0.5863803443606114,0.4889498306178416,0.5332512315265977
0.71156615,0.5864938080495357,0.4889498306178416,0.5332981437489542
0.71168715,0.5868089233753637,0.4879819325697693,0.5328518583754068
0.7116977,0.5869100796271121,0.4874979835457332,0.5326048642927719
0.71219313,0.5868298368298368,0.4873366672043878,0.5324755441962082
0.7126733,0.5870114719035582,0.48701403452169706,0.5323576088868257
0.71270484,0.586482275029217,0.48572350379093404,0.531368569663318
0.7127364,0.5862270776433867,0.48475560574286175,0.5306843267103213
0.7132436,0.5863618601016022,0.48411034037748024,0.5303525669342046
0.7133198,0.5864632237871674,0.4836263913534441,0.5301034391295549
0.71342564,0.5865779690862845,0.4836263913534441,0.5301503094601588
0.71349627,0.5865177346658829,0.4828198096467172,0.529640771544364
0.713535,0.58642338630567,0.4821745442813357,0.5292138810193348
0.7136038,0.5865384615384616,0.4821745442813357,0.5292607348379289
0.7136801,0.5866535819430815,0.4821745442813357,0.5293075969536397
0.71382684,0.5867687475461327,0.4821745442813357,0.5293544673686715
0.71383613,0.5867557476910984,0.48169059525729957,0.5290574060944729
0.7140396,0.5865800865800865,0.4808840135505727,0.5284992465202033
0.71438205,0.5866955323755166,0.4808840135505727,0.5285460992902851
0.71454364,0.5868110236220473,0.4808840135505727,0.5285929603683319
0.71456796,0.5867507886435331,0.48007743184384577,0.5280809156236732
0.71498615,0.586969397828233,0.4795934828198096,0.5278764204540505
0.7152168,0.5870253164556962,0.47878690111308275,0.5274100399817352
0.71538085,0.58729216152019,0.4786255847717374,0.5274197849075134
0.71555936,0.587943684314892,0.4783029520890466,0.5274862124172246
0.71559054,0.5880602935343118,0.4783029520890466,0.5275331376207133
0.71576375,0.588176949018052,0.4783029520890466,0.5275800711738825
0.7158323,0.5884455032757594,0.47814163574770124,0.5275898896399468
0.7159009,0.5881534486185649,0.47733505404097437,0.5269813000885526
0.7159497,0.5882703777335984,0.47733505404097437,0.5270282304741691
0.71606636,0.588457711442786,0.4770124213582836,0.5269066286523921
0.7160713,0.5883757961783439,0.4768511050169382,0.5267753720034258
0.7160818,0.5881180223285486,0.47588320696886593,0.5260811413280833
0.7161424,0.5883057273997206,0.4755605742861752,0.5259589652091399
0.71621317,0.5884231536926148,0.4755605742861752,0.5260058881251188
0.71626586,0.5885406268716311,0.4755605742861752,0.5260528194142094
0.7163801,0.588882223555289,0.47507662526213906,0.5258928571423628
0.71664417,0.588988988988989,0.4745926762381029,0.5256387350361325
0.7167048,0.5888955702545601,0.4739474108727214,0.5252055774038676
0.7167953,0.588813151563753,0.47378609453137605,0.5250737463121903
0.7168152,0.5889312211750551,0.47378609453137605,0.5251206865720072
0.7168611,0.5891099055656017,0.4729795128246491,0.5246957766637865
0.71704584,0.5892282958199357,0.4729795128246491,0.5247427293059936
0.7172134,0.5893360160965795,0.472495563800613,0.524487420538498
0.7176813,0.5892533708995774,0.4723342474592676,0.5243553008591049
0.717708,0.5892785167271262,0.4716889820938861,0.5239673864344133
0.7179801,0.589397298931667,0.4716889820938861,0.5240143369170689
0.7182154,0.5893866020984665,0.47120503306984995,0.5237113402056918
0.7185604,0.5898989898989899,0.4710437167285046,0.5238137949586954
0.71859485,0.5900181854920186,0.4710437167285046,0.5238607822025919
0.71861094,0.5901374292643492,0.4710437167285046,0.5239077778769621
0.7187655,0.5902567212451991,0.4710437167285046,0.5239547819840747
0.7191647,0.5899251466720615,0.4703984513631231,0.5234248788363399
0.7192265,0.5899149453219927,0.46991450233908694,0.523121127771797
0.7192328,0.5894160583941606,0.4689466042910147,0.5223250381811613
0.7193601,0.5894886363636364,0.4686239716083239,0.5221533207508321
0.71941,0.589681088767012,0.4683013389256332,0.5220284121555935
0.7194313,0.5898008939455506,0.4683013389256332,0.5220753529353936
0.71993834,0.5898636271117443,0.46749475721890627,0.5215982721377356
0.71995854,0.5894822666123114,0.46652685917083403,0.5208464655555626
0.7199731,0.5895552835577316,0.46620422648814325,0.5206738131694915
0.7200225,0.5895446191545844,0.4657202774641071,0.5203677000716049
0.72029936,0.5895232248823409,0.46475237941603487,0.5197546454983342
0.72032064,0.5891869752201515,0.46410711405065336,0.5192203573357279
0.72051656,0.5888752052545156,0.4628165833198903,0.5182910306200473
0.72056913,0.5887428101889893,0.4623326342958542,0.517936206740268
0.7207022,0.5888637764536676,0.4623326342958542,0.5179830110242678
0.7208609,0.5888042807161967,0.46152605258912727,0.5174534273823975
0.7209238,0.588792748248867,0.4610421035650911,0.5171446666058584
0.72095424,0.5886480908152735,0.4600742055170189,0.5164795363993625
0.72096485,0.5886730053741215,0.4594289401516374,0.516082268731953
0.721046,0.5889049886151936,0.45894499112760123,0.5158658204890816
0.72128636,0.588540585426614,0.45733182771414743,0.514705882352449
0.7213609,0.5884551495016611,0.45717051137280207,0.5145710394911102
0.72171736,0.5882352941176471,0.45652524600742056,0.5140781108078639
0.7221043,0.5883575883575883,0.45652524600742056,0.5141248069756184
0.72297364,0.5879533138807836,0.4550733989353121,0.51304901336679
0.7231141,0.5880758807588076,0.4550733989353121,0.5130956711526546
0.723204,0.5881370091896407,0.45426681722858525,0.5126058068621641
0.72339135,0.588321473419841,0.4534602355218584,0.512161792839082
0.7238598,0.5889634913973982,0.45281497015647687,0.511992704057876
0.72393066,0.589087093389297,0.45281497015647687,0.5120394016777281
0.7241224,0.5889892834629123,0.45216970479109536,0.511589706150266
0.7241389,0.5889029003783102,0.45200838844974994,0.5114538651085714
0.72415334,0.5890526315789474,0.45136312308436843,0.5110969038263423
0.7242672,0.589489235964542,0.45055654137764156,0.5107433482668582
0.72449094,0.5896136795440152,0.45055654137764156,0.5107900512065315
0.7245908,0.5898900169204738,0.44991127601226005,0.5104786309137582
0.7247408,0.5900805426027977,0.4491046943055331,0.5100302280841478
0.7248387,0.5902056391774433,0.4491046943055331,0.5100769512637086
0.7248594,0.5899830220713073,0.4484594289401516,0.5095774906053199
0.7249932,0.5898470688190315,0.4479754799161155,0.5092142660671723
0.72537965,0.5895363675031902,0.4471688982093886,0.5085771947522842
0.72550285,0.589661774090619,0.4471688982093886,0.5086238532105186
0.72564304,0.5897872340425532,0.4471688982093886,0.5086705202307232
0.7257381,0.5899127473930623,0.4471688982093886,0.5087171958152553
0.72574085,0.5898637137989778,0.4468462655266979,0.5084901330880822
0.7259137,0.5899786780383796,0.4463623165026617,0.5082193038841637
0.726005,0.5905494975411588,0.44555573479593485,0.5079073188667405
0.7262423,0.5906757912745937,0.44555573479593485,0.5079540229880155
0.72632587,0.5904904690511887,0.4447491530892079,0.5073610599921488
0.72638255,0.5906169665809768,0.4447491530892079,0.5074077482280919
0.7266255,0.5910748766359151,0.4444265204065172,0.5073664825041141
0.72718096,0.5913286112899764,0.4444265204065172,0.5074599373728753
0.7271816,0.5914555603263203,0.4444265204065172,0.5075066777189537
0.727405,0.5913192952299098,0.44394257138248105,0.5071408827047528
0.7274875,0.5913885898815932,0.4431359896757541,0.5066396163772307
0.72757435,0.5909385113268608,0.4418454589449911,0.5056304227427261
0.7277489,0.59066349686622,0.4408775608969189,0.5048956216510899
0.72816736,0.5911650064963188,0.44039361187288273,0.5047610243130911
0.72820836,0.5914118412491868,0.4399096628488466,0.504532839962508
0.7282311,0.5915401301518438,0.4399096628488466,0.5045795170686199
0.7282925,0.5917082700238767,0.4397483465075012,0.5045345178599587
0.7288405,0.5916992611907866,0.4392643974834651,0.5042125729094267
0.72937274,0.5916412712233348,0.4384578157767382,0.5036597794862153
0.7297966,0.591374428229144,0.43797386675270206,0.5032437442071108
0.7298,0.5915032679738562,0.43797386675270206,0.5032903883580244
0.72981495,0.5916321638701242,0.43797386675270206,0.5033370411563519
0.72985625,0.5916230366492147,0.4374899177286659,0.5030140035235768
0.72996646,0.5914754098360656,0.4365220196805936,0.5023204009647981
0.7299759,0.5913272010512484,0.4355541216325214,0.5016256386432644
0.730012,0.590919061197631,0.4345862235844491,0.5008365867256689
0.7300465,0.5905096660808435,0.43361832553637686,0.5000465073011581
0.7300622,0.5911091549295775,0.4332956928536861,0.5000465419337945
0.7301702,0.5915399867812293,0.4331343765123407,0.5000931272112833
0.7302379,0.5915306572562858,0.43265042748830457,0.49976707351111177
0.7303436,0.5912908930150309,0.4315212130988869,0.4989275389345117
0.730544,0.590999778319663,0.43006936602677853,0.497852474322575
0.73064935,0.591696269982238,0.4299080496854331,0.4979912174151903
0.7308139,0.5916370106761566,0.42910146797870624,0.4974287050018502
0.73087096,0.5912132024977699,0.42764962090659786,0.4963025367401288
0.7310544,0.5913450814186928,0.42764962090659786,0.49634899831443524
0.73121357,0.591731843575419,0.4271656718825617,0.49615889076211367
0.7314789,0.5911837100022377,0.4261977738344894,0.49531308586378014
0.7317748,0.5911738351254481,0.4257138248104533,0.494982650285549
0.7319444,0.5915208613728129,0.42539119212776255,0.4948859904283394
0.7319518,0.5911031228937318,0.42442329407969026,0.49408450704176704
0.7320254,0.5909601978862155,0.4239393450556541,0.4937065564526415
0.732144,0.5910931174089069,0.4239393450556541,0.49375293565005374
0.7322843,0.5910319963947724,0.42313276334892724,0.4931841684680669
0.7324242,0.591165201712869,0.42313276334892724,0.4932305377956776
0.7325598,0.5912984670874661,0.42313276334892724,0.49327691584342526
0.73265916,0.591597018296815,0.42248749798354573,0.49294184076744163
0.7329299,0.591268943677901,0.42168091627681886,0.49227871939687745
0.7330467,0.5917119565217391,0.42151959993547344,0.49232218558594837
0.73306257,0.5917025617773748,0.42103565091143735,0.4919886899146886
0.73312813,0.5915588835942818,0.4205517018874012,0.49160852347679124
0.73317367,0.5919109293342422,0.4202290692047104,0.4915094339617785
0.7333962,0.5917671139413236,0.4197451201806743,0.49112872782133393
0.7335164,0.5916647688453656,0.41909985481529277,0.49065155807316896
0.7335276,0.5911476157882729,0.4179706404258751,0.48969948969900434
0.7336455,0.5909506398537477,0.41716405871914825,0.489078014183912
0.73410183,0.5913560484793048,0.41716405871914825,0.4892167990914558
0.7344379,0.5914913083257091,0.41716405871914825,0.48926307823241627
0.73453546,0.5918881759853346,0.4166801096951121,0.48906560636134405
0.7351048,0.5920238368095347,0.4166801096951121,0.48911191062250314
0.73530054,0.5918695452457511,0.41571221164703986,0.48839192646592294
0.7354129,0.5917757868136917,0.41555089530569445,0.48824867323681614
0.73567355,0.5924050632911393,0.4152282626230037,0.4882397572074062
0.73568434,0.5923112338858195,0.41506694628165836,0.4880963672574117
0.7364533,0.5924389119409866,0.4145829972576222,0.4878048780482961
0.7365909,0.5923787528868361,0.4137764155508953,0.48722575743137053
0.7368053,0.5923183711244794,0.4129698338441684,0.4866457561063498
0.7368132,0.5926354793886058,0.41280851750282305,0.48664067699866026
0.73702115,0.592205984690327,0.41184061945475076,0.4858230256893353
0.7373856,0.5929800092980009,0.41151798677206003,0.48585848966716705
0.7373925,0.5928338762214984,0.4110340377480239,0.48547203962988694
0.737552,0.5930151338766007,0.4108727214066785,0.48542024013673774
0.737805,0.5934219734079776,0.4103887723826424,0.48521838641950515
0.73786134,0.5937427037123512,0.41022745604129696,0.48521274565874195
0.7379702,0.5938813638486689,0.41022745604129696,0.48525904016743965
0.7379814,0.5940200887643075,0.41022745604129696,0.48530534351096705
0.73819345,0.5943793911007026,0.4094208743345701,0.4848600630427875
0.7382344,0.5942843757320215,0.4092595579932247,0.48471532288832087
0.7384135,0.5946516537649542,0.40893692531053394,0.48461097304482387
0.7384691,0.5947911778507743,0.40893692531053394,0.48465729853694184
0.7385731,0.5949248120300752,0.40845297628649785,0.48436154949736515
0.73859674,0.5950588235294118,0.4079690272624617,0.4840654608091642
0.73871076,0.5954738330975955,0.40748507823842556,0.48386169907048776
0.7387677,0.5953784484791322,0.4073237618970802,0.48371647509530297
0.7389726,0.5952830188679246,0.4071624455557348,0.48357122329676827
0.73911685,0.5956038761522099,0.40651718019035327,0.4832214765095849
0.7393003,0.5955082742316785,0.4063558638490079,0.4830760379705601
0.7393534,0.5957345971563981,0.40554928214228103,0.4825799021014472
0.7393557,0.5958757999525954,0.40554928214228103,0.4826262238428661
0.7393712,0.5958709065021357,0.4050653331182449,0.48228176318015764
0.73940206,0.5956738768718802,0.404258751411518,0.48164520468912053
0.7395971,0.595764929812039,0.40393611872882723,0.48144587579263515
0.7397942,0.5960943081686115,0.40377480238748187,0.48143873821840677
0.74005574,0.5958969465648855,0.40296822068075494,0.48080069290684235
0.7401576,0.5967471896675437,0.40248427165671885,0.48073217726348816
0.74019283,0.5966930265995687,0.4016776899499919,0.48013883532539653
0.74047977,0.5968360498561841,0.4016776899499919,0.48018513161652804
0.74052525,0.5964491362763915,0.4010324245846104,0.4795987267285633
0.74059916,0.5961076405574243,0.40022584287788354,0.478911301997396
0.740844,0.5958112662493982,0.39925794482981125,0.47812228339563656
0.7408479,0.5956112852664577,0.3984513631230844,0.47747921902136387
0.74125886,0.5968561064087061,0.3981287304403936,0.47764660344445903
0.7413676,0.5971885603490062,0.3974834650750121,0.47728813559274047
0.74150926,0.5976202039825158,0.39699951605097594,0.47707666957400907
0.74173546,0.5976648017513987,0.39635425068559443,0.4766246362749812
0.7417429,0.5980511571254568,0.3960316180029037,0.47651397515480015
0.7421797,0.598196881091618,0.3960316180029037,0.4765602251766536
0.7422842,0.5979482169027845,0.39490240361348605,0.4756630719901942
0.74239373,0.5985812133072407,0.3947410872721407,0.4757460872941648
0.7424574,0.5987276731098605,0.3947410872721407,0.4757923391012127
0.7427489,0.5991178632688067,0.3944184545894499,0.4756809338516613
0.7429515,0.5988700564971752,0.39328924020003225,0.47478091528676586
0.74313545,0.5990647304947083,0.39264397483465074,0.4743714675497068
0.7432087,0.5983727810650887,0.3915147604452331,0.47333008288591866
0.7438011,0.5985203452527743,0.3915147604452331,0.47337624341672485
0.7438312,0.5982209043736101,0.39054686239716085,0.4725746632827546
0.74394333,0.5980683506686478,0.38957896434908856,0.4718179154044261
0.74403226,0.5979151154132539,0.3886110663010163,0.4710598357445362
0.7441099,0.5980635551142006,0.3886110663010163,0.4711058961567534
0.7441337,0.5984584783689707,0.38828843361832555,0.470991096761092
0.7443417,0.5979561316051845,0.38699790288756253,0.4698854176863313
0.7443855,0.597704017968555,0.386352637522181,0.46933176562758505
0.7443911,0.5982008995502249,0.3861913211808356,0.46936574845555695
0.7445196,0.59819864898674,0.3857073721567995,0.4690074539030149
0.7446417,0.5974905897114178,0.3840942087433457,0.46759622937894235
0.7446424,0.5971313537996981,0.3828036780125827,0.46652904747814383
0.7446889,0.5967701236437043,0.3815131472818197,0.4654595552051924
0.74492586,0.5977215189873418,0.3808678819164381,0.4652675140403168
0.7453065,0.5978205778003041,0.3805452492337474,0.4650566781661092
0.7455931,0.5979171958343916,0.3797386675270205,0.46448303078089825
0.7455983,0.5980617189492476,0.3782868204549121,0.4634387351773909
0.74586415,0.5978038815117467,0.37764155508953057,0.46287691547159665
0.74588346,0.5979539641943734,0.3771576060654944,0.4625581165293506
0.74609494,0.5981069327193655,0.3771576060654944,0.46260387811586917
0.7461277,0.5979513444302177,0.3766736570414583,0.46219319081504434
0.7461748,0.5975359342915811,0.3755444426520407,0.46121842496237897
0.7462558,0.5970686551812805,0.3745765446039684,0.4603489294206206
0.74625623,0.596753414068539,0.3736086465558961,0.45952380952333594
0.7465768,0.5971612903225807,0.37328601387320537,0.4594004367674441
0.746613,0.5973154362416108,0.37328601387320537,0.459446043879205
0.7468532,0.5971539456662355,0.3723181158251331,0.4586645468993679
0.7469089,0.5969414204250907,0.3715115341184062,0.457989460077085
0.7474043,0.5969374513366208,0.37102758509437006,0.45762037405444167
0.74804664,0.5966735966735967,0.37038231972898855,0.45705185627503253
0.7481832,0.5971896955503513,0.3702210033876432,0.457080262895365
0.74826187,0.596294363256785,0.3686078399741894,0.4555876781971153
0.74826825,0.5966013071895425,0.36812389095015324,0.45530726256936044
0.74849564,0.5967573221757322,0.36812389095015324,0.45535268881525187
0.74864936,0.5971712938711368,0.3678012582674625,0.4552261156030024
0.74885327,0.5971128608923885,0.3669946765607356,0.4545908682181317
0.74894273,0.5972660357518401,0.36651072753669944,0.4542637208832635
0.7489568,0.5969952556668424,0.36538151314728184,0.45331732212501685
0.7489862,0.5973065751254291,0.3648975641232457,0.4530342479466552
0.7489934,0.5971965088600899,0.3642522987578642,0.45250501001956944
0.74899554,0.5973544973544973,0.3642522987578642,0.4525503557465982
0.74935365,0.5972479491929081,0.36409098241651877,0.4523952695926342
0.74950874,0.5971375563212298,0.36344571705113726,0.45186522262287493
0.7496188,0.5972369819341127,0.3626391353444104,0.45126969788169385
0.74976134,0.5973368841544607,0.3618325536376835,0.45067309624224666
0.7498593,0.5981856990394877,0.3616712372963381,0.45078918266767154
0.7499144,0.5984483681112894,0.3608646555896112,0.4502364898858143
0.7499432,0.5986085094995987,0.3608646555896112,0.4502818035422038
0.75039536,0.5990351112302332,0.36054202290692045,0.45015105740134354
0.7506244,0.5987107171635777,0.3595741248588482,0.44930457568991616
0.7507375,0.5988715744223536,0.3595741248588482,0.4493498639245388
0.7507421,0.5989232839838493,0.3589288594934667,0.4488601976997534
0.7508627,0.5984889368591473,0.35779964510404905,0.4478546188788855
0.7509781,0.5978907517577069,0.3566704307146314,0.4468020612302079
0.7510824,0.5978319783197832,0.3558638490079045,0.44615229042323534
0.75172436,0.5977759696229997,0.35554121632521374,0.44588306696291485
0.75194806,0.5976106434971491,0.3550572673011776,0.4454563853466282
0.752331,0.5976073953235455,0.35457331827714145,0.44507441530782454
0.75288403,0.5978763953171794,0.3542506855944507,0.444894651539241
0.7531065,0.5980392156862745,0.3542506855944507,0.4449397224187406
0.7532994,0.597707423580786,0.35328278754637843,0.44408395011613044
0.7533215,0.5979183785264311,0.3521535731569608,0.4432487309640004
0.7534181,0.5980821917808219,0.3521535731569608,0.4432937354041431
0.7535975,0.5976347634763476,0.35054040974350703,0.44189120488006267
0.7536307,0.5978500551267916,0.3498951443781255,0.4414368576366564
0.7538,0.5977931034482759,0.34957251169543474,0.44116449511354083
0.75387794,0.597678916827853,0.34892724633005323,0.44061927072677026
0.75393283,0.5982291090204759,0.34876592998870787,0.4406399673897314
0.754055,0.5985037406483791,0.3484432973060171,0.44045676998322164
0.7542817,0.5983902303635859,0.3477980319406356,0.43991022240312616
0.75430775,0.5978865406006674,0.34683013389256334,0.43899948953501267
0.7544486,0.5973808860406798,0.34586223584449105,0.4380874540248727
0.75458336,0.5973229224762967,0.34553960316180027,0.4378129790491014
0.75464064,0.5973191845853114,0.3450556541377642,0.4374233128829714
0.7547932,0.5982092893116956,0.34489433779641876,0.43753197585137277
0.75514036,0.5981491867638811,0.3440877560896919,0.43686635944654095
0.7551778,0.5986509274873525,0.34360380706565574,0.43660961361027767
0.75534266,0.5991549295774647,0.3431198580416196,0.4363524464042964
0.7557841,0.598645215918713,0.34215195999354736,0.4354342024220377
0.7562852,0.5983583356920464,0.3410227456041297,0.43444307439329016
0.7563444,0.597958605046782,0.34021616389740283,0.4336829117823878
0.7563793,0.5981281905842314,0.34021616389740283,0.43372750642627306
0.7565124,0.5979528006823998,0.33924826584933054,0.4328941951415719
0.75675595,0.5981228668941979,0.33924826584933054,0.4329387545028835
0.7569726,0.598005698005698,0.33860300048394903,0.43238232567674506
0.7569905,0.5983419096626644,0.33763510243587674,0.4316799009998482
0.7571397,0.5985130111524164,0.33763510243587674,0.43172442244178305
0.75723594,0.5987955262403212,0.33682852072914987,0.4311377245504374
0.7576969,0.5981039931054295,0.3358606226810776,0.43016528925573777
0.7579004,0.5982758620689655,0.3358606226810776,0.4302097324099125
0.7580514,0.5989058450906997,0.33553798999838685,0.4301075268812602
0.7581253,0.5997113997113998,0.33521535731569607,0.4300496688737122
0.75848114,0.5998263888888888,0.3344087756089692,0.42941481097830786
0.75888854,0.5993617638526255,0.33327956121955155,0.42836408874098797
0.7589624,0.6006399069226295,0.3331182448782062,0.4285566047520574
0.7591833,0.6009321293329449,0.3327956121955154,0.4283637873749565
0.75938094,0.6007005253940455,0.33198903048878853,0.4276363636359051
0.7594011,0.6007604562737643,0.331343765123407,0.42711582449527896
0.7594258,0.6009967751392553,0.3306984997580255,0.4266389177935067
0.75974923,0.6005283240387438,0.330053234392644,0.4259837601494486
0.75984126,0.6007046388725779,0.330053234392644,0.4260281103587303
0.76038146,0.6021188934667452,0.330053234392644,0.4263832447635314
0.7607773,0.6025376217173207,0.32940796902726244,0.4259491030450165
0.7610113,0.6024203069657615,0.3292466526859171,0.42578491707474897
0.76122814,0.6023633677991137,0.32892402000322635,0.42550083472408406
0.76128507,0.6027194797516997,0.32892402000322635,0.4255896472548135
0.76130134,0.6028976936723832,0.32892402000322635,0.4256340674246555
0.7615073,0.6027802425317953,0.32876270366188093,0.42546972860079585
0.7615598,0.6023131672597865,0.3276334892724633,0.42440706300236464
0.7618293,0.6030897207367796,0.3274721729311179,0.4244641923675523
0.7618421,0.6035767511177347,0.32666559122439104,0.42390621729073125
0.76189935,0.6037567084078712,0.32666559122439104,0.4239505914367892
0.762202,0.6031746031746031,0.3248911114695919,0.4223107569716565
0.7622726,0.6042105263157894,0.324084529762865,0.4218815623682981
0.7624163,0.6039156626506024,0.32343926439748344,0.4212627376820754
0.76265043,0.6038647342995169,0.32263268269075657,0.4205656608133406
0.7627758,0.603750756200847,0.32198741732537506,0.41998947922100877
0.7628995,0.6039334341906203,0.32198741732537506,0.4200336700332164
0.7629656,0.6043689320388349,0.32134215195999355,0.4195892575034961
0.7630324,0.6043121773458852,0.32101951927730277,0.41930046354779804
0.76306236,0.604629911666159,0.3202129375705759,0.41868804049733255
0.7631821,0.605006105006105,0.31972898854653975,0.4183641160945344
0.76319313,0.6044023234484867,0.3189224068398129,0.41752903907029754
0.7632413,0.604658289917254,0.31827714147443137,0.41703656732146743
0.76333576,0.6047940995697603,0.31747055976770444,0.4163757537285234
0.7635564,0.6043143297380585,0.31634134537828684,0.41529013129984543
0.7636186,0.6045006165228114,0.31634134537828684,0.41533410992224307
0.7639727,0.6046870181930312,0.31634134537828684,0.41537809786017177
0.76398593,0.6048237476808905,0.3155347636715599,0.414714300858237
0.7640458,0.6047737135771853,0.31472818196483304,0.4140053050393375
0.7640696,0.6046511627906976,0.3145668656234877,0.4138370118840999
0.7644454,0.6043478260869565,0.31392160025810617,0.4132073468516575
0.7646025,0.6038557213930348,0.3132763348927246,0.412533191714898
0.7653119,0.6037325038880249,0.31311501855137924,0.4123645634157389
0.76541626,0.6028081123244929,0.31166317147927086,0.410888983410865
0.76541686,0.6025641025641025,0.31085658977254393,0.4101308928376908
0.76561666,0.6027612174458739,0.3098886917244717,0.4093330492217974
0.76568294,0.6029504080351538,0.3098886917244717,0.4093766648903347
0.7658094,0.6036489462094998,0.3095660590417809,0.4092557048406693
0.76590574,0.604416403785489,0.30908211001774477,0.40900843206273935
0.7659791,0.6050552922590837,0.3089207936763994,0.40901324220373875
0.76612025,0.6051964512040557,0.30811421196967254,0.4083377872790826
0.7663498,0.6054637865311309,0.307468946604291,0.40783138975027544
0.7663514,0.6053469127943985,0.3068236812389095,0.4072369125356846
0.76637745,0.6059349074664965,0.3063397322148734,0.40694310511045073
0.76644933,0.60646813960935,0.3055331505081465,0.40635056854707646
0.76652086,0.6071887034659821,0.3052105178254557,0.40622651637099866
0.7668119,0.6064308681672026,0.3042426197773834,0.40519926952367147
0.7669332,0.6060606060606061,0.3032747217293112,0.4042576067085115
0.76697576,0.6052971576227391,0.3023068236812389,0.4032275416886359
0.76706594,0.6056976367756556,0.30182287465720276,0.40288544358267403
0.767113,0.6055105348460291,0.30133892563316667,0.4024127531232099
0.7672869,0.6055880441845354,0.3006936602677851,0.40185404764426935
0.76779217,0.6061889250814332,0.300209711243749,0.4015535656484943
0.76795053,0.6064663618549967,0.2995644458783675,0.40103660511779515
0.76817566,0.6064769381746811,0.29908049685433136,0.40060501296412115
0.7682721,0.6060308095706326,0.29827391514760443,0.39978378378334173
0.7685514,0.6060506412364354,0.2973060170995322,0.39891774891730736
0.7688232,0.6063899868247694,0.2969833844168414,0.3987005955599268
0.7689165,0.6077329808327826,0.2966607517341507,0.3986991869914291
0.76936156,0.6080901856763926,0.29585417002742376,0.3980466630489357
0.7693777,0.6087101063829787,0.29537022100338767,0.39774084935331266
0.7695958,0.6089125374127037,0.29537022100338767,0.3977840538774659
0.7696085,0.608869623207736,0.29456363929666074,0.39704283539856033
0.7696829,0.6090301003344482,0.29375705758993387,0.39634345412949895
0.76971984,0.6098052384150436,0.292950475883207,0.39577203879219536
0.7697593,0.6104553119730185,0.2919825778351347,0.3950240069834121
0.76998657,0.6106612685560054,0.2919825778351347,0.3950671177557557
0.7704531,0.6099458728010826,0.29085336344571705,0.3938831239755322
0.7705275,0.6102442333785617,0.29020809808033554,0.3933530119160385
0.7706647,0.6106014271151886,0.28988546539764476,0.39313060599387545
0.77069366,0.6105621805792164,0.2890788836909179,0.39238011823910846
0.7707097,0.6108643662453024,0.2884336183255364,0.39184746877011
0.77103657,0.6105982905982906,0.2881109856428456,0.3914949583511646
0.7713206,0.6111682082905104,0.28778835296015487,0.39131388462338573
0.7714653,0.6111111111111112,0.2874657202774641,0.39100383982403003
0.7720351,0.6111301958090003,0.286981771253428,0.39055982436839065
0.7721745,0.6109965635738832,0.2868204549120826,0.3903831375558282
0.77224886,0.6110154905335629,0.28633650588804643,0.38993848857601543
0.7730425,0.6110535405872194,0.2853686078399742,0.3890477237734829
0.77313447,0.6109380408445829,0.2847233424745927,0.3884242957742142
0.77325314,0.6111495844875346,0.2847233424745927,0.3884670408271223
0.7733921,0.611323376172282,0.28391676076786576,0.3877506058598885
0.7734684,0.6117688022284122,0.28343281174382967,0.38738838055297925
0.7736336,0.6124869201255668,0.28327149540248425,0.38738142510435464
0.7737942,0.6117523609653726,0.2821422810130666,0.38617796423008244
0.77381676,0.6117151876534549,0.2813356993063397,0.38541436464045237
0.77384424,0.6119298245614035,0.2813356993063397,0.3854569565693552
0.7739728,0.6121446121446121,0.2813356993063397,0.38549955791291957
0.77450764,0.6123595505617978,0.2813356993063397,0.38554216867426744
0.7748907,0.6132441000352237,0.2808517502823036,0.38526222615579836
0.7750461,0.6126412429378532,0.27988385223423135,0.38423208946917425
0.77525157,0.611956137247966,0.2790772705275044,0.38333702636783923
0.77537477,0.6125487415809997,0.2787546378448137,0.383148558757885
0.77537805,0.6124333925399644,0.2781093724794322,0.38251608608787757
0.7754557,0.6131100819380121,0.27762542345539604,0.38218965134311966
0.77582777,0.6141479099678456,0.27730279077270525,0.3820849077568508
0.7759602,0.6136770497672753,0.2764962090659784,0.3812277580066892
0.77643704,0.6148600143575018,0.276334892724633,0.38130217028337854
0.77645665,0.61508078994614,0.276334892724633,0.3813446126442739
0.7765057,0.6156340057636888,0.2756896273592515,0.38083565459567303
0.7766525,0.615606936416185,0.2748830456525246,0.38006022080920854
0.7770242,0.6158580738595221,0.2743990966284885,0.37964512889143837
0.77706784,0.6158868335146899,0.27391514760445235,0.37918713711435725
0.7773347,0.616448326055313,0.27326988223907084,0.37867441600493934
0.77739865,0.616672733891518,0.27326988223907084,0.3787167449135025
0.77747184,0.61729295877417,0.27294724955638006,0.3785234899324607
0.7777217,0.6180021953896817,0.2724633005323439,0.37819077474207413
0.77772695,0.6175824175824176,0.27197935150830777,0.37764587299767155
0.7777526,0.617474302496329,0.27133408614292626,0.3770032500275933
0.7782208,0.6184694628403238,0.2711727698015809,0.37703263429362127
0.7788723,0.6180273365349095,0.2698822390708179,0.3757017740844635
0.7789561,0.6192592592592593,0.2697209227294725,0.3757725587140397
0.7789946,0.6196136701337296,0.269075657364091,0.375210887413817
0.7790821,0.6192780052102717,0.2684303919987095,0.3745217195584347
0.77968514,0.6186567164179104,0.2674624939506372,0.3734654803464645
0.7797132,0.6190119760479041,0.2668172285852557,0.37290046217971656
0.7798074,0.6193330835518921,0.26665591224391033,0.3728010825435576
0.7798978,0.6195652173913043,0.26665591224391033,0.3728431261978425
0.7800184,0.6203007518796992,0.2661719632198742,0.37250253978962383
0.78008294,0.620534035351636,0.2661719632198742,0.3725445924583742
0.7803476,0.6202865761689291,0.26536538151314726,0.37170941136552765
0.7803876,0.6206505295007564,0.26472011614776575,0.3711410154920607
0.7804352,0.6209769026883756,0.2645587998064204,0.37104072398148147
0.7806403,0.6207811907470611,0.26407485078238424,0.3705296514255658
0.78114015,0.6211487257512363,0.26342958541700273,0.3699592206611132
0.781456,0.6211890243902439,0.2629456363929666,0.3694888359964085
0.78158486,0.621177370030581,0.2621390546862397,0.3686897334085446
0.7816476,0.6216009191880506,0.26181642200354893,0.36844494892126284
0.78172076,0.6217357910906298,0.2611711566381674,0.367829149153281
0.7817311,0.6213928434013082,0.2605258912727859,0.3671288929297951
0.7817451,0.6205167759352102,0.2595579932247137,0.3660145586893021
0.7820572,0.6203955021326095,0.25810614615260524,0.3645477329683706
0.7821721,0.6201008925106714,0.2577835134699145,0.36417502278901087
0.78255546,0.6196032672112018,0.2569769317631876,0.36328392246252744
0.78258467,0.6195864221615295,0.2561703500564607,0.36247432093088033
0.782999,0.6205007824726134,0.25584771737377,0.36230725299787325
0.7833528,0.6200941915227629,0.2548798193256977,0.3612667200178791
0.7834561,0.6210567823343849,0.2540732376189708,0.36061820263267325
0.78352094,0.6213975523095144,0.2539119212776254,0.3605130554278978
0.78361005,0.6213322759714512,0.25278270688820775,0.3593624584332547
0.7850299,0.6213746523639253,0.25229875786417166,0.3588802202841235
0.7850848,0.6218152866242038,0.2519761251814809,0.3586270233034583
0.7851239,0.6221069433359936,0.25149217615744474,0.3581849511770742
0.78557426,0.6215458550260312,0.2503629617680271,0.35694572217070375
0.78563863,0.6209807073954984,0.24923374737860945,0.35570392540537
0.7858038,0.6206618240516546,0.2481045329891918,0.35450040336481037
0.78589237,0.6196840826245443,0.24681400225842878,0.3530226119054532
0.78609335,0.6188541243396993,0.24568478786901113,0.3517321016162213
0.7860944,0.6189894050529747,0.24503952250362962,0.3510921067833681
0.78653866,0.6193785772690106,0.2443942571382481,0.35049161364910264
0.78675663,0.61998361998362,0.24423294079690272,0.3504224048138522
0.7868036,0.6198686371100164,0.2435876754315212,0.3497394325415753
0.78686816,0.6206329634196466,0.2435876754315212,0.3498609823906981
0.7871164,0.6207181180354931,0.24261977738344895,0.3488749710040032
0.78741837,0.6214315266859743,0.2422971447007582,0.3486536675947681
0.78756887,0.6213189547905433,0.24165187933537668,0.34796747967439356
0.7879413,0.6215767634854772,0.24165187933537668,0.34800789871024856
0.78801507,0.6215205650186955,0.24132924665268593,0.3476644201715702
0.7884561,0.6215653621981682,0.24084529762864978,0.34716893384449915
0.78850883,0.6214972814721874,0.23971608323923213,0.3459837019786437
0.78890914,0.6215423302598492,0.239232134215196,0.34548631333681473
0.7892499,0.6213266162888329,0.23874818519115987,0.34494814124187834
0.78969234,0.6208930075821398,0.2377802871430876,0.343870290446351
0.790112,0.6206751054852321,0.23729633811905146,0.34333061033919604
0.79015934,0.6199746085484553,0.2363284400709792,0.3422097640734149
0.7906264,0.6202209005947323,0.2355218583642523,0.3414006781242357
0.7907084,0.6200594985125372,0.23536054202290693,0.3412067352662055
0.79079044,0.6197783461210571,0.23455396031618003,0.3403159742535513
0.79173356,0.6196162046908316,0.23439264397483464,0.3401217228460437
0.79186165,0.6195977749251177,0.23358606226810777,0.3392689784438385
0.7923512,0.6204379562043796,0.23310211324407162,0.33888367729791447
0.792779,0.6205857019810508,0.23245684787869011,0.3382232132374864
0.7929247,0.6206301251618472,0.23197289885465397,0.3377172381395757
0.79316056,0.6209433145824318,0.23148894983061785,0.3372502937716373
0.79333764,0.6216919739696313,0.2311663171479271,0.3370178739412794
0.7934666,0.6213507625272331,0.23003710275850944,0.3357664233572699
0.7935747,0.6207951070336392,0.22923052105178254,0.33482563619187755
0.79369944,0.6205083260297984,0.22842393934505564,0.33392288645167595
0.79379755,0.6204925241864556,0.22761735763832877,0.3330579487780801
0.7938389,0.6210851345390384,0.22713340861429263,0.33262461611111266
0.7941339,0.6218487394957983,0.22681077593160187,0.33238770685540037
0.79432297,0.621561668145519,0.22600419422487497,0.3314799479470832
0.79437727,0.62144128113879,0.22535892885949346,0.33076832011325924
0.79443717,0.6221527467619473,0.22471366349411195,0.33017302678320815
0.7946513,0.6224215246636772,0.22390708178738505,0.3293391861426883
0.7947011,0.622751798561151,0.22342313276334894,0.3288614507891163
0.79500484,0.6224627875507442,0.22261655105662204,0.3279467680604485
0.7950594,0.6225645672859085,0.22164865300854977,0.3269093504635671
0.79545796,0.623069936421435,0.22132602032585902,0.32662778240646956
0.79554796,0.6227272727272727,0.22100338764316826,0.32622931301306735
0.7957847,0.6226071103008204,0.22035812227778673,0.32550935303190265
0.7959109,0.6216834400731931,0.2192289078883691,0.3241502683359294
0.79626626,0.6214351425942962,0.21793837715760606,0.3227039292961639
0.7963753,0.6221198156682027,0.2177770608162607,0.3226191898669835
0.7963905,0.6233826247689463,0.2176157444749153,0.3226115030487614
0.79642755,0.6236658932714617,0.21680916276818843,0.32176203016480753
0.7966244,0.6232558139534884,0.2161638974028069,0.3209965265297409
0.79663736,0.6228971962616823,0.21503468301338927,0.3197026022301018
0.7968257,0.6231884057971014,0.21503468301338927,0.319740945070379
0.7968782,0.6223579145138562,0.21374415228262622,0.31820365033583464
0.7971136,0.6237016052880076,0.2130988869172447,0.31766261873233653
0.797378,0.6243486499289437,0.2126149378932086,0.31720818291177505
0.7973924,0.624228028503563,0.21196967252782706,0.3164739884389279
0.7974201,0.6242857142857143,0.21148572350379094,0.31594167972007026
0.7979726,0.6242221158449018,0.21035650911437329,0.3146718146714376
0.7980325,0.6230769230769231,0.20906597838361027,0.3130812900104947
0.7980651,0.6245173745173745,0.2087433457009195,0.3129004957075196
0.79809886,0.6248789932236205,0.20825939667688337,0.31240169388952216
0.7981097,0.6242100145843461,0.20713018228746571,0.31104651162753283
0.7982969,0.6240858117991224,0.2064849169220842,0.3103030303026567
0.7983686,0.623960880195599,0.2058396515567027,0.30955846676333393
0.79858845,0.6237769080234834,0.2056783352153573,0.30935339075541984
0.7986885,0.625492125984252,0.2050330698499758,0.3088324626408625
0.79871804,0.6263573543928924,0.20471043716728504,0.3085714285710573
0.79880625,0.6273538156590683,0.20422648814324892,0.30814165753887734
0.7989535,0.6284153005464481,0.20406517180190353,0.3080857282022602
0.7990038,0.6281732205077153,0.2035812227778674,0.30750487329397724
0.7994923,0.628,0.20261332472979512,0.3063788266858124
0.7995088,0.6283851554663992,0.202129375705759,0.305870865372511
0.80000305,0.6285858077503774,0.20148411034037747,0.3051551429265808
0.8004514,0.6295362903225806,0.20148411034037747,0.3052670169860679
0.80057955,0.6297979797979798,0.20116147765768672,0.30492725272001453
0.80061126,0.6306990881458967,0.20083884497499596,0.3046616909331954
0.80073476,0.6310187531677648,0.20083884497499596,0.30469897209948693
0.80077034,0.6317927882173692,0.2006775286336506,0.30460333006819434
0.80097294,0.6326009197751661,0.1997096305855783,0.3035801863655009
0.8015684,0.6326321190354027,0.19890304887885144,0.30265095728976854
0.8016511,0.6329568788501027,0.19890304887885144,0.3026881060509434
0.80168754,0.635142118863049,0.19825778351346993,0.3021883452172426
0.8016935,0.6376887038001041,0.1976125181480884,0.30172413793067326
0.8017056,0.6382645060115003,0.19696725278270688,0.3010355029582195
0.80188227,0.6383202099737533,0.19616067107598,0.30009871668275984
0.80208665,0.6386554621848739,0.19616067107598,0.3001357521901872
0.80211735,0.6406332453825857,0.19583803839328923,0.2999752903381637
0.80225694,0.6408898305084746,0.19519277302790772,0.29924570297973363
0.80242074,0.6412294647588765,0.19519277302790772,0.29928271085791575
0.8027378,0.6407663650878127,0.19422487497983545,0.29809358752130677
0.8033373,0.6399572649572649,0.1932569769317632,0.29686532028213664
0.80391645,0.6400642742367434,0.19277302790772705,0.29630547979136257
0.8040067,0.6404312668463612,0.1916438135183094,0.29500869133314434
0.80466527,0.64,0.19099854815292788,0.29419803702287867
0.80479234,0.6411509229098805,0.19051459912889177,0.2937445591340828
0.80498725,0.6414168937329701,0.18986933376351026,0.29300472989758136
0.8053136,0.6401535929786067,0.18825617035005646,0.2909498878081753
0.8058183,0.6397139713971397,0.18761090498467495,0.29013346638358345
0.8062094,0.6413945766463752,0.18696563961929344,0.2895328503618788
0.8067311,0.6421404682274248,0.18583642522987578,0.28825222069275835
0.8067547,0.6424986056887897,0.18583642522987578,0.28828828828794023
0.80690604,0.6426174496644296,0.18535247620583964,0.2877175410037842
0.8070601,0.642577030812325,0.18502984352314888,0.28732464929825
0.80783755,0.6434195725534309,0.18454589449911277,0.2868246207844098
0.807922,0.6433013001695873,0.1835779964510405,0.2856425702807791
0.8081752,0.6436651583710408,0.1835779964510405,0.2856784234965795
0.8082883,0.6431818181818182,0.1826100984029682,0.28445784646277905
0.808537,0.64314171883893,0.18228746572027746,0.2840623428855282
0.8085993,0.6422438465941614,0.18099693498951444,0.28240624213406423
0.8088319,0.6425287356321839,0.18035166962413293,0.2816475626649808
0.80942667,0.6439699942296595,0.18002903694144218,0.28139183055941647
0.8094809,0.6437644341801386,0.1798677206000968,0.2811751355437262
0.80957055,0.6453859547301218,0.17938377157606067,0.28073718757855387
0.8096522,0.6459302325581395,0.17922245523471528,0.2805909837097244
0.8097805,0.6448215330602691,0.17777060816260687,0.2787051087502934
0.8097883,0.6452563347083088,0.17664139377318921,0.27735562309996653
0.8101349,0.6459443457667259,0.1759961284078077,0.2766227180524018
0.81047964,0.6453143534994069,0.1755121793837716,0.27596702599839557
0.8109556,0.6455469216975493,0.17422164865300854,0.2743902439021043
0.810992,0.645933014354067,0.17422164865300854,0.27442510481480964
0.8119742,0.6484045755568935,0.17373769962897243,0.27404580152638425
0.81207293,0.6473429951690821,0.17293111792224553,0.27294716740896074
0.8130742,0.6477341389728096,0.17293111792224553,0.27298192004041094
0.81348836,0.6481257557436517,0.17293111792224553,0.27301668152265235
0.81360924,0.6484517304189436,0.17228585255686402,0.2722406321689265
0.81371534,0.6474908200734394,0.17067268914341022,0.27013915485732337
0.81397015,0.6488314883148831,0.1701887401193741,0.26964856229999024
0.8141378,0.6483652066625539,0.1695434747539926,0.26879795396386574
0.8142725,0.6481137909709338,0.16905952572995644,0.2681678607980342
0.8145531,0.6470223325062034,0.16825294402322954,0.2670592753805455
0.81483287,0.6474239602731223,0.16825294402322954,0.26709346991004385
0.8150093,0.6467289719626168,0.16744636231650267,0.26601742696020636
0.8156572,0.6468378209142142,0.16663978060977577,0.2650076962541637
0.8156762,0.6468005018820577,0.16631714792708502,0.26459643269568384
0.8157805,0.6472065285624607,0.16631714792708502,0.2646303901434119
0.8158461,0.6471329552614997,0.1656718825617035,0.2638068327764543
0.81590325,0.6475409836065574,0.1656718825617035,0.2638407193317244
0.81713766,0.6479495268138801,0.1656718825617035,0.26387461459371475
0.81761175,0.6482539682539683,0.16470398451363122,0.2626704399276419
0.8176253,0.6473214285714286,0.16373608646555896,0.26136217329696115
0.8177167,0.6459667093469911,0.1627681884174867,0.2600180389121898
0.8179793,0.6463805253042921,0.1627681884174867,0.2600515463914312
0.818826,0.646074646074646,0.1619616067107598,0.25899651747678515
0.81920046,0.6476683937823834,0.16131634134537828,0.2582978173831238
0.8195435,0.6480156148340924,0.16067107597999677,0.2574974146842731
0.81994903,0.6490541422048272,0.16050975963865138,0.2573719606825584
0.82077944,0.6487196323046619,0.15938054524923376,0.25589225589193926
0.8208125,0.6486486486486487,0.15873527988385222,0.25505443234805114
0.82102156,0.6488095238095238,0.1582513308598161,0.25444170665251836
0.82132053,0.6492042440318302,0.15792869817712535,0.25405475541683853
0.82154286,0.6500332667997338,0.1576060654944346,0.25370033757434185
0.8219521,0.6495327102803738,0.15696080012905309,0.2528257762761579
0.8220063,0.6487935656836461,0.15615421842232619,0.251722792874476
0.82203555,0.6472972972972973,0.15454105500887239,0.24951165516312157
0.82204515,0.6471787899388172,0.15357315696080012,0.24823989569721283
0.822501,0.6476190476190476,0.15357315696080012,0.24827226496252755
0.82254183,0.6479835953520164,0.1529278915954186,0.24745497259170357
0.82256156,0.6483516483516484,0.1522826262300371,0.24663618549936536
0.8227268,0.6487972508591066,0.1522826262300371,0.24666840867489462
0.8231743,0.6507607192254495,0.15179867720600096,0.2461739699146704
0.8232365,0.6504178272980501,0.15066946281658333,0.2446627373932768
0.8233032,0.6522043386983905,0.15034683013389255,0.2443628736231879
0.82365894,0.6535211267605634,0.14970156476851104,0.2436015225092124
0.8239153,0.6537102473498233,0.14921761574447492,0.24297346992352195
0.823948,0.6524822695035462,0.14841103403774802,0.2418188986723226
0.8240971,0.6531339031339032,0.14792708501371188,0.24122057082700388
0.8246467,0.6540385989992852,0.14760445233102112,0.24085285601444023
0.8247933,0.6547020818377602,0.147120503306985,0.24025289778684475
0.8251605,0.6539017341040463,0.14599128891756735,0.2386918106287402
0.82516384,0.6538181818181819,0.1450233908694951,0.23739107472904006
0.8251995,0.653566229985444,0.1448620745281497,0.23715832563023248
0.8255397,0.6532553035844916,0.1440554928214228,0.23605604017945545
0.8256442,0.6539027982326951,0.14324891111469593,0.2350138944022459
0.82583654,0.653817642698295,0.14228101306662366,0.23370429252752842
0.8259431,0.655688622754491,0.14131311501855137,0.23251493032485757
0.82601935,0.6566491359879789,0.14099048233586062,0.23213811420953634
0.82610416,0.6563209689629069,0.13986126794644296,0.2305851063826891
0.82613176,0.6557998483699773,0.1395386352637522,0.23011439212527598
0.826296,0.6554878048780488,0.13873205355702534,0.22899747037649243
0.8263193,0.6550925925925926,0.13695757380222617,0.2265510340223958
0.8265395,0.6553059643687065,0.13647362477819003,0.22590120160185087
0.8267038,0.6544461778471139,0.13534441038877237,0.22430156396175316
0.8267808,0.653635652853792,0.13486046136473626,0.22358919497163407
0.82690066,0.654874213836478,0.1343765123407001,0.22299558292034388
0.8279478,0.6561264822134387,0.13389256331666397,0.22240085744880742
0.8279556,0.6563492063492063,0.13340861429262785,0.2217455422976144
0.82811177,0.65814696485623,0.1329246652685917,0.22117836531981167
0.82853454,0.6578313253012048,0.13211808356186483,0.22004298764077465
0.82891095,0.6566801619433198,0.13082755283110178,0.21818670971185639
0.8292214,0.6549755301794453,0.12953702210033877,0.2162962962960206
0.8295256,0.6548890714872637,0.1285691240522665,0.21494066882388962
0.8296024,0.6550868486352357,0.1277625423455396,0.2138228941681934
0.83049047,0.6544546211490425,0.12679464429746734,0.21243243243216053
0.8305293,0.6541038525963149,0.12598806259074044,0.2112809414308126
0.8307594,0.6556962025316456,0.12534279722535893,0.21045503791955722
0.83081436,0.6556122448979592,0.12437489917728665,0.20908474576244382
0.83122325,0.6564102564102564,0.12389095015325052,0.20844076536816825
0.8312612,0.6580534022394487,0.12324568478786901,0.2076086956519082
0.83170426,0.6568457538994801,0.12227778673979674,0.20617435060493056
0.831729,0.6570931244560487,0.1217938377157606,0.20549809471938776
0.83184856,0.6567425569176882,0.12098725600903372,0.20433183489961468
0.83202505,0.6552028218694885,0.11985804161961607,0.20264557479859302
0.83218586,0.6539485359361136,0.1188901435715438,0.20120120120094087
0.8323051,0.6532976827094474,0.11824487820616228,0.20024586805055322
0.8325743,0.6531531531531531,0.11695434747539926,0.19838555205884761
0.8337158,0.6545454545454545,0.11614776576867236,0.19728729962983033
0.83443123,0.6538461538461539,0.1151798677206001,0.19585790700838612
0.8345256,0.6538108356290174,0.11485723503790934,0.19538968166824197
0.83486956,0.6558741905642923,0.1143732860138732,0.1947802197799669
0.83493096,0.6570363466915191,0.11372802064849169,0.19389438943869233
0.8352871,0.6579439252336449,0.11356670430714631,0.19369927087607305
0.8354699,0.6606974552309143,0.11308275528311018,0.19311294765815265
0.8355149,0.6603415559772297,0.11227617357638328,0.19192058458544028
0.83603036,0.6606118546845124,0.1114695918696564,0.19075224292590892
0.83608127,0.6621751684311838,0.11098564284562026,0.19010776457560383
0.8362568,0.6588921282798834,0.10937247943216648,0.1876037631430873
0.83666366,0.6591796875,0.10888853040813035,0.1869029489129506
0.8369305,0.6598240469208211,0.10888853040813035,0.18692882857909773
0.836964,0.6601178781925344,0.10840458138409421,0.18622696411226983
0.83737445,0.6613861386138614,0.10775931601871269,0.18532390067946497
0.8375617,0.6620416253716551,0.10775931601871269,0.18534961154248955
0.83771026,0.6616766467065869,0.1069527343119858,0.1841410915148278
0.8389724,0.6626506024096386,0.10646878528794967,0.1834607366224161
0.8391795,0.6619576185671039,0.10582351992256815,0.18247566063953982
0.83954006,0.6612576064908722,0.10517825455718664,0.18148921363929
0.83978623,0.6615541922290389,0.10437167285045976,0.18029817472457998
0.83978635,0.6625386996904025,0.10356509114373286,0.17912946428548046
0.8400346,0.6625129802699896,0.10291982577835135,0.17816252443428274
0.84098613,0.6656151419558359,0.10211324407162446,0.17706293706270643
0.841349,0.6649048625792812,0.10146797870624294,0.17606717984581646
0.8419994,0.6656017039403621,0.10082271334086143,0.17511908097483458
0.8425953,0.6652360515021459,0.10001613163413454,0.17388865516735097
0.8426284,0.664876476906552,0.09985481529278915,0.17363253856919791
0.8428076,0.6641386782231853,0.09888691724471689,0.1721426565569213
0.84326524,0.6622950819672131,0.09775770285529924,0.17036828788282332
0.84336156,0.6630196936542669,0.09775770285529924,0.17039223956114255
0.843515,0.6618942731277533,0.09695112114857235,0.16912902771892727
0.84367204,0.6626240352811467,0.09695112114857235,0.16915282859533037
0.844404,0.6603563474387528,0.09566059041780932,0.16711286459045108
0.8444344,0.6633109619686801,0.09566059041780932,0.16720710559684723
0.8444371,0.6640360766629086,0.09501532505242781,0.16624329664104542
0.844879,0.6643990929705216,0.09453137602839168,0.16551334557244113
0.84542066,0.6632302405498282,0.09340216163897402,0.16374434389118628
0.8472359,0.6616628175519631,0.09243426359090176,0.1622080679403369
0.84741855,0.661610268378063,0.09146636554282948,0.1607142857140723
0.8479506,0.6600234466588512,0.09082110017744797,0.15967101531459169
0.84818697,0.6583333333333333,0.08920793676399419,0.15712459156109113
0.84839654,0.6626506024096386,0.08872398773995806,0.15649452269149752
0.8490645,0.6601705237515225,0.08743345700919503,0.15441595441574787
0.8490923,0.6584766584766585,0.08646555896112276,0.15285897618687597
0.85004175,0.6604708798017348,0.08598160993708663,0.15215529546082956
0.85009146,0.6612702366127023,0.08565897725439588,0.1516709511566093
0.8508853,0.6624843161856964,0.08517502823035973,0.1509433962262132
0.851003,0.6649746192893401,0.08452976286497822,0.14999284385266948
0.85231483,0.6670934699103713,0.08404581384094209,0.14928366762157777
0.85287774,0.6675257731958762,0.08356186481690596,0.14853046594962305
0.85307246,0.66796875,0.08275528311017906,0.14726568106769533
0.85362685,0.6688396349413298,0.08275528311017906,0.1472868217052304
0.8540106,0.668856767411301,0.08211001774479755,0.1462643678158972
0.8541958,0.6688741721854304,0.08146475237941604,0.14524014955401984
0.85476935,0.6689008042895442,0.08049685433134376,0.14370050395949147
0.85551405,0.668918918918919,0.07985158896596226,0.14267185473392102
0.85559577,0.6689280868385346,0.0795289562832715,0.14215686274490813
0.8557698,0.6680384087791496,0.07856105823519922,0.1405889145494653
0.85577613,0.6671270718232044,0.07791579286981772,0.13953488372074296
0.855867,0.6689750692520776,0.07791579286981772,0.13957520589491498
0.8562701,0.6722454672245467,0.07775447652847234,0.13938692886042722
0.85744977,0.672752808988764,0.07727052750443619,0.13861959195466977
0.85837483,0.673728813559322,0.07694789482174544,0.13812074706800767
0.85870665,0.6733238231098431,0.07614131311501855,0.136811594202716
0.8589167,0.6724137931034483,0.07549604774963704,0.1357505438721898
0.85892105,0.6715328467153284,0.07420551701887401,0.1336432306796581
0.859097,0.6740412979351033,0.07372156799483788,0.13290679075160358
0.8598126,0.6766917293233082,0.07259235360542023,0.13111888111870612
0.85988736,0.6742770167427702,0.07146313921600259,0.12922987164510094
0.8599739,0.674884437596302,0.07065655750927569,0.12792056074749197
0.8602252,0.6754658385093167,0.07017260848523955,0.12713722051714646
0.8605541,0.6786271450858035,0.07017260848523955,0.1271929824559705
0.860892,0.6781789638932496,0.06968865946120342,0.12638970157970228
0.86177397,0.678343949044586,0.06872076141313115,0.12479859381849415
0.8627739,0.6790322580645162,0.06791417970640426,0.12347851591125866
0.86303073,0.6807817589576547,0.06743023068236813,0.12270659034182926
0.86341465,0.6814449917898193,0.06694628165833198,0.12191539365436117
0.86395365,0.6825657894736842,0.06694628165833198,0.12193330395165163
0.8642932,0.6799336650082919,0.0661396999516051,0.12055277859436944
0.8645713,0.6789915966386555,0.06517180190353283,0.11892846629362884
0.86472285,0.6843003412969283,0.06468785287949669,0.11820191599099915
0.864873,0.6815834767641996,0.0638812711727698,0.11681415929187872
0.8651517,0.6834782608695652,0.06339732214873367,0.11603188662517679
0.8663384,0.6837455830388692,0.0624294241006614,0.1144124168512879
0.8667409,0.6810035842293907,0.061300209711243746,0.1124759508656173
0.86698323,0.677536231884058,0.06033231166317148,0.11079840023685178
0.86730975,0.680073126142596,0.06000967898048072,0.11028757782374662
0.867334,0.6814814814814815,0.05936441361509921,0.109215017064699
0.86848885,0.6810506566604128,0.05855783190837232,0.10784313725475615
0.86868566,0.6876190476190476,0.05823519922568156,0.10737656157034978
0.8702876,0.687984496124031,0.057267301177609295,0.10573343261340988
0.87028956,0.691089108910891,0.056299403129537025,0.10411694510725926
0.87077063,0.6875,0.05500887239877399,0.1018670649737239
0.87082696,0.6871165644171779,0.05420229069204711,0.100478468899386
0.8712179,0.6854166666666667,0.05307307630262945,0.09851774217683919
0.87178373,0.684322033898305,0.05210517825455719,0.09683705591352464
0.8725107,0.6875,0.051459912889175674,0.09575266396505126
0.8727499,0.6849015317286652,0.050492014841103404,0.09405048076910288
0.8728791,0.6873614190687362,0.05000806581706727,0.09323308270664048
0.87316394,0.6868008948545862,0.049524116793031134,0.09238639783315772
0.8731991,0.6863636363636364,0.04871753508630424,0.09097755686084927
0.87326,0.6857798165137615,0.04823358606226811,0.0901281085153256
0.8740016,0.6837209302325581,0.047427004355541216,0.08870116156270867
0.8744777,0.6807511737089202,0.0467817389901597,0.08754716981120042
0.87551975,0.6833333333333333,0.04629778996612357,0.0867200483455527
0.87608314,0.6853658536585366,0.0453298919180513,0.08503555757289014
0.87663865,0.6839506172839506,0.04468462655266978,0.08388855239237426
0.8766429,0.6831683168316832,0.044523310211324406,0.08359836437971248
0.87692606,0.6802030456852792,0.04323277948056138,0.08129834673126939
0.87779504,0.6812339331619537,0.04274883045652524,0.08044930176066604
0.87782794,0.680628272251309,0.04194224874979836,0.07901534721156062
0.8779376,0.679144385026738,0.04097435070172609,0.0772858664231393
0.87901473,0.6810810810810811,0.040651718019035325,0.07672400669802126
0.87907964,0.6876712328767123,0.04049040167768995,0.07647775746485536
0.87958854,0.6899441340782123,0.03984513631230844,0.07533933201148743
0.87962794,0.692090395480226,0.03952250362961768,0.07477491225382729
0.88014776,0.6867816091954023,0.03855460558154541,0.07301053917814893
0.88091666,0.6941176470588235,0.038070656557509276,0.07218229087006504
0.8817012,0.6909090909090909,0.03678012582674625,0.06984224230347272
0.8819555,0.6873065015479877,0.03581222777867398,0.0680772769088295
0.8831827,0.6964856230031949,0.035166962413292466,0.06695331695322544
0.88524574,0.7049180327868853,0.034683013389256334,0.06611316113152194
0.88690084,0.7072368421052632,0.034683013389256334,0.06612332769482093
0.88730013,0.711864406779661,0.03387643168252944,0.06467508469347658
0.8880527,0.7197231833910035,0.03355379899983869,0.06411837237969294
0.88909584,0.725,0.032747217293111794,0.06266399135660815
0.88928926,0.7326007326007326,0.032263268269075655,0.06180469715690313
0.89161336,0.7323420074349443,0.031779319245039524,0.06091527520090977
0.89266604,0.7320754716981132,0.031295370221003385,0.06002475247516889
0.8926826,0.7374517374517374,0.030811421196967254,0.059151440074249426
0.8931408,0.7540322580645161,0.03016615583158574,0.05801147820684397
0.8937057,0.7510204081632653,0.029682206807549606,0.057107386716252116
0.8938158,0.7510373443983402,0.02919825778351347,0.056211180124151564
0.89394325,0.7510548523206751,0.028714308759477336,0.05531385954001608
0.8939685,0.7521739130434782,0.027907727052750443,0.05381863431319901
0.8940533,0.75,0.027101145346023554,0.05231200373650438
0.8942018,0.7603686635944701,0.02661719632198742,0.05143391521190472
0.8943267,0.7548076923076923,0.02532666559122439,0.049008896519369044
0.89539284,0.7623762376237624,0.024842716567188255,0.048117481643432075
0.89660656,0.7688442211055276,0.02468140022584288,0.04782744607683876
0.8971034,0.7727272727272727,0.02468140022584288,0.047834922619918126
0.8973806,0.7864583333333334,0.02435876754315212,0.04725395086835042
0.8983345,0.7849462365591398,0.02355218583642523,0.04573218480808753
0.89886534,0.7821229050279329,0.02258428778835296,0.043900909375925376
0.899624,0.7696969696969697,0.020487175350863043,0.03991200502823359
0.9002257,0.7692307692307693,0.019357960961445396,0.03776553894566415
0.90032595,0.7837837837837838,0.01871269559606388,0.03655270206392168
0.90217394,0.7876712328767124,0.018551379254718503,0.03624901497237427
0.90343934,0.7777777777777778,0.01693821584126472,0.03315440479945307
0.9054233,0.765625,0.015809001451847073,0.030978346767780815
0.9061614,0.7622950819672131,0.01500241974512018,0.02942572377784539
0.9063269,0.7672413793103449,0.014357154379738668,0.028186856690383576
0.90843284,0.7735849056603774,0.013227939990321019,0.026011102299729034
0.90886295,0.7755102040816326,0.01226004194224875,0.024138478640591883
0.91078585,0.7752808988764045,0.011130827552831101,0.021946564885468273
0.91126174,0.7804878048780488,0.01032424584610421,0.020378920554026132
0.9120244,0.7567567567567568,0.009033715115341184,0.01785429618999741
0.9122393,0.7272727272727273,0.007743184384578158,0.015323224261750902
0.9174106,0.7096774193548387,0.0070979190191966446,0.014055262737562246
0.9191324,0.6730769230769231,0.00564607194708824,0.011198208286657635
0.92031604,0.7291666666666666,0.00564607194708824,0.011205378581703979
0.9208744,0.7368421052631579,0.004516857557670592,0.008978675645330201
0.92214954,0.8,0.003871592192289079,0.00770589179642644
0.9244675,0.8275862068965517,0.003871592192289079,0.007707129094403063
0.9279142,0.8214285714285714,0.0037102758509437008,0.007387184840203028
0.9281194,0.7727272727272727,0.002742377802871431,0.0054653592669918274
0.9304513,0.7333333333333333,0.0017744797547991611,0.003540392661726758
0.9355134,0.7777777777777778,0.001129214389417648,0.0022551546391723627
0.9409966,0.75,0.00048394902403613486,0.0009672738997246502
